# Phase 3 generated mesh
o mesh
v 46.804749 0.000311 -43.007428
v 46.804749 7.668954 -45.988878
v -103.095989 7.668954 -45.988878
v -103.095989 0.000311 -43.007428
v -105.481132 8.855426 -48.374039
v 46.804749 8.855426 -48.374039
v -103.095989 17.710560 -48.374039
v -103.095989 10.041899 -46.585169
v 46.804749 10.041899 -46.585169
v 46.804749 17.710560 -48.374039
v 82.234357 2.446498 -40.622267
v 82.234357 17.710560 -45.988861
v 82.234357 10.850721 -44.199991
v 82.234357 9.857715 -45.988861
v 82.234357 8.864709 -43.603700
v 109.315833 12.247465 -40.622250
v 109.315833 11.501550 -42.411120
v 109.315833 10.755635 -40.025960
v 109.315833 5.934502 -37.044509
v 109.315833 17.710560 -42.411120
v 139.378847 17.710542 -35.255638
v 131.836484 13.712310 -33.466768
v 133.054686 13.093711 -35.255638
v 129.502567 12.475111 -32.870478
v 121.960221 8.476879 -29.889027
v 121.960221 8.476879 29.889027
v 129.502567 12.475111 32.870478
v 133.054686 13.093711 35.255638
v 131.836484 13.712310 33.466768
v 139.378847 17.710542 35.255638
v 109.315833 17.710560 42.411120
v 109.315833 5.934502 37.044509
v 109.315833 10.755635 40.025960
v 109.315833 11.501550 42.411120
v 109.315833 12.247465 40.622250
v 82.234357 8.864709 43.603700
v 82.234357 9.857715 45.988861
v 82.234357 10.850721 44.199991
v 82.234357 17.710560 45.988861
v 82.234357 2.446498 40.622267
v 46.804749 17.710560 48.374039
v 46.804749 10.041899 46.585169
v -103.095989 10.041899 46.585169
v -103.095989 17.710560 48.374039
v 46.804749 8.855426 48.374039
v -105.481132 8.855426 48.374039
v -103.095989 0.000311 43.007428
v -103.095989 7.668954 45.988878
v 46.804749 7.668954 45.988878
v 46.804749 0.000311 43.007428
v 140.000000 17.710542 -35.746284
v 140.000000 17.710542 35.746284
v 109.428725 17.710560 43.022749
v 82.295970 17.710560 46.607271
v 46.825660 17.710560 48.995175
v -103.717124 17.710560 48.995175
v -103.717124 17.710560 -48.995175
v 46.825660 17.710560 -48.995175
v 82.295970 17.710560 -46.607271
v 109.428725 17.710560 -43.022749
v 46.825660 18.549765 -48.995175
v 82.295970 18.549765 -46.607271
v 109.428725 18.549765 -43.022749
v 140.000000 18.549765 -35.746284
v 140.000000 18.549765 35.746284
v 109.428725 18.549765 43.022749
v 82.295970 18.549765 46.607271
v 46.825660 18.549765 48.995175
v -103.717124 18.549765 48.995175
v -103.717124 18.549765 -48.995175
v 46.721240 18.549765 45.889497
v -100.611446 18.549765 45.889497
v -100.611446 18.549765 -45.889497
v 46.721240 18.549765 -45.889497
v 81.987990 18.549765 -43.515292
v 108.864337 18.549765 -39.964657
v 136.894288 18.549765 -33.293040
v 136.894288 18.549765 33.293040
v 108.864337 18.549765 39.964657
v 81.987990 18.549765 43.515292
v 81.987990 16.610891 -43.515292
v 108.864337 16.610891 -39.964657
v 108.864337 16.610891 39.964657
v 81.987990 16.610891 43.515292
v 46.721240 16.610891 45.889497
v -100.611446 16.610891 45.889497
v -100.611446 16.610891 -45.889497
v 46.721240 16.610891 -45.889497
v -100.611446 1.476163 -41.599451
v 46.721240 1.476163 -41.599451
v 46.721240 1.476163 41.599451
v -100.611446 1.476163 41.599451
v -100.611446 1.476163 -41.323391
v -100.335386 1.476163 -41.323391
v -100.335386 1.476163 -41.599451
v -100.335386 1.741768 -41.674729
v -100.611446 1.741768 -41.674729
v -100.611446 1.752223 -41.390767
v -100.611446 1.476163 41.323391
v -100.611446 1.752223 41.390767
v -100.611446 1.741768 41.674729
v -100.335386 1.741768 41.674729
v -100.335386 1.476163 41.599451
v -100.335386 1.476163 41.323391
v 46.445180 1.476163 41.599451
v 46.445180 1.741768 41.674729
v 46.721240 1.741768 41.674729
v 46.721240 1.752223 41.390767
v 46.721240 1.476163 41.323391
v 46.445180 1.476163 41.323391
v -100.611446 16.649263 45.613436
v -100.332712 16.610891 45.889497
v 46.721240 1.476163 -41.323391
v 46.721240 1.752223 -41.390767
v 46.721240 1.741768 -41.674729
v 46.445180 1.741768 -41.674729
v 46.445180 1.476163 -41.599451
v 46.445180 1.476163 -41.323391
v 46.721240 16.345304 45.814201
v 46.445180 16.610891 45.889497
v 46.721240 16.886951 45.889497
v 46.996679 16.610891 45.870949
v 46.997301 16.610891 45.594216
v 46.721240 16.610891 45.613436
v 46.721240 16.334831 45.524303
v 46.721240 16.345304 -45.814201
v 46.721240 16.334831 -45.524303
v 46.721240 16.610891 -45.613436
v 46.997301 16.610891 -45.594216
v 46.996679 16.610891 -45.870949
v 46.721240 16.886951 -45.889497
v 46.445180 16.610891 -45.889497
v -100.332712 16.610891 -45.889497
v -100.611446 16.649263 -45.613436
v 81.960626 16.610891 -43.240457
v 81.987990 16.887089 -43.515292
v -100.611446 18.273705 -45.889497
v -100.335386 18.273705 -45.889497
v -100.335386 18.549765 -45.889497
v -100.887489 18.549765 -46.165540
v -100.611446 18.549765 -45.613436
v -100.611446 18.273705 -45.613436
v -100.611446 18.273705 45.889497
v -100.611446 18.273705 45.613436
v -100.611446 18.549765 45.613436
v -100.887489 18.549765 46.165540
v -100.335386 18.549765 45.889497
v -100.335386 18.273705 45.889497
v 81.987990 16.887089 43.515292
v 81.960626 16.610891 43.240457
v 108.590640 16.610891 40.000804
v 108.590640 16.886951 40.000804
v 108.864337 16.886951 39.964657
v 108.864337 16.886951 39.688597
v 108.864337 16.610891 39.688597
v 108.588277 16.610891 39.722656
v 108.864337 16.610891 -39.688597
v 108.864337 16.886951 -39.688597
v 108.864337 16.886951 -39.964657
v 108.590640 16.886951 -40.000804
v 108.590640 16.610891 -40.000804
v 108.588277 16.610891 -39.722656
v 108.864337 18.273705 39.964657
v 108.590640 18.273705 40.000804
v 108.590640 18.549765 40.000804
v 108.914511 18.549765 40.236473
v 109.140414 18.549765 39.898937
v 108.864337 18.549765 39.688597
v 108.864337 18.273705 39.688597
v 108.864337 18.273705 -39.964657
v 108.864337 18.273705 -39.688597
v 108.864337 18.549765 -39.688597
v 109.140414 18.549765 -39.898937
v 108.914511 18.549765 -40.236473
v 108.590640 18.549765 -40.000804
v 108.590640 18.273705 -40.000804
v 46.721240 18.273550 45.889497
v 46.730523 18.549765 46.165540
v 82.015372 18.549765 43.790127
v 81.987990 18.273567 43.515292
v 82.015372 18.549765 -43.790127
v 81.987990 18.273567 -43.515292
v 46.730523 18.549765 -46.165540
v 46.721240 18.273550 -45.889497
v 46.816360 18.549765 -48.719114
v 46.825660 18.273550 -48.995175
v -103.441064 18.549765 -48.995175
v -103.441064 18.273705 -48.995175
v -103.717124 18.273705 -48.995175
v -103.717124 18.273705 -48.719114
v -103.717124 18.549765 -48.719114
v -103.441064 18.549765 -48.719114
v -103.717124 18.549765 48.719114
v -103.717124 18.273705 48.719114
v -103.717124 18.273705 48.995175
v -103.441064 18.273705 48.995175
v -103.441064 18.549765 48.995175
v -103.441064 18.549765 48.719114
v -103.717124 17.986620 -48.995175
v -103.441064 17.986620 -48.995175
v -103.441064 17.710560 -48.995175
v -103.510096 17.710560 -48.788147
v -103.717124 17.710560 -48.719114
v -103.717124 17.986620 -48.719114
v 46.825660 18.273550 48.995175
v 46.816360 18.549765 48.719114
v -103.717124 17.986620 48.995175
v -103.717124 17.986620 48.719114
v -103.717124 17.710560 48.719114
v -103.510096 17.710560 48.788147
v -103.441064 17.710560 48.995175
v -103.441064 17.986620 48.995175
v 82.295970 18.273567 46.607271
v 82.268588 18.549765 46.332418
v 109.428725 18.273343 43.022749
v 109.378585 18.549765 42.750916
v 139.731445 18.549765 35.810209
v 139.731445 18.273705 35.810209
v 140.000000 18.273705 35.746284
v 140.000000 18.273705 35.470223
v 140.000000 18.549765 35.470223
v 139.723940 18.549765 35.528231
v 140.000000 18.549765 -35.470223
v 140.000000 18.273705 -35.470223
v 140.000000 18.273705 -35.746284
v 139.731445 18.273705 -35.810209
v 139.731445 18.549765 -35.810209
v 139.723940 18.549765 -35.528231
v 140.000000 17.986603 35.746284
v 139.731445 17.986603 35.810209
v 139.731445 17.710542 35.810209
v 139.792972 17.710542 35.582752
v 140.000000 17.710542 35.470223
v 140.000000 17.986603 35.470223
v 109.428725 18.273343 -43.022749
v 109.378585 18.549765 -42.750916
v 140.000000 17.986603 -35.746284
v 140.000000 17.986603 -35.470223
v 140.000000 17.710542 -35.470223
v 139.792972 17.710542 -35.582752
v 139.731445 17.710542 -35.810209
v 139.731445 17.986603 -35.810209
v 82.295970 18.273567 -46.607271
v 82.268588 18.549765 -46.332418
v 109.391112 17.710560 -42.818896
v 109.428725 17.986982 -43.022749
v 82.275438 17.710560 -46.401157
v 82.295970 17.986758 -46.607271
v 46.818690 17.710560 -48.788147
v 46.825660 17.986775 -48.995175
v 46.818690 17.710560 48.788147
v 46.825660 17.986775 48.995175
v 82.275438 17.710560 46.401157
v 82.295970 17.986758 46.607271
v 109.391112 17.710560 42.818896
v 109.428725 17.986982 43.022749
v -105.481132 8.855426 48.097979
v -105.233972 8.732476 47.756320
v -105.297000 8.763826 48.189890
v -104.863430 8.732476 48.126862
v -105.205089 8.855426 48.374039
v -104.761719 9.008019 48.143977
v -105.275950 8.957500 48.220135
v -105.233972 8.978377 47.856133
v -105.481132 8.855426 -48.097979
v -105.233972 8.978377 -47.856133
v -105.275950 8.957500 -48.220135
v -104.761719 9.008019 -48.143977
v -105.205089 8.855426 -48.374039
v -104.863430 8.732476 -48.126862
v -105.297000 8.763826 -48.189890
v -105.233972 8.732476 -47.756320
v -102.819911 7.668954 45.988878
v -102.972607 7.791922 46.236039
v -103.280121 7.760554 46.173028
v -103.343149 7.791922 45.865514
v -103.095989 7.668954 45.712818
v -103.095989 7.392894 45.585365
v -103.095989 7.411666 45.888841
v -102.819911 7.411666 45.888841
v 46.805577 7.412994 45.884942
v 46.811132 7.788022 46.238074
v -103.095989 0.257616 43.107482
v -103.095989 0.276371 42.818568
v -103.095989 0.000311 42.731367
v -102.819911 0.000311 42.731367
v -102.819911 0.000311 43.007428
v -102.819911 0.257616 43.107482
v 46.795501 0.000000 42.731195
v 46.799434 0.256270 43.111554
v 46.798054 8.736358 48.124860
v 46.794828 9.003619 48.141113
v -103.301170 9.939826 46.739072
v -102.990051 9.889307 46.815230
v -102.819911 10.041899 46.585169
v -102.819911 10.310747 46.647886
v -103.095989 10.310747 46.647886
v -103.095989 10.317959 46.366080
v -103.095989 10.041899 46.309108
v -103.343149 9.918949 46.438011
v 46.802609 17.441953 48.309700
v 46.811719 17.710560 48.581050
v -102.819911 17.710560 48.374039
v -103.302999 17.710560 48.581050
v -103.095989 17.710560 48.097979
v -103.095989 17.434499 48.026169
v -103.095989 17.441711 48.311322
v -102.819911 17.441711 48.311322
v 46.814290 9.893724 46.818094
v 46.803851 10.310506 46.649594
v 82.207268 2.443806 40.347294
v 82.221761 2.695107 40.742198
v 82.227300 17.443678 45.918052
v 82.254889 17.710560 46.194992
v 82.263257 10.718816 44.440974
v 82.231613 11.117447 44.271801
v 82.213756 9.751656 45.734644
v 82.204508 9.989586 45.747999
v 82.235444 8.615289 43.484960
v 82.254198 8.970733 43.858021
v 109.377412 12.140440 40.870359
v 109.325478 12.501837 40.731794
v 109.264624 11.423977 42.150243
v 109.255566 11.608593 42.162890
v 109.042810 10.736570 40.062037
v 109.046433 10.490859 39.935274
v 109.315833 10.520846 39.880769
v 109.534991 10.599368 39.712510
v 109.575209 10.777738 39.934031
v 109.372391 10.833709 40.286267
v 109.044380 5.899528 37.080379
v 109.228943 5.920181 36.777489
v 109.552503 5.982088 36.910602
v 109.599399 6.154677 37.137265
v 109.315833 6.169291 37.189716
v 109.040739 6.145395 37.207246
v 109.296043 17.456550 42.303871
v 109.353464 17.710560 42.614973
v 139.110275 17.710542 35.319563
v 138.564038 17.446905 35.330744
v 139.140107 17.584003 35.199029
v 139.134931 17.581243 34.915739
v 139.378847 17.710542 34.979578
v 139.585875 17.710542 35.419187
v 131.573882 13.695211 33.550207
v 131.718986 13.604715 33.776318
v 131.985884 13.636428 33.686149
v 132.082609 13.587324 33.373408
v 131.836484 13.712310 33.190708
v 132.080418 13.841592 33.242555
v 132.075207 13.838849 33.523395
v 131.777390 13.948566 33.627659
v 132.790911 13.076008 35.335144
v 132.784199 13.033046 35.051958
v 133.054686 13.093711 34.979578
v 132.808561 13.218697 34.439380
v 132.905286 13.169575 35.036239
v 132.625999 13.165555 35.114106
v 128.839936 12.187957 32.922015
v 129.502567 12.475111 32.578061
v 129.786012 12.524474 33.060804
v 121.935445 8.468028 29.584498
v 121.916086 8.659337 30.130286
v 131.836484 13.712310 -33.190708
v 132.082609 13.587324 -33.373408
v 131.985884 13.636428 -33.686149
v 131.718986 13.604715 -33.776318
v 131.573882 13.695211 -33.550207
v 131.777390 13.948566 -33.627659
v 132.075207 13.838849 -33.523395
v 132.080418 13.841592 -33.242555
v 133.054686 13.093711 -34.979578
v 132.784199 13.033046 -35.051958
v 132.790911 13.076008 -35.335144
v 132.625999 13.165555 -35.114106
v 132.905286 13.169575 -35.036239
v 132.808561 13.218697 -34.439380
v -103.095989 7.668954 -45.712818
v -103.343149 7.791922 -45.865514
v -103.280121 7.760554 -46.173028
v -102.972607 7.791922 -46.236039
v -102.819911 7.668954 -45.988878
v -102.819911 7.411666 -45.888841
v -103.095989 7.411666 -45.888841
v -103.095989 7.392894 -45.585365
v -103.095989 10.041899 -46.309108
v -103.095989 10.317959 -46.366080
v -103.095989 10.310747 -46.647886
v -102.819911 10.310747 -46.647886
v -102.819911 10.041899 -46.585169
v -102.990051 9.889307 -46.815230
v -103.301170 9.939826 -46.739072
v -103.343149 9.918949 -46.438011
v 139.378847 17.710542 -34.979578
v 139.134931 17.581243 -34.915739
v 139.140107 17.584003 -35.199029
v 138.564038 17.446905 -35.330744
v 139.110275 17.710542 -35.319563
v 139.585875 17.710542 -35.419187
v 121.935445 8.468028 -29.584498
v 121.916086 8.659337 -30.130286
v 128.839936 12.187957 -32.922015
v 129.786012 12.524474 -33.060804
v 129.502567 12.475111 -32.578061
v 109.552503 5.982088 -36.910602
v 109.228943 5.920181 -36.777489
v 109.044380 5.899528 -37.080379
v 109.040739 6.145395 -37.207246
v 109.315833 6.169291 -37.189716
v 109.599399 6.154677 -37.137265
v 109.575209 10.777738 -39.934031
v 109.534991 10.599368 -39.712510
v 109.315833 10.520846 -39.880769
v 109.046433 10.490859 -39.935274
v 109.042810 10.736570 -40.062037
v 109.372391 10.833709 -40.286267
v 109.264624 11.423977 -42.150243
v 109.255566 11.608593 -42.162890
v 109.377412 12.140440 -40.870359
v 109.325478 12.501837 -40.731794
v 109.296043 17.456550 -42.303871
v 109.353464 17.710560 -42.614973
v 82.227300 17.443678 -45.918052
v 82.254889 17.710560 -46.194992
v 82.207268 2.443806 -40.347294
v 82.221761 2.695107 -40.742198
v 82.235444 8.615289 -43.484960
v 82.254198 8.970733 -43.858021
v 82.213756 9.751656 -45.734644
v 82.204508 9.989586 -45.747999
v 82.263257 10.718816 -44.440974
v 82.231613 11.117447 -44.271801
v 46.805577 7.412994 -45.884942
v 46.811132 7.788022 -46.238074
v 46.798054 8.736358 -48.124860
v 46.794828 9.003619 -48.141113
v 46.814290 9.893724 -46.818094
v 46.803851 10.310506 -46.649594
v 46.802609 17.441953 -48.309700
v 46.811719 17.710560 -48.581050
v 46.795501 0.000000 -42.731195
v 46.799434 0.256270 -43.111554
v -103.095989 17.441711 -48.311322
v -103.095989 17.434499 -48.026169
v -103.095989 17.710560 -48.097979
v -103.302999 17.710560 -48.581050
v -102.819911 17.710560 -48.374039
v -102.819911 17.441711 -48.311322
v -103.095989 0.000311 -42.731367
v -103.095989 0.276371 -42.818568
v -103.095989 0.257616 -43.107482
v -102.819911 0.257616 -43.107482
v -102.819911 0.000311 -43.007428
v -102.819911 0.000311 -42.731367
v -66.416725 61.279580 15.898258
v -65.958741 60.821613 15.898258
v -65.958741 60.821613 10.695627
v -66.416725 61.279580 10.695627
v -66.874709 60.821613 15.898258
v -66.416725 60.363629 15.898258
v -66.874709 60.821613 24.728098
v -66.416725 60.363629 24.728098
v -68.069653 59.626669 24.728098
v -67.611669 59.168685 24.728098
v -69.150688 58.592634 26.699237
v -68.645704 58.087650 26.699237
v -74.660350 61.279580 10.695627
v -75.118317 60.821613 10.695627
v -75.118317 60.821613 15.898258
v -74.660350 61.279580 15.898258
v -74.660350 60.363629 15.898258
v -74.202366 60.821613 15.898258
v -74.660350 60.363629 24.728098
v -74.202366 60.821613 24.728098
v -73.465406 59.168685 24.728098
v -73.007405 59.626669 24.728098
v -72.431371 58.087650 26.699237
v -71.926405 58.592634 26.699237
v -59.991095 58.592634 26.699237
v -59.486111 58.087650 26.699237
v -58.910077 59.626669 24.728098
v -58.452110 59.168685 24.728098
v -57.715116 60.821613 24.728098
v -57.257149 60.363629 24.728098
v -57.715116 60.821613 15.898258
v -57.257149 60.363629 15.898258
v -57.257149 61.279580 15.898258
v -56.799165 60.821613 15.898258
v -56.799165 60.821613 10.695627
v -57.257149 61.279580 10.695627
v -63.271795 58.087650 26.699237
v -62.766811 58.592634 26.699237
v -64.305813 59.168685 24.728098
v -63.847846 59.626669 24.728098
v -65.500774 60.363629 24.728098
v -65.042773 60.821613 24.728098
v -65.500774 60.363629 15.898258
v -65.042773 60.821613 15.898258
v -65.500774 61.279580 10.695627
v -65.500774 61.279580 15.898258
v -65.500774 48.939807 15.898258
v -65.500774 48.939807 10.695627
v -65.042773 49.397791 15.898258
v -65.500774 49.855758 15.898258
v -65.042773 49.397791 24.728098
v -65.500774 49.855758 24.728098
v -63.847846 50.592735 24.728098
v -64.305813 51.050719 24.728098
v -62.766811 51.626753 26.699237
v -63.271795 52.131737 26.699237
v -57.257149 48.939807 10.695627
v -56.799165 49.397791 10.695627
v -56.799165 49.397791 15.898258
v -57.257149 48.939807 15.898258
v -57.257149 49.855758 15.898258
v -57.715116 49.397791 15.898258
v -57.257149 49.855758 24.728098
v -57.715116 49.397791 24.728098
v -58.452110 51.050719 24.728098
v -58.910077 50.592735 24.728098
v -59.486111 52.131737 26.699237
v -59.991095 51.626753 26.699237
v -71.926405 51.626753 26.699237
v -72.431371 52.131737 26.699237
v -73.007405 50.592735 24.728098
v -73.465406 51.050719 24.728098
v -74.202366 49.397791 24.728098
v -74.660350 49.855758 24.728098
v -74.202366 49.397791 15.898258
v -74.660350 49.855758 15.898258
v -74.660350 48.939807 15.898258
v -75.118317 49.397791 15.898258
v -75.118317 49.397791 10.695627
v -74.660350 48.939807 10.695627
v -68.645704 52.131737 26.699237
v -69.150688 51.626753 26.699237
v -67.611669 51.050719 24.728098
v -68.069653 50.592735 24.728098
v -66.416725 49.855758 24.728098
v -66.874709 49.397791 24.728098
v -66.416725 49.855758 15.898258
v -66.874709 49.397791 15.898258
v -66.416725 48.939807 10.695627
v -65.958741 49.397791 10.695627
v -65.958741 49.397791 15.898258
v -66.416725 48.939807 15.898258
v -77.122462 46.868544 5.822715
v -66.416725 46.868544 5.822715
v -65.500774 46.868544 5.822715
v -57.257149 46.868544 5.822715
v -56.799165 47.480277 5.822715
v -56.799165 62.739111 5.822715
v -57.257149 63.350843 5.822715
v -65.500774 63.350843 5.822715
v -66.416725 63.350843 5.822715
v -77.122462 63.350843 5.822715
v -77.580429 62.739111 5.822715
v -77.580429 47.480277 5.822715
v -77.580429 47.480277 -5.681700
v -77.580429 62.739111 -5.681700
v -77.122462 63.350843 -5.681700
v -66.416725 63.350843 -5.681700
v -65.500774 63.350843 -5.681700
v -57.257149 63.350843 -5.681700
v -56.799165 62.739111 -5.681700
v -56.799165 47.480277 -5.681700
v -57.257149 46.868544 -5.681700
v -65.500774 46.868544 -5.681700
v -66.416725 46.868544 -5.681700
v -77.122462 46.868544 -5.681700
v -66.416725 48.939807 -15.757243
v -65.958741 49.397791 -15.757243
v -65.958741 49.397791 -10.554595
v -66.416725 48.939807 -10.554595
v -66.874709 49.397791 -15.757243
v -66.416725 49.855758 -15.757243
v -66.874709 49.397791 -24.587065
v -66.416725 49.855758 -24.587065
v -68.069653 50.592735 -24.587065
v -67.611669 51.050719 -24.587065
v -69.150688 51.626753 -26.558222
v -68.645704 52.131737 -26.558222
v -74.660350 48.939807 -10.554595
v -75.118317 49.397791 -10.554595
v -75.118317 49.397791 -15.757243
v -74.660350 48.939807 -15.757243
v -74.660350 49.855758 -15.757243
v -74.202366 49.397791 -15.757243
v -74.660350 49.855758 -24.587065
v -74.202366 49.397791 -24.587065
v -73.465406 51.050719 -24.587065
v -73.007405 50.592735 -24.587065
v -72.431371 52.131737 -26.558222
v -71.926405 51.626753 -26.558222
v -59.991095 51.626753 -26.558222
v -59.486111 52.131737 -26.558222
v -58.910077 50.592735 -24.587065
v -58.452110 51.050719 -24.587065
v -57.715116 49.397791 -24.587065
v -57.257149 49.855758 -24.587065
v -57.715116 49.397791 -15.757243
v -57.257149 49.855758 -15.757243
v -57.257149 48.939807 -15.757243
v -56.799165 49.397791 -15.757243
v -56.799165 49.397791 -10.554595
v -57.257149 48.939807 -10.554595
v -63.271795 52.131737 -26.558222
v -62.766811 51.626753 -26.558222
v -64.305813 51.050719 -24.587065
v -63.847846 50.592735 -24.587065
v -65.500774 49.855758 -24.587065
v -65.042773 49.397791 -24.587065
v -65.500774 49.855758 -15.757243
v -65.042773 49.397791 -15.757243
v -65.500774 48.939807 -10.554595
v -65.500774 48.939807 -15.757243
v -65.500774 61.279580 -15.757243
v -65.500774 61.279580 -10.554595
v -65.042773 60.821613 -15.757243
v -65.500774 60.363629 -15.757243
v -65.042773 60.821613 -24.587065
v -65.500774 60.363629 -24.587065
v -63.847846 59.626669 -24.587065
v -64.305813 59.168685 -24.587065
v -62.766811 58.592634 -26.558222
v -63.271795 58.087650 -26.558222
v -57.257149 61.279580 -10.554595
v -56.799165 60.821613 -10.554595
v -56.799165 60.821613 -15.757243
v -57.257149 61.279580 -15.757243
v -57.257149 60.363629 -15.757243
v -57.715116 60.821613 -15.757243
v -57.257149 60.363629 -24.587065
v -57.715116 60.821613 -24.587065
v -58.452110 59.168685 -24.587065
v -58.910077 59.626669 -24.587065
v -59.486111 58.087650 -26.558222
v -59.991095 58.592634 -26.558222
v -71.926405 58.592634 -26.558222
v -72.431371 58.087650 -26.558222
v -73.007405 59.626669 -24.587065
v -73.465406 59.168685 -24.587065
v -74.202366 60.821613 -24.587065
v -74.660350 60.363629 -24.587065
v -74.202366 60.821613 -15.757243
v -74.660350 60.363629 -15.757243
v -74.660350 61.279580 -15.757243
v -75.118317 60.821613 -15.757243
v -75.118317 60.821613 -10.554595
v -74.660350 61.279580 -10.554595
v -68.645704 58.087650 -26.558222
v -69.150688 58.592634 -26.558222
v -67.611669 59.168685 -24.587065
v -68.069653 59.626669 -24.587065
v -66.416725 60.363629 -24.587065
v -66.874709 60.821613 -24.587065
v -66.416725 60.363629 -15.757243
v -66.874709 60.821613 -15.757243
v -66.416725 61.279580 -10.554595
v -65.958741 60.821613 -10.554595
v -65.958741 60.821613 -15.757243
v -66.416725 61.279580 -15.757243
v -68.374907 63.350843 -3.601120
v -68.374907 63.350843 3.742152
v -75.164264 63.350843 3.742152
v -75.164264 63.350843 -3.601120
v -58.838043 63.350843 -3.601120
v -58.838043 63.350843 3.742152
v -63.919881 63.350843 3.742152
v -63.919881 63.350843 -3.601120
v -68.374907 64.442678 3.742152
v -75.164264 64.442678 3.742152
v -75.164264 64.442678 -3.601120
v -68.374907 64.442678 -3.601120
v -58.838043 64.442678 3.742152
v -63.919881 64.442678 3.742152
v -63.919881 64.442678 -3.601120
v -58.838043 64.442678 -3.601120
v -75.164264 68.612103 3.742152
v -75.164264 68.612103 -3.601120
v -68.374907 68.612103 -3.601120
v -68.374907 68.612103 3.742152
v -63.919881 68.612103 3.742152
v -63.919881 68.612103 -3.601120
v -58.838043 68.612103 -3.601120
v -58.838043 68.612103 3.742152
v -53.948705 49.948963 3.961447
v -53.948705 51.246032 7.257590
v -53.948705 58.973373 7.257590
v -53.948705 60.270424 3.961447
v -53.948705 60.270424 -3.820432
v -53.948705 58.973373 -7.116575
v -53.948705 51.246032 -7.116575
v -53.948705 49.948963 -3.820432
v -77.580429 59.033778 -2.756324
v -77.580429 59.033778 2.897339
v -77.580429 51.185626 2.897339
v -77.580429 51.185626 -2.756324
v -77.580429 50.559608 -1.568402
v -77.580429 50.273437 0.070499
v -77.580429 50.559608 1.709400
v -77.580429 57.867285 -3.902526
v -77.580429 55.109702 -4.765749
v -77.580429 52.352102 -3.902526
v -77.580429 59.659796 1.709400
v -77.580429 59.945950 0.070499
v -77.580429 59.659796 -1.568402
v -77.580429 52.352102 4.043558
v -77.580429 55.109702 4.906764
v -77.580429 57.867285 4.043558
v -79.023966 52.843593 3.335412
v -79.023966 51.885025 2.393494
v -79.023966 51.370587 1.417311
v -79.023966 51.135418 0.070499
v -79.023966 51.370587 -1.276278
v -79.023966 51.885025 -2.252479
v -79.023966 52.843593 -3.194397
v -79.023966 55.109702 -3.903768
v -79.023966 57.375795 -3.194397
v -79.023966 58.334362 -2.252479
v -79.023966 58.848800 -1.276278
v -79.023966 59.083969 0.070499
v -79.023966 58.848800 1.417311
v -79.023966 58.334362 2.393494
v -79.023966 57.375795 3.335412
v -79.023966 55.109702 4.044783
v -82.138236 58.334362 2.393494
v -82.138236 57.375795 3.335412
v -82.138236 55.109702 4.044783
v -82.138236 52.843593 3.335412
v -82.138236 51.885025 2.393494
v -82.138236 51.370587 1.417311
v -82.138236 51.135418 0.070499
v -82.138236 51.370587 -1.276278
v -82.138236 51.885025 -2.252479
v -82.138236 52.843593 -3.194397
v -82.138236 55.109702 -3.903768
v -82.138236 57.375795 -3.194397
v -82.138236 58.334362 -2.252479
v -82.138236 58.848800 -1.276278
v -82.138236 59.083969 0.070499
v -82.138236 58.848800 1.417311
v -82.138236 52.843593 -6.502116
v -79.023966 52.843593 -6.502116
v -79.023966 54.074269 -7.211488
v -82.138236 54.074269 -7.211488
v -82.138236 54.074269 7.352485
v -79.023966 54.074269 7.352485
v -79.023966 52.843593 6.643131
v -82.138236 52.843593 6.643131
v -82.138236 49.289679 -6.502116
v -82.138236 49.289679 -5.271733
v -79.023966 49.289679 -5.271733
v -79.023966 49.289679 -6.502116
v -79.023966 49.289679 6.643131
v -79.023966 49.289679 5.412748
v -82.138236 49.289679 5.412748
v -82.138236 49.289679 6.643131
v -82.138236 49.289679 11.219762
v -82.138236 52.843593 9.669459
v -79.023966 52.843593 9.669459
v -79.023966 49.289679 11.219762
v -79.023966 49.289679 -11.078747
v -79.023966 52.843593 -9.528444
v -82.138236 52.843593 -9.528444
v -82.138236 49.289679 -11.078747
v -96.515143 1.554823 35.203877
v -96.515143 1.554823 30.627246
v -99.629414 1.554823 30.627246
v -99.629414 1.554823 35.203877
v -99.629414 1.554823 -35.062862
v -99.629414 1.554823 -30.486231
v -96.515143 1.554823 -30.486231
v -96.515143 1.554823 -35.062862
v -56.799165 52.496499 -12.237613
v -56.799165 57.722889 -12.237613
v -56.799165 57.722889 -14.074242
v -56.799165 52.496499 -14.074242
v -56.799165 52.496499 14.215257
v -56.799165 57.722889 14.215257
v -56.799165 57.722889 12.378628
v -56.799165 52.496499 12.378628
v -53.860762 57.722889 -12.237613
v -53.860762 57.722889 -14.074242
v -53.860762 52.496499 -14.074242
v -53.860762 52.496499 -12.237613
v -53.860762 57.722889 14.215257
v -53.860762 57.722889 12.378628
v -53.860762 52.496499 12.378628
v -53.860762 52.496499 14.215257
v -51.098245 57.722889 12.378628
v -51.098245 52.496499 12.378628
v -51.098245 52.496499 14.215257
v -51.098245 57.722889 14.215257
v -51.098245 57.722889 -14.074242
v -51.098245 52.496499 -14.074242
v -51.098245 52.496499 -12.237613
v -51.098245 57.722889 -12.237613
v -51.098245 52.496499 16.626057
v -53.860762 52.496499 16.626057
v -53.860762 54.848377 16.626057
v -51.098245 54.848377 16.626057
v -51.098245 54.848377 -16.485042
v -53.860762 54.848377 -16.485042
v -53.860762 52.496499 -16.485042
v -51.098245 52.496499 -16.485042
v -51.098245 52.496499 -9.211285
v -53.860762 52.496499 -9.211285
v -53.860762 57.722889 -9.211285
v -51.098245 57.722889 -9.211285
v -51.098245 57.722889 9.352300
v -53.860762 57.722889 9.352300
v -53.860762 52.496499 9.352300
v -51.098245 52.496499 9.352300
v -53.860762 49.417374 -5.657372
v -53.860762 60.802013 -5.657372
v -51.098245 60.802013 -5.657372
v -51.098245 49.417374 -5.657372
v -53.860762 60.802013 5.798387
v -53.860762 49.417374 5.798387
v -51.098245 49.417374 5.798387
v -51.098245 60.802013 5.798387
v -53.860762 1.554823 -40.469157
v -53.860762 1.554823 -38.058357
v -51.098245 1.554823 -38.058357
v -51.098245 1.554823 -40.469157
v -51.098245 1.554823 40.610172
v -51.098245 1.554823 38.199372
v -53.860762 1.554823 38.199372
v -53.860762 1.554823 40.610172
v -51.374305 1.554823 40.610172
v -51.374305 1.554823 40.334112
v -51.098245 1.554823 40.334112
v -51.098245 1.830883 40.334112
v -51.098245 1.830883 40.610172
v -51.374305 1.830883 40.610172
v -53.584702 1.554823 40.610172
v -53.584702 1.830883 40.610172
v -53.860762 1.830883 40.610172
v -53.860762 1.830883 40.334112
v -53.860762 1.554823 40.334112
v -53.584702 1.554823 40.334112
v -53.860762 1.554823 38.475433
v -53.860762 1.830883 38.475433
v -53.860762 1.830883 38.199372
v -53.584702 1.830883 38.199372
v -53.584702 1.554823 38.199372
v -53.584702 1.554823 38.475433
v -53.584702 52.496499 16.626057
v -53.860762 52.496499 16.349997
v -51.374305 1.554823 38.199372
v -51.374305 1.830883 38.199372
v -51.098245 1.830883 38.199372
v -51.098245 1.830883 38.475433
v -51.098245 1.554823 38.475433
v -51.374305 1.554823 38.475433
v -53.860762 52.220438 14.215257
v -53.860762 52.496499 14.491317
v -53.860762 52.772559 14.215257
v -54.136823 52.772559 14.215257
v -54.136823 52.496499 14.215257
v -53.860762 52.496499 13.939197
v -53.584702 52.496499 14.215257
v -53.584702 52.220438 14.215257
v -51.098245 52.220438 14.215257
v -51.374305 52.220438 14.215257
v -51.374305 52.496499 14.215257
v -51.374305 52.496499 13.939197
v -51.098245 52.496499 13.939197
v -51.098245 52.772559 14.215257
v -51.098245 52.496499 14.491317
v -51.098245 52.496499 16.349997
v -51.374305 52.496499 16.626057
v -53.584702 1.554823 -40.469157
v -53.584702 1.554823 -40.193097
v -53.860762 1.554823 -40.193097
v -53.860762 1.830883 -40.193097
v -53.860762 1.830883 -40.469157
v -53.584702 1.830883 -40.469157
v -51.374305 1.554823 -40.469157
v -51.374305 1.830883 -40.469157
v -51.098245 1.830883 -40.469157
v -51.098245 1.830883 -40.193097
v -51.098245 1.554823 -40.193097
v -51.374305 1.554823 -40.193097
v -51.098245 1.554823 -38.334418
v -51.098245 1.830883 -38.334418
v -51.098245 1.830883 -38.058357
v -51.374305 1.830883 -38.058357
v -51.374305 1.554823 -38.058357
v -51.374305 1.554823 -38.334418
v -51.374305 52.496499 -16.485042
v -51.098245 52.496499 -16.208982
v -53.584702 1.554823 -38.058357
v -53.584702 1.830883 -38.058357
v -53.860762 1.830883 -38.058357
v -53.860762 1.830883 -38.334418
v -53.860762 1.554823 -38.334418
v -53.584702 1.554823 -38.334418
v -51.098245 52.220438 -14.074242
v -51.098245 52.496499 -14.350302
v -51.098245 52.772559 -14.074242
v -51.098245 52.496499 -13.798182
v -51.374305 52.496499 -13.798182
v -51.374305 52.496499 -14.074242
v -51.374305 52.220438 -14.074242
v -53.860762 52.220438 -14.074242
v -53.584702 52.220438 -14.074242
v -53.584702 52.496499 -14.074242
v -53.860762 52.496499 -13.798182
v -54.136823 52.496499 -14.074242
v -54.136823 52.772559 -14.074242
v -53.860762 52.772559 -14.074242
v -53.860762 52.496499 -14.350302
v -53.860762 52.496499 -16.208982
v -53.584702 52.496499 -16.485042
v -53.860762 49.417374 -5.381312
v -53.860762 49.693434 -5.554419
v -53.860762 49.598142 -5.866022
v -53.584702 49.598142 -5.866022
v -53.584702 49.417374 -5.657372
v -53.584702 49.417374 -5.381312
v -53.860762 49.417374 5.522327
v -53.584702 49.417374 5.522327
v -53.584702 49.417374 5.798387
v -53.584702 49.598142 6.007037
v -53.860762 49.598142 6.007037
v -53.860762 49.693434 5.695434
v -53.860762 60.802013 -5.381312
v -53.584702 60.802013 -5.381312
v -53.584702 60.802013 -5.657372
v -53.584702 60.621245 -5.866022
v -53.860762 60.621245 -5.866022
v -53.860762 60.525953 -5.554419
v -53.860762 60.802013 5.522327
v -53.860762 60.525953 5.695434
v -53.860762 60.621245 6.007037
v -53.584702 60.621245 6.007037
v -53.584702 60.802013 5.798387
v -53.584702 60.802013 5.522327
v -51.098245 60.802013 -5.381312
v -51.098245 60.525953 -5.554419
v -51.098245 60.621245 -5.866022
v -51.374305 60.621245 -5.866022
v -51.374305 60.802013 -5.657372
v -51.374305 60.802013 -5.381312
v -51.098245 60.802013 5.522327
v -51.374305 60.802013 5.522327
v -51.374305 60.802013 5.798387
v -51.374305 60.621245 6.007037
v -51.098245 60.621245 6.007037
v -51.098245 60.525953 5.695434
v -51.098245 49.417374 -5.381312
v -51.374305 49.417374 -5.381312
v -51.374305 49.417374 -5.657372
v -51.374305 49.598142 -5.866022
v -51.098245 49.598142 -5.866022
v -51.098245 49.693434 -5.554419
v -51.098245 49.417374 5.522327
v -51.098245 49.693434 5.695434
v -51.098245 49.598142 6.007037
v -51.374305 49.598142 6.007037
v -51.374305 49.417374 5.798387
v -51.374305 49.417374 5.522327
v -51.098245 57.903674 9.143651
v -51.374305 57.903674 9.143651
v -51.374305 57.722889 9.352300
v -51.374305 57.722889 9.628361
v -51.098245 57.722889 9.628361
v -51.098245 57.446828 9.249347
v -51.098245 52.315731 9.143651
v -51.098245 52.772559 9.249347
v -51.098245 52.496499 9.628361
v -51.374305 52.496499 9.628361
v -51.374305 52.496499 9.352300
v -51.374305 52.315731 9.143651
v -53.860762 52.315731 9.143651
v -53.584702 52.315731 9.143651
v -53.584702 52.496499 9.352300
v -53.584702 52.496499 9.628361
v -53.860762 52.496499 9.628361
v -53.860762 52.772559 9.249347
v -53.860762 57.903674 9.143651
v -53.860762 57.446828 9.249347
v -53.860762 57.722889 9.628361
v -53.584702 57.722889 9.628361
v -53.584702 57.722889 9.352300
v -53.584702 57.903674 9.143651
v -51.098245 52.315731 -9.002636
v -51.374305 52.315731 -9.002636
v -51.374305 52.496499 -9.211285
v -51.374305 52.496499 -9.487346
v -51.098245 52.496499 -9.487346
v -51.098245 52.772559 -9.108332
v -51.098245 57.903674 -9.002636
v -51.098245 57.446828 -9.108332
v -51.098245 57.722889 -9.487346
v -51.374305 57.722889 -9.487346
v -51.374305 57.722889 -9.211285
v -51.374305 57.903674 -9.002636
v -53.860762 57.903674 -9.002636
v -53.584702 57.903674 -9.002636
v -53.584702 57.722889 -9.211285
v -53.584702 57.722889 -9.487346
v -53.860762 57.722889 -9.487346
v -53.860762 57.446828 -9.108332
v -53.860762 52.315731 -9.002636
v -53.860762 52.772559 -9.108332
v -53.860762 52.496499 -9.487346
v -53.584702 52.496499 -9.487346
v -53.584702 52.496499 -9.211285
v -53.584702 52.315731 -9.002636
v -51.098245 52.772559 12.378628
v -51.374305 52.496499 12.378628
v -53.860762 52.496499 12.102568
v -53.584702 52.496499 12.378628
v -53.860762 52.496499 12.654688
v -54.136823 52.496499 12.378628
v -54.136823 52.772559 12.378628
v -53.860762 52.772559 12.378628
v -53.860762 52.772559 12.102568
v -53.860762 57.722889 12.102568
v -53.860762 57.446828 12.102568
v -53.860762 57.446828 12.378628
v -54.136823 57.446828 12.378628
v -54.136823 57.722889 12.378628
v -53.860762 57.722889 12.654688
v -53.584702 57.722889 12.378628
v -51.374305 57.722889 12.378628
v -51.098245 57.446828 12.378628
v -51.098245 57.446828 -12.237613
v -51.374305 57.722889 -12.237613
v -53.860762 57.722889 -11.961553
v -53.584702 57.722889 -12.237613
v -53.860762 57.722889 -12.513673
v -54.136823 57.722889 -12.237613
v -54.136823 57.446828 -12.237613
v -53.860762 57.446828 -12.237613
v -53.860762 57.446828 -11.961553
v -53.860762 52.496499 -11.961553
v -53.860762 52.772559 -11.961553
v -53.860762 52.772559 -12.237613
v -54.136823 52.772559 -12.237613
v -54.136823 52.496499 -12.237613
v -53.860762 52.496499 -12.513673
v -53.584702 52.496499 -12.237613
v -51.374305 52.496499 -12.237613
v -51.098245 52.772559 -12.237613
v -51.098245 54.572316 -16.485042
v -51.374305 54.572316 -16.485042
v -51.374305 54.848377 -16.485042
v -51.374305 55.059891 -16.307639
v -51.098245 55.059891 -16.307639
v -51.098245 54.747943 -16.208982
v -53.860762 54.572316 -16.485042
v -53.860762 54.747943 -16.208982
v -53.860762 55.059891 -16.307639
v -53.584702 55.059891 -16.307639
v -53.584702 54.848377 -16.485042
v -53.584702 54.572316 -16.485042
v -53.860762 57.511375 -14.251645
v -53.860762 56.964137 -14.350302
v -53.860762 57.446828 -14.074242
v -54.136823 57.446828 -14.074242
v -54.136823 57.722889 -14.074242
v -53.860762 57.722889 -13.798182
v -53.584702 57.722889 -14.074242
v -53.584702 57.511375 -14.251645
v -51.098245 57.511375 -14.251645
v -51.374305 57.511375 -14.251645
v -51.374305 57.722889 -14.074242
v -51.374305 57.722889 -13.798182
v -51.098245 57.722889 -13.798182
v -51.098245 57.446828 -13.945460
v -51.098245 54.572316 16.626057
v -51.098245 54.747943 16.349997
v -51.098245 55.059891 16.448671
v -51.374305 55.059891 16.448671
v -51.374305 54.848377 16.626057
v -51.374305 54.572316 16.626057
v -53.584702 54.848377 16.626057
v -53.584702 55.059891 16.448671
v -53.860762 55.059891 16.448671
v -53.860762 54.747943 16.349997
v -53.860762 54.572316 16.626057
v -53.584702 54.572316 16.626057
v -51.098245 57.511375 14.392643
v -51.098245 57.446828 14.086492
v -51.098245 57.722889 13.939197
v -51.374305 57.722889 13.939197
v -51.374305 57.722889 14.215257
v -51.374305 57.511375 14.392643
v -53.860762 57.511375 14.392643
v -53.584702 57.511375 14.392643
v -53.584702 57.722889 14.215257
v -53.860762 57.722889 13.939197
v -54.136823 57.722889 14.215257
v -54.136823 57.446828 14.215257
v -53.860762 57.446828 14.215257
v -53.860762 56.964137 14.491317
v -56.523105 52.496499 14.215257
v -56.523105 52.772559 14.215257
v -56.799165 52.772559 14.215257
v -56.799165 52.220438 14.491317
v -56.799165 52.496499 13.939197
v -56.523105 52.496499 13.939197
v -56.523105 52.496499 12.378628
v -56.523105 52.496499 12.654688
v -56.799165 52.496499 12.654688
v -56.799165 52.220438 12.102568
v -56.799165 52.772559 12.378628
v -56.523105 52.772559 12.378628
v -56.523105 57.722889 12.378628
v -56.523105 57.446828 12.378628
v -56.799165 57.446828 12.378628
v -56.799165 57.998949 12.102568
v -56.799165 57.722889 12.654688
v -56.523105 57.722889 12.654688
v -56.523105 57.722889 14.215257
v -56.523105 57.722889 13.939197
v -56.799165 57.722889 13.939197
v -56.799165 57.998949 14.491317
v -56.799165 57.446828 14.215257
v -56.523105 57.446828 14.215257
v -56.523105 52.496499 -12.237613
v -56.523105 52.772559 -12.237613
v -56.799165 52.772559 -12.237613
v -56.799165 52.220438 -11.961553
v -56.799165 52.496499 -12.513673
v -56.523105 52.496499 -12.513673
v -56.523105 52.496499 -14.074242
v -56.523105 52.496499 -13.798182
v -56.799165 52.496499 -13.798182
v -56.799165 52.220438 -14.350302
v -56.799165 52.772559 -14.074242
v -56.523105 52.772559 -14.074242
v -56.523105 57.722889 -14.074242
v -56.523105 57.446828 -14.074242
v -56.799165 57.446828 -14.074242
v -56.799165 57.998949 -14.350302
v -56.799165 57.722889 -13.798182
v -56.523105 57.722889 -13.798182
v -56.523105 57.722889 -12.237613
v -56.523105 57.722889 -12.513673
v -56.799165 57.722889 -12.513673
v -56.799165 57.998949 -11.961553
v -56.799165 57.446828 -12.237613
v -56.523105 57.446828 -12.237613
v -99.353353 1.554823 -35.062862
v -99.353353 1.554823 -34.786802
v -99.629414 1.554823 -34.786802
v -99.629414 1.830883 -34.786802
v -99.629414 1.830883 -35.062862
v -99.353353 1.830883 -35.062862
v -96.791204 1.554823 -35.062862
v -96.791204 1.830883 -35.062862
v -96.515143 1.830883 -35.062862
v -96.515143 1.830883 -34.786802
v -96.515143 1.554823 -34.786802
v -96.791204 1.554823 -34.786802
v -96.515143 1.554823 -30.762292
v -96.515143 1.830883 -30.762292
v -96.515143 1.830883 -30.486231
v -96.791204 1.830883 -30.486231
v -96.791204 1.554823 -30.486231
v -96.791204 1.554823 -30.762292
v -79.305978 49.289679 -11.078747
v -79.023966 49.232103 -10.802686
v -99.353353 1.554823 -30.486231
v -99.353353 1.830883 -30.486231
v -99.629414 1.830883 -30.486231
v -99.629414 1.830883 -30.762292
v -99.629414 1.554823 -30.762292
v -99.353353 1.554823 -30.762292
v -79.023966 49.013619 -6.502116
v -79.023966 49.289679 -6.778177
v -79.023966 49.565739 -6.502116
v -79.023966 49.289679 -6.226056
v -79.300026 49.289679 -6.226056
v -79.300026 49.289679 -6.502116
v -79.300026 49.013619 -6.502116
v -82.138236 49.013619 -6.502116
v -81.862176 49.013619 -6.502116
v -81.862176 49.289679 -6.502116
v -81.862176 49.289679 -6.226056
v -82.138236 49.289679 -6.226056
v -82.138236 49.565739 -6.502116
v -82.138236 49.289679 -6.778177
v -82.138236 49.232103 -10.802686
v -81.856223 49.289679 -11.078747
v -96.791204 1.554823 35.203877
v -96.791204 1.554823 34.927817
v -96.515143 1.554823 34.927817
v -96.515143 1.830883 34.927817
v -96.515143 1.830883 35.203877
v -96.791204 1.830883 35.203877
v -99.353353 1.554823 35.203877
v -99.353353 1.830883 35.203877
v -99.629414 1.830883 35.203877
v -99.629414 1.830883 34.927817
v -99.629414 1.554823 34.927817
v -99.353353 1.554823 34.927817
v -99.629414 1.554823 30.903307
v -99.629414 1.830883 30.903307
v -99.629414 1.830883 30.627246
v -99.353353 1.830883 30.627246
v -99.353353 1.554823 30.627246
v -99.353353 1.554823 30.903307
v -81.856223 49.289679 11.219762
v -82.138236 49.232103 10.943702
v -96.791204 1.554823 30.627246
v -96.791204 1.830883 30.627246
v -96.515143 1.830883 30.627246
v -96.515143 1.830883 30.903307
v -96.515143 1.554823 30.903307
v -96.791204 1.554823 30.903307
v -82.138236 49.013619 6.643131
v -82.138236 49.289679 6.919192
v -82.138236 49.565739 6.643131
v -82.138236 49.289679 6.367071
v -81.862176 49.289679 6.367071
v -81.862176 49.289679 6.643131
v -81.862176 49.013619 6.643131
v -79.023966 49.013619 6.643131
v -79.300026 49.013619 6.643131
v -79.300026 49.289679 6.643131
v -79.300026 49.289679 6.367071
v -79.023966 49.289679 6.367071
v -79.023966 49.565739 6.643131
v -79.023966 49.289679 6.919192
v -79.023966 49.232103 10.943702
v -79.305978 49.289679 11.219762
v -82.138236 52.590566 -9.638816
v -82.138236 52.567532 -9.347676
v -82.138236 52.843593 -9.252384
v -81.862176 52.843593 -9.252384
v -81.862176 52.843593 -9.528444
v -81.862176 52.590566 -9.638816
v -79.300026 52.843593 -9.528444
v -79.300026 52.843593 -9.252384
v -79.023966 52.843593 -9.252384
v -79.023966 52.567532 -9.347676
v -79.023966 52.590566 -9.638816
v -79.300026 52.590566 -9.638816
v -82.138236 52.843593 -6.778177
v -82.138236 52.567532 -6.502116
v -82.138236 52.843593 -6.183474
v -82.138236 53.082782 -6.639974
v -81.862176 53.082782 -6.639974
v -81.862176 52.843593 -6.502116
v -81.862176 52.843593 -6.778177
v -79.023966 52.843593 -6.778177
v -79.300026 52.843593 -6.778177
v -79.300026 52.843593 -6.502116
v -79.300026 53.082782 -6.639974
v -79.023966 53.082782 -6.639974
v -79.023966 52.843593 -6.183474
v -79.023966 52.567532 -6.502116
v -79.023966 52.590566 9.779831
v -79.023966 52.567532 9.488709
v -79.023966 52.843593 9.393399
v -79.300026 52.843593 9.393399
v -79.300026 52.843593 9.669459
v -79.300026 52.590566 9.779831
v -81.862176 52.843593 9.669459
v -81.862176 52.843593 9.393399
v -82.138236 52.843593 9.393399
v -82.138236 52.567532 9.488709
v -82.138236 52.590566 9.779831
v -81.862176 52.590566 9.779831
v -79.023966 52.843593 6.919192
v -79.023966 52.567532 6.643131
v -79.023966 52.843593 6.324506
v -79.023966 53.082782 6.780989
v -79.300026 53.082782 6.780989
v -79.300026 52.843593 6.643131
v -79.300026 52.843593 6.919192
v -82.138236 52.843593 6.919192
v -81.862176 52.843593 6.919192
v -81.862176 52.843593 6.643131
v -81.862176 53.082782 6.780989
v -82.138236 53.082782 6.780989
v -82.138236 52.843593 6.324506
v -82.138236 52.567532 6.643131
v -82.138236 49.289679 5.688808
v -82.138236 49.565739 5.571138
v -82.138236 49.528023 5.273424
v -81.862176 49.528023 5.273424
v -81.862176 49.289679 5.412748
v -81.862176 49.289679 5.688808
v -79.300026 49.289679 5.412748
v -79.300026 49.528023 5.273424
v -79.023966 49.528023 5.273424
v -79.023966 49.565739 5.571138
v -79.023966 49.289679 5.688808
v -79.300026 49.289679 5.688808
v -82.138236 52.605266 3.474736
v -82.138236 52.843593 3.655176
v -82.138236 53.421611 3.516352
v -82.138236 52.646693 3.141945
v -81.862176 52.646693 3.141945
v -81.862176 52.843593 3.335412
v -81.862176 52.605266 3.474736
v -79.023966 52.605266 3.474736
v -79.300026 52.605266 3.474736
v -79.300026 52.843593 3.335412
v -79.300026 52.646693 3.141945
v -79.023966 52.646693 3.141945
v -78.780015 52.768867 3.460088
v -79.023966 52.877565 3.635334
v -79.023966 49.289679 -5.547793
v -79.023966 49.565739 -5.430140
v -79.023966 49.528023 -5.132409
v -79.300026 49.528023 -5.132409
v -79.300026 49.289679 -5.271733
v -79.300026 49.289679 -5.547793
v -81.862176 49.289679 -5.271733
v -81.862176 49.528023 -5.132409
v -82.138236 49.528023 -5.132409
v -82.138236 49.565739 -5.430140
v -82.138236 49.289679 -5.547793
v -81.862176 49.289679 -5.547793
v -79.023966 52.605266 -3.333721
v -79.023966 52.877565 -3.494302
v -78.780015 52.768867 -3.319055
v -79.023966 52.646693 -3.000913
v -79.300026 52.646693 -3.000913
v -79.300026 52.843593 -3.194397
v -79.300026 52.605266 -3.333721
v -82.138236 52.605266 -3.333721
v -81.862176 52.605266 -3.333721
v -81.862176 52.843593 -3.194397
v -81.862176 52.646693 -3.000913
v -82.138236 52.646693 -3.000913
v -82.138236 53.421611 -3.375354
v -82.138236 52.843593 -3.514161
v -82.138236 53.835115 7.214628
v -81.862176 53.835115 7.214628
v -81.862176 54.074269 7.352485
v -81.862176 54.156742 7.089038
v -82.138236 54.156742 7.089038
v -82.138236 53.913723 6.941311
v -79.023966 53.835115 7.214628
v -79.023966 53.913723 6.941311
v -79.023966 54.156742 7.089038
v -79.300026 54.156742 7.089038
v -79.300026 54.074269 7.352485
v -79.300026 53.835115 7.214628
v -79.023966 55.027229 4.308231
v -79.023966 54.763781 4.225758
v -79.023966 54.846237 3.962310
v -78.784121 54.843097 4.104550
v -78.786951 55.109702 4.186299
v -79.001984 55.383865 3.965053
v -79.300026 55.109702 4.044783
v -79.300026 55.027229 4.308231
v -82.138236 55.027229 4.308231
v -81.862176 55.027229 4.308231
v -81.862176 55.109702 4.044783
v -81.862176 55.373150 3.962310
v -82.138236 55.373150 3.962310
v -82.138236 54.889389 3.824470
v -82.138236 53.835098 -7.073613
v -82.138236 53.913723 -6.800296
v -82.138236 54.156742 -6.948023
v -81.862176 54.156742 -6.948023
v -81.862176 54.074269 -7.211488
v -81.862176 53.835098 -7.073613
v -79.300026 54.074269 -7.211488
v -79.300026 54.156742 -6.948023
v -79.023966 54.156742 -6.948023
v -79.023966 53.913723 -6.800296
v -79.023966 53.835098 -7.073613
v -79.300026 53.835098 -7.073613
v -82.138236 55.027229 -4.167233
v -82.138236 54.889389 -3.683455
v -82.138236 55.373150 -3.821295
v -81.862176 55.373150 -3.821295
v -81.862176 55.109702 -3.903768
v -81.862176 55.027229 -4.167233
v -79.023966 55.027229 -4.167233
v -79.300026 55.027229 -4.167233
v -79.300026 55.109702 -3.903768
v -79.001984 55.383865 -3.824038
v -78.786951 55.109702 -4.045283
v -78.784121 54.843097 -3.963535
v -79.023966 54.846237 -3.821295
v -79.023966 54.763781 -4.084760
v -82.138236 58.110201 2.226737
v -81.858828 58.334362 2.393494
v -81.858777 58.848800 1.417311
v -82.138236 58.584335 1.327022
v -81.857983 59.083969 0.070499
v -82.138236 58.803734 0.070499
v -81.858777 58.848800 -1.276278
v -82.138236 58.584335 -1.186007
v -81.858828 58.334362 -2.252479
v -82.138236 58.110201 -2.085739
v -81.854256 57.375795 -3.194397
v -82.138236 57.229793 -2.950843
v -81.858828 51.885025 -2.252479
v -82.138236 52.109203 -2.085739
v -81.858777 51.370587 -1.276278
v -82.138236 51.635070 -1.186007
v -81.857983 51.135418 0.070499
v -82.138236 51.415671 0.070499
v -81.858777 51.370587 1.417311
v -82.138236 51.635070 1.327022
v -81.858828 51.885025 2.393494
v -82.138236 52.109203 2.226737
v -81.854256 57.375795 3.335412
v -82.138236 57.229793 3.091840
v -77.817444 55.109702 4.765231
v -77.820274 54.843097 4.680084
v -77.580429 54.846237 4.824291
v -77.580429 55.109702 5.196041
v -77.580429 55.373150 4.824291
v -77.820274 55.376307 4.680084
v -79.300026 57.375795 3.335412
v -79.023966 57.112347 3.417885
v -78.786053 57.456801 3.452116
v -78.784086 58.449289 2.478987
v -79.303373 58.334362 2.393494
v -78.784035 58.984398 1.463568
v -79.303425 58.848800 1.417311
v -78.783362 59.227641 0.070499
v -79.304218 59.083969 0.070499
v -78.784035 58.984398 -1.322570
v -79.303425 58.848800 -1.276278
v -78.784086 58.449289 -2.337972
v -79.303373 58.334362 -2.252479
v -78.786053 57.456801 -3.311101
v -79.023966 57.112347 -3.276870
v -79.300026 57.375795 -3.194397
v -77.817444 55.109702 -4.624216
v -77.820274 55.376307 -4.539086
v -77.580429 55.373150 -4.683276
v -77.580429 55.109702 -5.055026
v -77.580429 54.846237 -4.683276
v -77.820274 54.843097 -4.539086
v -78.784086 51.770115 -2.337972
v -79.303373 51.885025 -2.252479
v -78.784035 51.235007 -1.322570
v -79.303425 51.370587 -1.276278
v -78.783362 50.991763 0.070499
v -79.304218 51.135418 0.070499
v -78.784035 51.235007 1.463568
v -79.303425 51.370587 1.417311
v -78.784086 51.770115 2.478987
v -79.303373 51.885025 2.393494
v -77.580429 58.013304 4.287112
v -77.824380 57.792559 3.918882
v -77.824380 52.426828 3.918882
v -77.580429 52.206100 4.287112
v -77.820291 51.300537 2.811846
v -77.580429 50.961448 3.064096
v -77.821016 59.802278 0.070499
v -77.580429 60.226203 0.070499
v -77.580429 59.924262 -1.658674
v -77.820377 59.524216 -1.522110
v -77.820377 59.524216 1.663142
v -77.580429 59.924262 1.799671
v -77.820291 58.918851 2.811846
v -77.580429 59.257939 3.064096
v -77.580429 52.206100 -4.146097
v -77.824380 52.426828 -3.777867
v -77.824380 57.792559 -3.777867
v -77.580429 58.013304 -4.146097
v -77.820291 58.918851 -2.670848
v -77.580429 59.257939 -2.923081
v -77.821016 50.417109 0.070499
v -77.580429 49.993201 0.070499
v -77.580429 50.295142 1.799671
v -77.820377 50.695171 1.663142
v -77.820377 50.695171 -1.522110
v -77.580429 50.295142 -1.658674
v -77.820291 51.300537 -2.670848
v -77.580429 50.961448 -2.923081
v -53.948705 50.225023 3.909082
v -54.150557 49.756911 3.997870
v -54.150557 49.756911 -3.856855
v -53.948705 50.225023 -3.768067
v -53.948705 51.144925 -6.859683
v -54.139583 51.003772 -7.045627
v -54.111511 51.140456 -7.312940
v -54.124900 51.430544 -7.329089
v -53.948705 51.522092 -7.116575
v -53.948705 51.434046 -6.840514
v -53.948705 58.697312 -7.116575
v -54.124900 58.788844 -7.329089
v -54.111511 59.078931 -7.312940
v -54.139583 59.215633 -7.045627
v -53.948705 59.074462 -6.859683
v -53.948705 58.785341 -6.840514
v -56.636359 49.503350 -10.358229
v -56.799165 49.279275 -10.253447
v -56.951809 49.245147 -10.554595
v -56.799165 49.673851 -10.830655
v -56.799165 49.673851 -10.554595
v -56.622970 49.810795 -10.342080
v -54.150557 60.462476 -3.856855
v -53.948705 59.994364 -3.768067
v -56.636359 60.716055 -10.358229
v -56.622970 60.408610 -10.342080
v -56.799165 60.545553 -10.554595
v -56.799165 60.545553 -10.830655
v -56.951809 60.974257 -10.554595
v -56.799165 60.940112 -10.253447
v -54.150557 60.462476 3.997870
v -53.948705 59.994364 3.909082
v -53.948705 59.074462 7.000716
v -54.139583 59.215633 7.186642
v -54.111511 59.078931 7.453955
v -54.124900 58.788844 7.470104
v -53.948705 58.697312 7.257590
v -53.948705 58.785341 6.981529
v -53.948705 51.522092 7.257590
v -54.124900 51.430544 7.470104
v -54.111511 51.140456 7.453955
v -54.139583 51.003772 7.186642
v -53.948705 51.144925 7.000716
v -53.948705 51.434046 6.981529
v -56.636359 60.716055 10.499245
v -56.799165 60.940112 10.394462
v -56.951809 60.974257 10.695627
v -56.799165 60.545553 10.971687
v -56.799165 60.545553 10.695627
v -56.622970 60.408610 10.483095
v -56.636359 49.503350 10.499245
v -56.622970 49.810795 10.483095
v -56.799165 49.673851 10.695627
v -56.799165 49.673851 10.971687
v -56.951809 49.245147 10.695627
v -56.799165 49.279275 10.394462
v -63.919881 68.612103 -3.325060
v -63.919881 68.336042 -3.601120
v -68.374907 68.336042 -3.601120
v -68.374907 68.612103 -3.325060
v -63.919881 68.336042 3.742152
v -63.919881 68.612103 3.466092
v -68.374907 68.612103 3.466092
v -68.374907 68.336042 3.742152
v -64.195941 64.442678 3.742152
v -64.195941 64.442678 3.466092
v -63.919881 64.442678 3.466092
v -63.919881 64.166618 3.466092
v -63.919881 64.166618 3.742152
v -63.643820 64.442678 3.742152
v -63.919881 64.718739 3.742152
v -68.098846 64.442678 3.742152
v -68.374907 64.718739 3.742152
v -68.650967 64.442678 3.742152
v -68.374907 64.166618 3.742152
v -68.374907 64.166618 3.466092
v -68.374907 64.442678 3.466092
v -68.098846 64.442678 3.466092
v -64.195941 64.442678 -3.601120
v -63.919881 64.718739 -3.601120
v -63.643820 64.442678 -3.601120
v -63.919881 64.166618 -3.601120
v -63.919881 64.166618 -3.325060
v -63.919881 64.442678 -3.325060
v -64.195941 64.442678 -3.325060
v -68.098846 64.442678 -3.601120
v -68.098846 64.442678 -3.325060
v -68.374907 64.442678 -3.325060
v -68.374907 64.166618 -3.325060
v -68.374907 64.166618 -3.601120
v -68.650967 64.442678 -3.601120
v -68.374907 64.718739 -3.601120
v -59.114103 68.612103 3.742152
v -59.114103 68.336042 3.742152
v -58.838043 68.336042 3.742152
v -58.838043 68.336042 3.466092
v -58.838043 68.612103 3.466092
v -59.114103 68.612103 3.466092
v -58.838043 68.612103 -3.325060
v -58.838043 68.336042 -3.325060
v -58.838043 68.336042 -3.601120
v -59.114103 68.336042 -3.601120
v -59.114103 68.612103 -3.601120
v -59.114103 68.612103 -3.325060
v -59.114103 64.442678 3.742152
v -58.838043 64.442678 3.466092
v -58.838043 64.442678 -3.325060
v -59.114103 64.442678 -3.601120
v -74.888203 68.612103 3.742152
v -74.888203 68.612103 3.466092
v -75.164264 68.612103 3.466092
v -75.164264 68.336042 3.466092
v -75.164264 68.336042 3.742152
v -74.888203 68.336042 3.742152
v -74.888203 68.612103 -3.601120
v -74.888203 68.336042 -3.601120
v -75.164264 68.336042 -3.601120
v -75.164264 68.336042 -3.325060
v -75.164264 68.612103 -3.325060
v -74.888203 68.612103 -3.325060
v -74.888203 64.442678 -3.601120
v -75.164264 64.442678 -3.325060
v -75.164264 64.442678 3.466092
v -74.888203 64.442678 3.742152
v -58.838043 63.626903 -3.601120
v -58.838043 63.626903 -3.325060
v -58.838043 63.350843 -3.325060
v -58.561982 63.350843 -3.877180
v -59.114103 63.350843 -3.601120
v -59.114103 63.626903 -3.601120
v -63.919881 63.626903 -3.601120
v -63.643820 63.626903 -3.601120
v -63.643820 63.350843 -3.601120
v -64.195941 63.350843 -3.877180
v -63.919881 63.350843 -3.325060
v -63.919881 63.626903 -3.325060
v -63.919881 63.626903 3.742152
v -63.919881 63.626903 3.466092
v -63.919881 63.350843 3.466092
v -64.195941 63.350843 4.018212
v -63.643820 63.350843 3.742152
v -63.643820 63.626903 3.742152
v -58.838043 63.626903 3.742152
v -59.114103 63.626903 3.742152
v -59.114103 63.350843 3.742152
v -58.561982 63.350843 4.018212
v -58.838043 63.350843 3.466092
v -58.838043 63.626903 3.466092
v -68.374907 63.626903 -3.601120
v -68.374907 63.626903 -3.325060
v -68.374907 63.350843 -3.325060
v -68.098846 63.350843 -3.877180
v -68.650967 63.350843 -3.601120
v -68.650967 63.626903 -3.601120
v -75.164264 63.626903 -3.601120
v -74.888203 63.626903 -3.601120
v -74.888203 63.350843 -3.601120
v -75.440324 63.350843 -3.877180
v -75.164264 63.350843 -3.325060
v -75.164264 63.626903 -3.325060
v -75.164264 63.626903 3.742152
v -75.164264 63.626903 3.466092
v -75.164264 63.350843 3.466092
v -75.440324 63.350843 4.018212
v -74.888203 63.350843 3.742152
v -74.888203 63.626903 3.742152
v -68.374907 63.626903 3.742152
v -68.650967 63.626903 3.742152
v -68.650967 63.350843 3.742152
v -68.098846 63.350843 4.018212
v -68.374907 63.350843 3.466092
v -68.374907 63.626903 3.466092
v -74.384290 61.279580 -15.757243
v -74.577739 61.080144 -15.757243
v -74.813011 61.126936 -15.757243
v -74.813011 61.126936 -15.541364
v -74.660350 61.279580 -15.481183
v -74.384290 61.279580 -15.481183
v -66.692785 61.279580 -15.757243
v -66.692785 61.279580 -15.481183
v -66.416725 61.279580 -15.481183
v -66.264081 61.126936 -15.541364
v -66.264081 61.126936 -15.757243
v -66.499336 61.080144 -15.757243
v -75.118317 49.673851 -15.757243
v -74.918880 49.480402 -15.757243
v -74.965690 49.245147 -15.757243
v -74.965690 49.245147 -15.541382
v -75.118317 49.397791 -15.481183
v -75.118317 49.673851 -15.481183
v -75.118317 60.545553 -15.757243
v -75.118317 60.545553 -15.481183
v -75.118317 60.821613 -15.481183
v -74.965690 60.974257 -15.541364
v -74.965690 60.974257 -15.757243
v -74.918880 60.739002 -15.757243
v -67.150769 60.821613 -15.757243
v -66.792098 61.021050 -15.757243
v -66.722065 60.668969 -15.757243
v -66.722065 60.668969 -15.973105
v -66.874709 60.821613 -16.033304
v -67.150769 60.821613 -16.033304
v -73.926306 60.821613 -15.757243
v -73.926306 60.821613 -16.033304
v -74.202366 60.821613 -16.033304
v -74.355010 60.668969 -15.973105
v -74.355010 60.668969 -15.757243
v -74.284977 61.021050 -15.757243
v -66.416725 50.131818 -15.757243
v -66.217289 49.773147 -15.757243
v -66.569369 49.703131 -15.757243
v -66.569369 49.703131 -15.973105
v -66.416725 49.855758 -16.033304
v -66.416725 50.131818 -16.033304
v -66.416725 60.087569 -15.757243
v -66.416725 60.087569 -16.033304
v -66.416725 60.363629 -16.033304
v -66.569369 60.516273 -15.973105
v -66.569369 60.516273 -15.757243
v -66.217289 60.446240 -15.757243
v -67.150769 60.821613 -24.587065
v -67.150769 60.821613 -24.311022
v -66.874709 60.821613 -24.311022
v -66.722065 60.668969 -24.371203
v -66.722065 60.668969 -24.587065
v -66.989050 60.545553 -24.587065
v -73.926306 60.821613 -24.587065
v -74.088025 60.545553 -24.587065
v -74.355010 60.668969 -24.587065
v -74.355010 60.668969 -24.371203
v -74.202366 60.821613 -24.311022
v -73.926306 60.821613 -24.311022
v -66.416725 50.131818 -24.587065
v -66.416725 50.131818 -24.311022
v -66.416725 49.855758 -24.311022
v -66.569369 49.703131 -24.371203
v -66.569369 49.703131 -24.587065
v -66.692785 49.970116 -24.587065
v -66.416725 60.087569 -24.587065
v -66.692785 60.249289 -24.587065
v -66.569369 60.516273 -24.587065
v -66.569369 60.516273 -24.371203
v -66.416725 60.363629 -24.311022
v -66.416725 60.087569 -24.311022
v -67.611669 51.326779 -24.587065
v -67.335609 50.936361 -24.587065
v -67.764330 50.898058 -24.587065
v -67.857846 50.991573 -24.761380
v -67.727028 51.171306 -24.806982
v -67.739916 51.491674 -24.831534
v -67.611669 58.892625 -24.587065
v -67.739916 58.727713 -24.831534
v -67.727028 59.048081 -24.806982
v -67.857846 59.227814 -24.761380
v -67.764330 59.321329 -24.587065
v -67.335609 59.283026 -24.587065
v -68.345713 59.626669 -24.587065
v -67.955312 59.902729 -24.587065
v -67.917009 59.474008 -24.587065
v -68.010524 59.380492 -24.761380
v -68.190257 59.511293 -24.806982
v -68.510625 59.498422 -24.831534
v -72.731362 59.626669 -24.587065
v -72.566450 59.498422 -24.831534
v -72.886818 59.511293 -24.806982
v -73.066551 59.380492 -24.761380
v -73.160066 59.474008 -24.587065
v -73.121780 59.902729 -24.587065
v -69.426731 58.592634 -26.558222
v -69.323501 58.720881 -26.313753
v -69.030084 58.708010 -26.338323
v -68.885497 58.525603 -26.373572
v -68.982377 58.424340 -26.558222
v -69.265028 58.316573 -26.558222
v -71.650344 58.592634 -26.558222
v -71.812047 58.316573 -26.558222
v -72.094698 58.424340 -26.558222
v -72.191578 58.525603 -26.373572
v -72.046991 58.708010 -26.338323
v -71.753574 58.720881 -26.313753
v -68.645704 52.407797 -26.558222
v -68.517457 52.304568 -26.313753
v -68.530329 52.011133 -26.338323
v -68.712735 51.866564 -26.373572
v -68.813998 51.963426 -26.558222
v -68.921765 52.246077 -26.558222
v -68.645704 57.811590 -26.558222
v -68.921765 57.973310 -26.558222
v -68.813998 58.255961 -26.558222
v -68.712735 58.352841 -26.373572
v -68.530329 58.208272 -26.338323
v -68.517457 57.914837 -26.313753
v -66.111385 60.974257 -15.757243
v -66.111385 60.974257 -15.541364
v -65.958741 60.821613 -15.481183
v -65.806097 60.974257 -15.541382
v -65.806097 60.974257 -15.757243
v -65.806097 60.668969 -15.757243
v -66.111385 60.668969 -15.757243
v -66.264081 61.126936 -10.554595
v -66.264081 61.126936 -10.770474
v -66.416725 61.279580 -10.830655
v -66.692785 61.279580 -10.554595
v -66.416725 61.387589 -10.300533
v -66.140665 61.279580 -10.554595
v -66.200863 61.190171 -10.554595
v -66.111385 60.974257 -10.554595
v -65.958741 60.974257 -10.554595
v -65.806097 60.974257 -10.554595
v -65.806097 60.974257 -10.770474
v -65.958741 60.821613 -10.830655
v -66.111385 60.974257 -10.770474
v -74.965690 60.974257 -10.554595
v -74.965690 60.974257 -10.770474
v -75.118317 60.821613 -10.830655
v -75.129842 60.538289 -10.506284
v -75.235780 60.913093 -10.322135
v -75.066297 61.057472 -10.379383
v -74.813011 61.126936 -10.554595
v -74.896968 61.193553 -10.364182
v -74.776744 61.377512 -10.324222
v -74.379165 61.292261 -10.492429
v -74.660350 61.279580 -10.830655
v -74.813011 61.126936 -10.770474
v -74.507706 60.516273 -15.757243
v -74.507706 60.516273 -15.973105
v -74.660350 60.363629 -16.033304
v -74.660350 60.087569 -16.033304
v -74.660350 60.087569 -15.757243
v -74.859786 60.446240 -15.757243
v -74.507706 60.516273 -24.587065
v -74.384290 60.249289 -24.587065
v -74.660350 60.087569 -24.587065
v -74.660350 60.087569 -24.311022
v -74.660350 60.363629 -24.311022
v -74.507706 60.516273 -24.371203
v -73.312745 59.321329 -24.587065
v -73.219247 59.227814 -24.761380
v -73.350047 59.048081 -24.806982
v -73.337159 58.727713 -24.831534
v -73.465406 58.892625 -24.587065
v -73.741466 59.283026 -24.587065
v -72.263077 58.255961 -26.558222
v -72.155310 57.973310 -26.558222
v -72.431371 57.811590 -26.558222
v -72.559618 57.914837 -26.313753
v -72.546729 58.208272 -26.338323
v -72.364322 58.352841 -26.373572
v -59.870508 58.708010 -26.338323
v -59.725939 58.525603 -26.373572
v -59.822801 58.424340 -26.558222
v -60.105453 58.316573 -26.558222
v -60.267155 58.592634 -26.558222
v -60.163926 58.720881 -26.313753
v -59.030681 59.511293 -24.806982
v -59.351049 59.498422 -24.831534
v -59.186137 59.626669 -24.587065
v -58.795736 59.902729 -24.587065
v -58.757433 59.474008 -24.587065
v -58.850948 59.380492 -24.761380
v -58.567469 59.048081 -24.806982
v -58.698270 59.227814 -24.761380
v -58.604737 59.321329 -24.587065
v -58.176050 59.283026 -24.587065
v -58.452110 58.892625 -24.587065
v -58.580340 58.727713 -24.831534
v -59.370770 58.208272 -26.338323
v -59.357864 57.914837 -26.313753
v -59.486111 57.811590 -26.558222
v -59.762172 57.973310 -26.558222
v -59.654439 58.255961 -26.558222
v -59.553160 58.352841 -26.373572
v -57.715116 60.821613 -24.311022
v -57.562489 60.668969 -24.371203
v -57.562489 60.668969 -24.587065
v -57.829474 60.545553 -24.587065
v -57.991176 60.821613 -24.587065
v -57.991176 60.821613 -24.311022
v -57.715116 60.821613 -16.033304
v -57.991176 60.821613 -16.033304
v -57.991176 60.821613 -15.757243
v -57.632505 61.021050 -15.757243
v -57.562489 60.668969 -15.757243
v -57.562489 60.668969 -15.973123
v -57.257149 60.363629 -16.033304
v -57.409793 60.516273 -15.973123
v -57.409793 60.516273 -15.757243
v -57.057713 60.446240 -15.757243
v -57.257149 60.087569 -15.757243
v -57.257149 60.087569 -16.033304
v -57.257149 60.363629 -24.311022
v -57.257149 60.087569 -24.311022
v -57.257149 60.087569 -24.587065
v -57.533209 60.249289 -24.587065
v -57.409793 60.516273 -24.587065
v -57.409793 60.516273 -24.371203
v -57.257149 61.279580 -15.481183
v -57.104505 61.126936 -15.541382
v -57.104505 61.126936 -15.757243
v -57.339760 61.080144 -15.757243
v -57.533209 61.279580 -15.757243
v -57.533209 61.279580 -15.481183
v -57.538869 61.279580 -10.554595
v -57.108974 61.125745 -10.523262
v -56.799165 60.821613 -15.481183
v -56.799165 60.545553 -15.481183
v -56.998619 60.739002 -15.757243
v -56.951809 60.974257 -15.757243
v -56.951809 60.974257 -15.541382
v -63.387153 58.208272 -26.338323
v -63.204764 58.352841 -26.373572
v -63.103484 58.255961 -26.558222
v -62.995734 57.973310 -26.558222
v -63.271795 57.811590 -26.558222
v -63.400042 57.914837 -26.313753
v -64.190454 59.048081 -24.806982
v -64.177583 58.727713 -24.831534
v -64.305813 58.892625 -24.587065
v -64.581873 59.283026 -24.587065
v -64.153186 59.321329 -24.587065
v -64.059671 59.227814 -24.761380
v -63.727242 59.511293 -24.806982
v -63.906975 59.380492 -24.761380
v -64.000473 59.474008 -24.587065
v -63.962187 59.902729 -24.587065
v -63.571786 59.626669 -24.587065
v -63.406874 59.498422 -24.831534
v -62.887415 58.708010 -26.338323
v -62.593998 58.720881 -26.313753
v -62.490751 58.592634 -26.558222
v -62.652471 58.316573 -26.558222
v -62.935139 58.424340 -26.558222
v -63.031985 58.525603 -26.373572
v -65.500774 60.363629 -24.311022
v -65.348113 60.516273 -24.371203
v -65.348113 60.516273 -24.587065
v -65.224714 60.249289 -24.587065
v -65.500774 60.087569 -24.587065
v -65.500774 60.087569 -24.311022
v -65.500774 60.363629 -16.033304
v -65.500774 60.087569 -16.033304
v -65.500774 60.087569 -15.757243
v -65.700211 60.446240 -15.757243
v -65.348113 60.516273 -15.757243
v -65.348113 60.516273 -15.973123
v -65.042773 60.821613 -16.033304
v -65.195434 60.668969 -15.973123
v -65.195434 60.668969 -15.757243
v -65.125401 61.021050 -15.757243
v -64.766713 60.821613 -15.757243
v -64.766713 60.821613 -16.033304
v -65.042773 60.821613 -24.311022
v -64.766713 60.821613 -24.311022
v -64.766713 60.821613 -24.587065
v -64.928432 60.545553 -24.587065
v -65.195434 60.668969 -24.587065
v -65.195434 60.668969 -24.371203
v -65.500774 61.279580 -10.830655
v -65.653418 61.126936 -10.770474
v -65.653418 61.126936 -10.554595
v -65.716653 61.190171 -10.554595
v -65.776834 61.279580 -10.554595
v -65.500774 61.387589 -10.300533
v -65.224714 61.279580 -10.554595
v -65.500774 61.279580 -15.481183
v -65.224714 61.279580 -15.481183
v -65.224714 61.279580 -15.757243
v -65.418146 61.080144 -15.757243
v -65.653418 61.126936 -15.757243
v -65.653418 61.126936 -15.541382
v -63.271795 52.407797 -26.558222
v -62.995734 52.246077 -26.558222
v -63.103484 51.963426 -26.558222
v -63.204764 51.866564 -26.373572
v -63.387153 52.011133 -26.338323
v -63.400042 52.304568 -26.313753
v -59.486111 52.407797 -26.558222
v -59.357864 52.304568 -26.313753
v -59.370770 52.011133 -26.338323
v -59.553160 51.866564 -26.373572
v -59.654439 51.963426 -26.558222
v -59.762172 52.246077 -26.558222
v -64.305813 51.326779 -24.587065
v -64.177583 51.491674 -24.831534
v -64.190454 51.171306 -24.806982
v -64.059671 50.991573 -24.761380
v -64.153186 50.898058 -24.587065
v -64.581873 50.936361 -24.587065
v -65.500774 50.131818 -24.587065
v -65.224714 49.970116 -24.587065
v -65.348113 49.703131 -24.587065
v -65.348113 49.703131 -24.371203
v -65.500774 49.855758 -24.311022
v -65.500774 50.131818 -24.311022
v -65.500774 50.131818 -15.757243
v -65.500774 50.131818 -16.033304
v -65.500774 49.855758 -16.033304
v -65.348113 49.703131 -15.973123
v -65.348113 49.703131 -15.757243
v -65.700211 49.773147 -15.757243
v -57.533209 48.939807 -15.757243
v -57.339760 49.139243 -15.757243
v -57.104505 49.092451 -15.757243
v -57.104505 49.092451 -15.541382
v -57.257149 48.939807 -15.481183
v -57.533209 48.939807 -15.481183
v -65.224714 48.939807 -15.757243
v -65.224714 48.939807 -15.481183
v -65.500774 48.939807 -15.481183
v -65.653418 49.092451 -15.541382
v -65.653418 49.092451 -15.757243
v -65.418146 49.139243 -15.757243
v -56.799165 49.673851 -15.481183
v -56.799165 49.397791 -15.481183
v -56.951809 49.245147 -15.541382
v -56.951809 49.245147 -15.757243
v -56.998619 49.480402 -15.757243
v -57.257149 50.131818 -15.757243
v -57.057713 49.773147 -15.757243
v -57.409793 49.703131 -15.757243
v -57.409793 49.703131 -15.973123
v -57.257149 49.855758 -16.033304
v -57.257149 50.131818 -16.033304
v -64.766713 49.397791 -15.757243
v -65.125401 49.198355 -15.757243
v -65.195434 49.550435 -15.757243
v -65.195434 49.550435 -15.973123
v -65.042773 49.397791 -16.033304
v -64.766713 49.397791 -16.033304
v -57.991176 49.397791 -15.757243
v -57.991176 49.397791 -16.033304
v -57.715116 49.397791 -16.033304
v -57.562489 49.550435 -15.973123
v -57.562489 49.550435 -15.757243
v -57.632505 49.198355 -15.757243
v -64.766713 49.397791 -24.587065
v -64.766713 49.397791 -24.311022
v -65.042773 49.397791 -24.311022
v -65.195434 49.550435 -24.371203
v -65.195434 49.550435 -24.587065
v -64.928432 49.673851 -24.587065
v -57.991176 49.397791 -24.587065
v -57.829474 49.673851 -24.587065
v -57.562489 49.550435 -24.587065
v -57.562489 49.550435 -24.371203
v -57.715116 49.397791 -24.311022
v -57.991176 49.397791 -24.311022
v -57.257149 50.131818 -24.587065
v -57.257149 50.131818 -24.311022
v -57.257149 49.855758 -24.311022
v -57.409793 49.703131 -24.371203
v -57.409793 49.703131 -24.587065
v -57.533209 49.970116 -24.587065
v -58.452110 51.326779 -24.587065
v -58.176050 50.936361 -24.587065
v -58.604737 50.898058 -24.587065
v -58.698270 50.991573 -24.761380
v -58.567469 51.171306 -24.806982
v -58.580340 51.491674 -24.831534
v -63.571786 50.592735 -24.587065
v -63.962187 50.316675 -24.587065
v -64.000473 50.745379 -24.587065
v -63.906975 50.838895 -24.761380
v -63.727242 50.708094 -24.806982
v -63.406874 50.720965 -24.831534
v -59.186137 50.592735 -24.587065
v -59.351049 50.720965 -24.831534
v -59.030681 50.708094 -24.806982
v -58.850948 50.838895 -24.761380
v -58.757433 50.745379 -24.587065
v -58.795736 50.316675 -24.587065
v -62.490751 51.626753 -26.558222
v -62.593998 51.498506 -26.313753
v -62.887415 51.511395 -26.338323
v -63.031985 51.693802 -26.373572
v -62.935139 51.795064 -26.558222
v -62.652471 51.902814 -26.558222
v -60.267155 51.626753 -26.558222
v -60.105453 51.902814 -26.558222
v -59.822801 51.795064 -26.558222
v -59.725939 51.693802 -26.373572
v -59.870508 51.511395 -26.338323
v -60.163926 51.498506 -26.313753
v -65.806097 49.245147 -15.757243
v -65.806097 49.245147 -15.541382
v -65.958741 49.397791 -15.481183
v -66.111385 49.245147 -15.541382
v -66.111385 49.245147 -15.757243
v -66.111385 49.550435 -15.757243
v -65.806097 49.550435 -15.757243
v -65.653418 49.092451 -10.554595
v -65.653418 49.092451 -10.770474
v -65.500774 48.939807 -10.830655
v -65.224714 48.939807 -10.554595
v -65.500774 48.831816 -10.300533
v -65.776834 48.939807 -10.554595
v -65.716653 49.029216 -10.554595
v -65.806097 49.245147 -10.554595
v -65.958741 49.245147 -10.554595
v -66.111385 49.245147 -10.554595
v -66.111385 49.245147 -10.770474
v -65.958741 49.397791 -10.830655
v -65.806097 49.245147 -10.770474
v -57.108974 49.093642 -10.523262
v -57.538869 48.939807 -10.554595
v -72.046991 51.511395 -26.338323
v -72.191578 51.693802 -26.373572
v -72.094698 51.795064 -26.558222
v -71.812047 51.902814 -26.558222
v -71.650344 51.626753 -26.558222
v -71.753574 51.498506 -26.313753
v -72.886818 50.708094 -24.806982
v -72.566450 50.720965 -24.831534
v -72.731362 50.592735 -24.587065
v -73.121780 50.316675 -24.587065
v -73.160066 50.745379 -24.587065
v -73.066551 50.838895 -24.761380
v -73.350047 51.171306 -24.806982
v -73.219247 50.991573 -24.761380
v -73.312745 50.898058 -24.587065
v -73.741466 50.936361 -24.587065
v -73.465406 51.326779 -24.587065
v -73.337159 51.491674 -24.831534
v -72.546729 52.011133 -26.338323
v -72.559618 52.304568 -26.313753
v -72.431371 52.407797 -26.558222
v -72.155310 52.246077 -26.558222
v -72.263077 51.963426 -26.558222
v -72.364322 51.866564 -26.373572
v -74.202366 49.397791 -24.311022
v -74.355010 49.550435 -24.371203
v -74.355010 49.550435 -24.587065
v -74.088025 49.673851 -24.587065
v -73.926306 49.397791 -24.587065
v -73.926306 49.397791 -24.311022
v -74.202366 49.397791 -16.033304
v -73.926306 49.397791 -16.033304
v -73.926306 49.397791 -15.757243
v -74.284977 49.198355 -15.757243
v -74.355010 49.550435 -15.757243
v -74.355010 49.550435 -15.973105
v -74.660350 49.855758 -16.033304
v -74.507706 49.703131 -15.973105
v -74.507706 49.703131 -15.757243
v -74.859786 49.773147 -15.757243
v -74.660350 50.131818 -15.757243
v -74.660350 50.131818 -16.033304
v -74.660350 49.855758 -24.311022
v -74.660350 50.131818 -24.311022
v -74.660350 50.131818 -24.587065
v -74.384290 49.970116 -24.587065
v -74.507706 49.703131 -24.587065
v -74.507706 49.703131 -24.371203
v -74.660350 48.939807 -15.481183
v -74.813011 49.092451 -15.541382
v -74.813011 49.092451 -15.757243
v -74.577739 49.139243 -15.757243
v -74.384290 48.939807 -15.757243
v -74.384290 48.939807 -15.481183
v -74.660350 48.939807 -10.830655
v -74.379165 48.927143 -10.492429
v -74.776744 48.841892 -10.324222
v -74.896968 49.025852 -10.364182
v -74.813011 49.092451 -10.554595
v -74.813011 49.092451 -10.770474
v -75.118317 49.397791 -10.830655
v -74.965690 49.245147 -10.770474
v -74.965690 49.245147 -10.554595
v -75.066297 49.161915 -10.379383
v -75.235780 49.306294 -10.322135
v -75.129842 49.681115 -10.506284
v -68.190257 50.708094 -24.806982
v -68.010524 50.838895 -24.761380
v -67.917009 50.745379 -24.587065
v -67.955312 50.316675 -24.587065
v -68.345713 50.592735 -24.587065
v -68.510625 50.720965 -24.831534
v -69.030084 51.511395 -26.338323
v -69.323501 51.498506 -26.313753
v -69.426731 51.626753 -26.558222
v -69.265028 51.902814 -26.558222
v -68.982377 51.795064 -26.558222
v -68.885497 51.693802 -26.373572
v -66.874709 49.397791 -16.033304
v -66.722065 49.550435 -15.973105
v -66.722065 49.550435 -15.757243
v -66.792098 49.198355 -15.757243
v -67.150769 49.397791 -15.757243
v -67.150769 49.397791 -16.033304
v -66.874709 49.397791 -24.311022
v -67.150769 49.397791 -24.311022
v -67.150769 49.397791 -24.587065
v -66.989050 49.673851 -24.587065
v -66.722065 49.550435 -24.587065
v -66.722065 49.550435 -24.371203
v -66.416725 48.939807 -10.830655
v -66.264081 49.092451 -10.770474
v -66.264081 49.092451 -10.554595
v -66.200863 49.029216 -10.554595
v -66.140665 48.939807 -10.554595
v -66.416725 48.831816 -10.300533
v -66.692785 48.939807 -10.554595
v -66.416725 48.939807 -15.481183
v -66.692785 48.939807 -15.481183
v -66.692785 48.939807 -15.757243
v -66.499336 49.139243 -15.757243
v -66.264081 49.092451 -15.757243
v -66.264081 49.092451 -15.541382
v -77.006051 46.966477 -5.912072
v -76.841278 46.855880 -5.619517
v -77.122462 46.868544 -5.405639
v -77.275089 47.072432 -5.427017
v -77.275089 47.072432 -5.681700
v -77.177071 47.148659 -5.898165
v -57.095947 47.061787 -5.642344
v -57.538869 46.868544 -5.681700
v -57.533209 63.350843 -5.681700
v -57.533209 63.350843 -5.318387
v -57.095947 63.157618 -5.642344
v -77.006051 63.252928 -5.912072
v -77.177071 63.070728 -5.898165
v -77.275089 63.146955 -5.681700
v -77.275089 63.146955 -5.427017
v -77.122462 63.350843 -5.405639
v -76.846385 63.350843 -5.388386
v -76.818003 63.350843 -5.681700
v -77.462948 62.647648 -5.914177
v -77.580429 62.446538 -5.681700
v -77.580429 62.463050 -5.463750
v -77.580429 62.739111 -5.405639
v -77.427768 62.942998 -5.427017
v -77.427768 62.942998 -5.681700
v -77.314635 62.848189 -5.883172
v -77.462948 47.571756 -5.914177
v -77.314635 47.371198 -5.883172
v -77.427768 47.276389 -5.681700
v -77.427768 47.276389 -5.427017
v -77.580429 47.480277 -5.405639
v -77.580429 47.756337 -5.463750
v -77.580429 47.772866 -5.681700
v -57.533209 63.350843 5.459402
v -57.533209 63.350843 5.822715
v -57.095947 63.157618 5.783359
v -57.095947 47.061787 5.783359
v -57.538869 46.868544 5.822715
v -77.122462 46.868544 5.546654
v -76.841278 46.855880 5.760549
v -77.006051 46.966477 6.053087
v -77.177071 47.148659 6.039180
v -77.275089 47.072432 5.822715
v -77.275089 47.072432 5.568032
v -77.580429 47.480277 5.546654
v -77.427768 47.276389 5.568032
v -77.427768 47.276389 5.822715
v -77.314635 47.371198 6.024187
v -77.462948 47.571756 6.055209
v -77.580429 47.772866 5.822715
v -77.580429 47.756337 5.604765
v -77.580429 62.739111 5.546654
v -77.580429 62.463050 5.604765
v -77.580429 62.446538 5.822715
v -77.462948 62.647648 6.055209
v -77.314635 62.848189 6.024187
v -77.427768 62.942998 5.822715
v -77.427768 62.942998 5.568032
v -77.122462 63.350843 5.546654
v -77.275089 63.146955 5.568032
v -77.275089 63.146955 5.822715
v -77.177071 63.070728 6.039198
v -77.006051 63.252928 6.053087
v -76.818003 63.350843 5.822715
v -76.846385 63.350843 5.529401
v -75.235780 49.306294 10.463132
v -75.066297 49.161915 10.520415
v -74.965690 49.245147 10.695627
v -74.965690 49.245147 10.911489
v -75.118317 49.397791 10.971687
v -75.129842 49.681115 10.647316
v -75.235780 60.913093 10.463132
v -75.129842 60.538289 10.647316
v -75.118317 60.821613 10.971687
v -74.965690 60.974257 10.911489
v -74.965690 60.974257 10.695627
v -75.066297 61.057472 10.520415
v -74.776744 61.377512 10.465255
v -74.896968 61.193553 10.505197
v -74.813011 61.126936 10.695627
v -74.813011 61.126936 10.911489
v -74.660350 61.279580 10.971687
v -74.379165 61.292261 10.633444
v -57.538869 61.279580 10.695627
v -57.108974 61.125745 10.664277
v -57.108974 49.093642 10.664277
v -57.538869 48.939807 10.695627
v -74.776744 48.841892 10.465255
v -74.379165 48.927143 10.633444
v -74.660350 48.939807 10.971687
v -74.813011 49.092451 10.911489
v -74.813011 49.092451 10.695627
v -74.896968 49.025852 10.505197
v -65.776834 48.939807 10.695627
v -65.500774 48.831816 10.441548
v -65.224714 48.939807 10.695627
v -65.500774 48.939807 10.971687
v -65.653418 49.092451 10.911489
v -65.653418 49.092451 10.695627
v -65.716653 49.029216 10.695627
v -66.140665 48.939807 10.695627
v -66.200863 49.029216 10.695627
v -66.264081 49.092451 10.695627
v -66.264081 49.092451 10.911489
v -66.416725 48.939807 10.971687
v -66.692785 48.939807 10.695627
v -66.416725 48.831816 10.441548
v -65.776834 61.279580 10.695627
v -65.716653 61.190171 10.695627
v -65.653418 61.126936 10.695627
v -65.653418 61.126936 10.911489
v -65.500774 61.279580 10.971687
v -65.224714 61.279580 10.695627
v -65.500774 61.387589 10.441548
v -66.140665 61.279580 10.695627
v -66.416725 61.387589 10.441548
v -66.692785 61.279580 10.695627
v -66.416725 61.279580 10.971687
v -66.264081 61.126936 10.911489
v -66.264081 61.126936 10.695627
v -66.200863 61.190171 10.695627
v -74.384290 48.939807 15.898258
v -74.577739 49.139243 15.898258
v -74.813011 49.092451 15.898258
v -74.813011 49.092451 15.682397
v -74.660350 48.939807 15.622198
v -74.384290 48.939807 15.622198
v -66.692785 48.939807 15.898258
v -66.692785 48.939807 15.622198
v -66.416725 48.939807 15.622198
v -66.264081 49.092451 15.682397
v -66.264081 49.092451 15.898258
v -66.499336 49.139243 15.898258
v -74.660350 50.131818 15.898258
v -74.859786 49.773147 15.898258
v -74.507706 49.703131 15.898258
v -74.507706 49.703131 16.114138
v -74.660350 49.855758 16.174319
v -74.660350 50.131818 16.174319
v -74.660350 60.087569 15.898258
v -74.660350 60.087569 16.174319
v -74.660350 60.363629 16.174319
v -74.507706 60.516273 16.114138
v -74.507706 60.516273 15.898258
v -74.859786 60.446240 15.898258
v -67.150769 49.397791 15.898258
v -66.792098 49.198355 15.898258
v -66.722065 49.550435 15.898258
v -66.722065 49.550435 16.114138
v -66.874709 49.397791 16.174319
v -67.150769 49.397791 16.174319
v -73.926306 49.397791 15.898258
v -73.926306 49.397791 16.174319
v -74.202366 49.397791 16.174319
v -74.355010 49.550435 16.114138
v -74.355010 49.550435 15.898258
v -74.284977 49.198355 15.898258
v -67.150769 49.397791 24.728098
v -67.150769 49.397791 24.452037
v -66.874709 49.397791 24.452037
v -66.722065 49.550435 24.512218
v -66.722065 49.550435 24.728098
v -66.989050 49.673851 24.728098
v -73.926306 49.397791 24.728098
v -74.088025 49.673851 24.728098
v -74.355010 49.550435 24.728098
v -74.355010 49.550435 24.512218
v -74.202366 49.397791 24.452037
v -73.926306 49.397791 24.452037
v -74.660350 50.131818 24.728098
v -74.660350 50.131818 24.452037
v -74.660350 49.855758 24.452037
v -74.507706 49.703131 24.512218
v -74.507706 49.703131 24.728098
v -74.384290 49.970116 24.728098
v -74.660350 60.087569 24.728098
v -74.384290 60.249289 24.728098
v -74.507706 60.516273 24.728098
v -74.507706 60.516273 24.512218
v -74.660350 60.363629 24.452037
v -74.660350 60.087569 24.452037
v -73.465406 51.326779 24.728098
v -73.741466 50.936361 24.728098
v -73.312745 50.898058 24.728098
v -73.219247 50.991573 24.902395
v -73.350047 51.171306 24.947997
v -73.337159 51.491674 24.972566
v -73.465406 58.892625 24.728098
v -73.337159 58.727713 24.972566
v -73.350047 59.048081 24.947997
v -73.219247 59.227814 24.902395
v -73.312745 59.321329 24.728098
v -73.741466 59.283026 24.728098
v -68.345713 50.592735 24.728098
v -67.955312 50.316675 24.728098
v -67.917009 50.745379 24.728098
v -68.010524 50.838895 24.902395
v -68.190257 50.708094 24.947997
v -68.510625 50.720965 24.972566
v -72.731362 50.592735 24.728098
v -72.566450 50.720965 24.972566
v -72.886818 50.708094 24.947997
v -73.066551 50.838895 24.902395
v -73.160066 50.745379 24.728098
v -73.121780 50.316675 24.728098
v -72.431371 52.407797 26.699237
v -72.559618 52.304568 26.454768
v -72.546729 52.011133 26.479320
v -72.364322 51.866564 26.514587
v -72.263077 51.963426 26.699237
v -72.155310 52.246077 26.699237
v -72.431371 57.811590 26.699237
v -72.155310 57.973310 26.699237
v -72.263077 58.255961 26.699237
v -72.364322 58.352841 26.514587
v -72.546729 58.208272 26.479320
v -72.559618 57.914837 26.454768
v -69.426731 51.626753 26.699237
v -69.323501 51.498506 26.454768
v -69.030084 51.511395 26.479320
v -68.885497 51.693802 26.514587
v -68.982377 51.795064 26.699237
v -69.265028 51.902814 26.699237
v -71.650344 51.626753 26.699237
v -71.812047 51.902814 26.699237
v -72.094698 51.795064 26.699237
v -72.191578 51.693802 26.514587
v -72.046991 51.511395 26.479320
v -71.753574 51.498506 26.454768
v -66.111385 49.245147 15.898258
v -66.111385 49.245147 15.682397
v -65.958741 49.397791 15.622198
v -65.806097 49.245147 15.682397
v -65.806097 49.245147 15.898258
v -65.806097 49.550435 15.898258
v -66.111385 49.550435 15.898258
v -66.111385 49.245147 10.695627
v -65.958741 49.245147 10.695627
v -65.806097 49.245147 10.695627
v -65.806097 49.245147 10.911489
v -65.958741 49.397791 10.971687
v -66.111385 49.245147 10.911489
v -66.569369 49.703131 15.898258
v -66.217289 49.773147 15.898258
v -66.416725 50.131818 15.898258
v -66.416725 50.131818 16.174319
v -66.416725 49.855758 16.174319
v -66.569369 49.703131 16.114138
v -66.569369 49.703131 24.728098
v -66.569369 49.703131 24.512218
v -66.416725 49.855758 24.452037
v -66.416725 50.131818 24.452037
v -66.416725 50.131818 24.728098
v -66.692785 49.970116 24.728098
v -67.764330 50.898058 24.728098
v -67.335609 50.936361 24.728098
v -67.611669 51.326779 24.728098
v -67.739916 51.491674 24.972566
v -67.727028 51.171306 24.947997
v -67.857846 50.991573 24.902395
v -68.813998 51.963426 26.699237
v -68.712735 51.866564 26.514587
v -68.530329 52.011133 26.479320
v -68.517457 52.304568 26.454768
v -68.645704 52.407797 26.699237
v -68.921765 52.246077 26.699237
v -74.965690 49.245147 15.898258
v -74.918880 49.480402 15.898258
v -75.118317 49.673851 15.898258
v -75.118317 49.673851 15.622198
v -75.118317 49.397791 15.622198
v -74.965690 49.245147 15.682397
v -59.870508 51.511395 26.479320
v -59.725939 51.693802 26.514587
v -59.822801 51.795064 26.699237
v -60.105453 51.902814 26.699237
v -60.267155 51.626753 26.699237
v -60.163926 51.498506 26.454768
v -59.030681 50.708094 24.947997
v -59.351049 50.720965 24.972566
v -59.186137 50.592735 24.728098
v -58.795736 50.316675 24.728098
v -58.757433 50.745379 24.728098
v -58.850948 50.838895 24.902395
v -58.567469 51.171306 24.947997
v -58.698270 50.991573 24.902395
v -58.604737 50.898058 24.728098
v -58.176050 50.936361 24.728098
v -58.452110 51.326779 24.728098
v -58.580340 51.491674 24.972566
v -59.370770 52.011133 26.479320
v -59.357864 52.304568 26.454768
v -59.486111 52.407797 26.699237
v -59.762172 52.246077 26.699237
v -59.654439 51.963426 26.699237
v -59.553160 51.866564 26.514587
v -57.715116 49.397791 24.452037
v -57.562489 49.550435 24.512218
v -57.562489 49.550435 24.728098
v -57.829474 49.673851 24.728098
v -57.991176 49.397791 24.728098
v -57.991176 49.397791 24.452037
v -57.715116 49.397791 16.174319
v -57.991176 49.397791 16.174319
v -57.991176 49.397791 15.898258
v -57.632505 49.198355 15.898258
v -57.562489 49.550435 15.898258
v -57.562489 49.550435 16.114138
v -57.257149 49.855758 16.174319
v -57.409793 49.703131 16.114138
v -57.409793 49.703131 15.898258
v -57.057713 49.773147 15.898258
v -57.257149 50.131818 15.898258
v -57.257149 50.131818 16.174319
v -57.257149 49.855758 24.452037
v -57.257149 50.131818 24.452037
v -57.257149 50.131818 24.728098
v -57.533209 49.970116 24.728098
v -57.409793 49.703131 24.728098
v -57.409793 49.703131 24.512218
v -57.257149 48.939807 15.622198
v -57.104505 49.092451 15.682397
v -57.104505 49.092451 15.898258
v -57.339760 49.139243 15.898258
v -57.533209 48.939807 15.898258
v -57.533209 48.939807 15.622198
v -56.799165 49.397791 15.622198
v -56.799165 49.673851 15.622198
v -56.998619 49.480402 15.898258
v -56.951809 49.245147 15.898258
v -56.951809 49.245147 15.682397
v -63.387153 52.011133 26.479320
v -63.204764 51.866564 26.514587
v -63.103484 51.963426 26.699237
v -62.995734 52.246077 26.699237
v -63.271795 52.407797 26.699237
v -63.400042 52.304568 26.454768
v -64.190454 51.171306 24.947997
v -64.177583 51.491674 24.972566
v -64.305813 51.326779 24.728098
v -64.581873 50.936361 24.728098
v -64.153186 50.898058 24.728098
v -64.059671 50.991573 24.902395
v -63.727242 50.708094 24.947997
v -63.906975 50.838895 24.902395
v -64.000473 50.745379 24.728098
v -63.962187 50.316675 24.728098
v -63.571786 50.592735 24.728098
v -63.406874 50.720965 24.972566
v -62.887415 51.511395 26.479320
v -62.593998 51.498506 26.454768
v -62.490751 51.626753 26.699237
v -62.652471 51.902814 26.699237
v -62.935139 51.795064 26.699237
v -63.031985 51.693802 26.514587
v -65.500774 49.855758 24.452037
v -65.348113 49.703131 24.512218
v -65.348113 49.703131 24.728098
v -65.224714 49.970116 24.728098
v -65.500774 50.131818 24.728098
v -65.500774 50.131818 24.452037
v -65.500774 49.855758 16.174319
v -65.500774 50.131818 16.174319
v -65.500774 50.131818 15.898258
v -65.700211 49.773147 15.898258
v -65.348113 49.703131 15.898258
v -65.348113 49.703131 16.114138
v -65.042773 49.397791 16.174319
v -65.195434 49.550435 16.114138
v -65.195434 49.550435 15.898258
v -65.125401 49.198355 15.898258
v -64.766713 49.397791 15.898258
v -64.766713 49.397791 16.174319
v -65.042773 49.397791 24.452037
v -64.766713 49.397791 24.452037
v -64.766713 49.397791 24.728098
v -64.928432 49.673851 24.728098
v -65.195434 49.550435 24.728098
v -65.195434 49.550435 24.512218
v -65.500774 48.939807 15.622198
v -65.224714 48.939807 15.622198
v -65.224714 48.939807 15.898258
v -65.418146 49.139243 15.898258
v -65.653418 49.092451 15.898258
v -65.653418 49.092451 15.682397
v -58.452110 58.892625 24.728098
v -58.176050 59.283026 24.728098
v -58.604737 59.321329 24.728098
v -58.698270 59.227814 24.902395
v -58.567469 59.048081 24.947997
v -58.580340 58.727713 24.972566
v -57.257149 60.087569 24.728098
v -57.257149 60.087569 24.452037
v -57.257149 60.363629 24.452037
v -57.409793 60.516273 24.512218
v -57.409793 60.516273 24.728098
v -57.533209 60.249289 24.728098
v -57.257149 60.087569 15.898258
v -57.057713 60.446240 15.898258
v -57.409793 60.516273 15.898258
v -57.409793 60.516273 16.114138
v -57.257149 60.363629 16.174319
v -57.257149 60.087569 16.174319
v -56.799165 60.545553 15.622198
v -56.799165 60.821613 15.622198
v -56.951809 60.974257 15.682397
v -56.951809 60.974257 15.898258
v -56.998619 60.739002 15.898258
v -57.533209 61.279580 15.898258
v -57.339760 61.080144 15.898258
v -57.104505 61.126936 15.898258
v -57.104505 61.126936 15.682397
v -57.257149 61.279580 15.622198
v -57.533209 61.279580 15.622198
v -65.224714 61.279580 15.898258
v -65.224714 61.279580 15.622198
v -65.500774 61.279580 15.622198
v -65.653418 61.126936 15.682397
v -65.653418 61.126936 15.898258
v -65.418146 61.080144 15.898258
v -64.766713 60.821613 15.898258
v -65.125401 61.021050 15.898258
v -65.195434 60.668969 15.898258
v -65.195434 60.668969 16.114138
v -65.042773 60.821613 16.174319
v -64.766713 60.821613 16.174319
v -57.991176 60.821613 15.898258
v -57.991176 60.821613 16.174319
v -57.715116 60.821613 16.174319
v -57.562489 60.668969 16.114138
v -57.562489 60.668969 15.898258
v -57.632505 61.021050 15.898258
v -65.500774 60.087569 15.898258
v -65.500774 60.087569 16.174319
v -65.500774 60.363629 16.174319
v -65.348113 60.516273 16.114138
v -65.348113 60.516273 15.898258
v -65.700211 60.446240 15.898258
v -64.766713 60.821613 24.728098
v -64.766713 60.821613 24.452037
v -65.042773 60.821613 24.452037
v -65.195434 60.668969 24.512218
v -65.195434 60.668969 24.728098
v -64.928432 60.545553 24.728098
v -57.991176 60.821613 24.728098
v -57.829474 60.545553 24.728098
v -57.562489 60.668969 24.728098
v -57.562489 60.668969 24.512218
v -57.715116 60.821613 24.452037
v -57.991176 60.821613 24.452037
v -65.500774 60.087569 24.728098
v -65.224714 60.249289 24.728098
v -65.348113 60.516273 24.728098
v -65.348113 60.516273 24.512218
v -65.500774 60.363629 24.452037
v -65.500774 60.087569 24.452037
v -64.305813 58.892625 24.728098
v -64.177583 58.727713 24.972566
v -64.190454 59.048081 24.947997
v -64.059671 59.227814 24.902395
v -64.153186 59.321329 24.728098
v -64.581873 59.283026 24.728098
v -63.571786 59.626669 24.728098
v -63.962187 59.902729 24.728098
v -64.000473 59.474008 24.728098
v -63.906975 59.380492 24.902395
v -63.727242 59.511293 24.947997
v -63.406874 59.498422 24.972566
v -59.186137 59.626669 24.728098
v -59.351049 59.498422 24.972566
v -59.030681 59.511293 24.947997
v -58.850948 59.380492 24.902395
v -58.757433 59.474008 24.728098
v -58.795736 59.902729 24.728098
v -59.486111 57.811590 26.699237
v -59.357864 57.914837 26.454768
v -59.370770 58.208272 26.479320
v -59.553160 58.352841 26.514587
v -59.654439 58.255961 26.699237
v -59.762172 57.973310 26.699237
v -62.490751 58.592634 26.699237
v -62.593998 58.720881 26.454768
v -62.887415 58.708010 26.479320
v -63.031985 58.525603 26.514587
v -62.935139 58.424340 26.699237
v -62.652471 58.316573 26.699237
v -60.267155 58.592634 26.699237
v -60.105453 58.316573 26.699237
v -59.822801 58.424340 26.699237
v -59.725939 58.525603 26.514587
v -59.870508 58.708010 26.479320
v -60.163926 58.720881 26.454768
v -63.271795 57.811590 26.699237
v -62.995734 57.973310 26.699237
v -63.103484 58.255961 26.699237
v -63.204764 58.352824 26.514587
v -63.387153 58.208272 26.479320
v -63.400042 57.914837 26.454768
v -65.806097 60.974257 15.898258
v -65.806097 60.974257 15.682397
v -65.958741 60.821613 15.622198
v -66.111385 60.974257 15.682397
v -66.111385 60.974257 15.898258
v -66.111385 60.668969 15.898258
v -65.806097 60.668969 15.898258
v -65.806097 60.974257 10.695627
v -65.958741 60.974257 10.695627
v -66.111385 60.974257 10.695627
v -66.111385 60.974257 10.911489
v -65.958741 60.821613 10.971687
v -65.806097 60.974257 10.911489
v -72.046991 58.708010 26.479320
v -72.191578 58.525603 26.514587
v -72.094698 58.424340 26.699237
v -71.812047 58.316573 26.699237
v -71.650344 58.592634 26.699237
v -71.753574 58.720881 26.454768
v -72.886818 59.511293 24.947997
v -72.566450 59.498422 24.972566
v -72.731362 59.626669 24.728098
v -73.121780 59.902729 24.728098
v -73.160066 59.474008 24.728098
v -73.066551 59.380492 24.902395
v -74.202366 60.821613 24.452037
v -74.355010 60.668969 24.512218
v -74.355010 60.668969 24.728098
v -74.088025 60.545553 24.728098
v -73.926306 60.821613 24.728098
v -73.926306 60.821613 24.452037
v -74.202366 60.821613 16.174319
v -73.926306 60.821613 16.174319
v -73.926306 60.821613 15.898258
v -74.284977 61.021050 15.898258
v -74.355010 60.668969 15.898258
v -74.355010 60.668969 16.114138
v -74.660350 61.279580 15.622198
v -74.813011 61.126936 15.682397
v -74.813011 61.126936 15.898258
v -74.577739 61.080144 15.898258
v -74.384290 61.279580 15.898258
v -74.384290 61.279580 15.622198
v -75.118317 60.821613 15.622198
v -75.118317 60.545553 15.622198
v -75.118317 60.545553 15.898258
v -74.918880 60.739002 15.898258
v -74.965690 60.974257 15.898258
v -74.965690 60.974257 15.682397
v -68.530329 58.208272 26.479320
v -68.712735 58.352841 26.514587
v -68.813998 58.255961 26.699237
v -68.921765 57.973310 26.699237
v -68.645704 57.811590 26.699237
v -68.517457 57.914837 26.454768
v -67.727028 59.048081 24.947997
v -67.739916 58.727713 24.972566
v -67.611669 58.892625 24.728098
v -67.335609 59.283026 24.728098
v -67.764330 59.321329 24.728098
v -67.857846 59.227814 24.902395
v -68.190257 59.511293 24.947997
v -68.010524 59.380492 24.902395
v -67.917009 59.474008 24.728098
v -67.955312 59.902729 24.728098
v -68.345713 59.626669 24.728098
v -68.510625 59.498422 24.972566
v -69.030084 58.708010 26.479320
v -69.323501 58.720881 26.454768
v -69.426731 58.592634 26.699237
v -69.265028 58.316573 26.699237
v -68.982377 58.424340 26.699237
v -68.885497 58.525603 26.514587
v -66.416725 60.363629 24.452037
v -66.569369 60.516273 24.512218
v -66.569369 60.516273 24.728098
v -66.692785 60.249289 24.728098
v -66.416725 60.087569 24.728098
v -66.416725 60.087569 24.452037
v -66.416725 60.363629 16.174319
v -66.416725 60.087569 16.174319
v -66.416725 60.087569 15.898258
v -66.217289 60.446240 15.898258
v -66.569369 60.516273 15.898258
v -66.569369 60.516273 16.114138
v -66.874709 60.821613 16.174319
v -66.722065 60.668969 16.114138
v -66.722065 60.668969 15.898258
v -66.792098 61.021050 15.898258
v -67.150769 60.821613 15.898258
v -67.150769 60.821613 16.174319
v -66.874709 60.821613 24.452037
v -67.150769 60.821613 24.452037
v -67.150769 60.821613 24.728098
v -66.989050 60.545553 24.728098
v -66.722065 60.668969 24.728098
v -66.722065 60.668969 24.512218
v -66.416725 61.279580 15.622198
v -66.692785 61.279580 15.622198
v -66.692785 61.279580 15.898258
v -66.499336 61.080144 15.898258
v -66.264081 61.126936 15.898258
v -66.264081 61.126936 15.682397
v -72.708432 60.859761 22.105059
v -72.175911 60.939750 23.390689
v -70.890264 60.972877 23.923227
v -69.604634 60.939750 23.390689
v -69.072114 60.859761 22.105059
v -70.890264 61.809995 20.154107
v -72.175911 61.945575 20.673842
v -72.708432 62.272845 21.928588
v -72.175911 62.600131 23.183333
v -70.890264 62.735712 23.703069
v -69.604634 62.600131 23.183333
v -69.072114 62.272845 21.928588
v -69.604634 61.945575 20.673842
v -70.890264 62.685710 19.798179
v -72.175911 62.951194 20.265100
v -72.708432 63.592085 21.392358
v -72.175911 64.233011 22.519650
v -70.890264 64.498477 22.986571
v -69.604634 64.233011 22.519650
v -69.072114 63.592085 21.392358
v -69.604634 62.951194 20.265100
v -70.890264 63.439441 19.227683
v -72.175911 63.816729 19.609975
v -72.708432 64.727573 20.532948
v -72.175911 65.638433 21.455904
v -70.890264 66.015739 21.838195
v -69.604634 65.638433 21.455904
v -69.072114 64.727573 20.532948
v -69.604634 63.816729 19.609975
v -70.890264 64.019823 18.481544
v -72.175911 64.483207 18.753153
v -72.708432 65.601924 19.408917
v -72.175911 66.720641 20.064646
v -70.890264 67.184026 20.336255
v -69.604634 66.720641 20.064646
v -69.072114 65.601924 19.408917
v -69.604634 64.483207 18.753153
v -70.890264 64.387328 17.610539
v -72.175911 64.905217 17.752987
v -72.708432 66.155512 18.096854
v -72.175911 67.405806 18.440722
v -70.890264 67.923695 18.583169
v -69.604634 67.405806 18.440722
v -69.072114 66.155512 18.096854
v -69.604634 64.905217 17.752987
v -70.890264 64.532778 16.559699
v -72.175911 65.065212 16.597036
v -72.708432 66.350617 16.687187
v -72.175911 67.636040 16.777338
v -70.890264 68.168474 16.814675
v -69.604634 67.636040 16.777338
v -69.072114 66.350617 16.687187
v -69.604634 65.065212 16.597036
v -69.604634 60.821613 20.814219
v -72.175911 60.821613 20.814219
v -70.890264 60.821613 20.277558
v -69.072114 60.821613 22.105059
v -69.604634 60.821613 23.390689
v -70.890264 60.821613 23.923227
v -72.175911 60.821613 23.390689
v -72.708432 60.821613 22.105059
v -69.326245 60.821613 21.491498
v -72.454284 60.821613 21.491498
v -69.604634 65.097424 6.292172
v -69.072114 66.383071 6.292172
v -69.604634 67.668719 6.292172
v -70.890264 68.201239 6.292172
v -72.175911 67.668719 6.292172
v -72.708432 66.383071 6.292172
v -72.175911 65.097424 6.292172
v -70.890264 64.564904 6.292172
v -69.604634 65.097424 3.742152
v -69.072114 66.383071 3.742152
v -69.604634 67.668719 3.742152
v -70.890264 68.201239 3.742152
v -72.175911 67.668719 3.742152
v -72.708432 66.383071 3.742152
v -72.175911 65.097424 3.742152
v -70.890264 64.564904 3.742152
v -69.052203 69.002366 3.742152
v -69.052203 69.002366 6.292172
v -70.337833 69.534903 6.292172
v -70.337833 69.534903 3.742152
v -60.663698 69.534903 3.742152
v -60.663698 69.534903 6.292172
v -61.949328 69.002366 6.292172
v -61.949328 69.002366 3.742152
v -60.111267 64.564904 3.742152
v -58.825637 65.097424 3.742152
v -58.293117 66.383071 3.742152
v -58.825637 67.668719 3.742152
v -60.111267 68.201239 3.742152
v -61.396914 67.668719 3.742152
v -61.929434 66.383071 3.742152
v -61.396914 65.097424 3.742152
v -60.111267 64.564904 6.292172
v -58.825637 65.097424 6.292172
v -58.293117 66.383071 6.292172
v -58.825637 67.668719 6.292172
v -60.111267 68.201239 6.292172
v -61.396914 67.668719 6.292172
v -61.929434 66.383071 6.292172
v -61.396914 65.097424 6.292172
v -58.547248 60.821613 21.491498
v -61.675286 60.821613 21.491498
v -58.293117 60.821613 22.105059
v -58.825637 60.821613 23.390689
v -60.111267 60.821613 23.923227
v -61.396914 60.821613 23.390689
v -61.929434 60.821613 22.105059
v -60.111267 60.821613 20.277558
v -58.825637 60.821613 20.814219
v -61.396914 60.821613 20.814219
v -61.396914 65.065212 16.597036
v -61.929434 66.350617 16.687187
v -61.396914 67.636040 16.777338
v -60.111267 68.168474 16.814675
v -58.825637 67.636040 16.777338
v -58.293117 66.350617 16.687187
v -58.825637 65.065212 16.597036
v -60.111267 64.532778 16.559699
v -61.396914 64.905217 17.752987
v -61.929434 66.155512 18.096854
v -61.396914 67.405806 18.440722
v -60.111267 67.923695 18.583169
v -58.825637 67.405806 18.440722
v -58.293117 66.155512 18.096854
v -58.825637 64.905217 17.752987
v -60.111267 64.387328 17.610539
v -61.396914 64.483207 18.753153
v -61.929434 65.601924 19.408917
v -61.396914 66.720641 20.064646
v -60.111267 67.184026 20.336255
v -58.825637 66.720641 20.064646
v -58.293117 65.601924 19.408917
v -58.825637 64.483207 18.753153
v -60.111267 64.019823 18.481544
v -61.396914 63.816729 19.609975
v -61.929434 64.727573 20.532948
v -61.396914 65.638433 21.455904
v -60.111267 66.015739 21.838195
v -58.825637 65.638433 21.455904
v -58.293117 64.727573 20.532948
v -58.825637 63.816729 19.609975
v -60.111267 63.439441 19.227683
v -61.396914 62.951194 20.265100
v -61.929434 63.592085 21.392358
v -61.396914 64.233011 22.519650
v -60.111267 64.498477 22.986571
v -58.825637 64.233011 22.519650
v -58.293117 63.592085 21.392358
v -58.825637 62.951194 20.265100
v -60.111267 62.685710 19.798179
v -61.396914 61.945575 20.673842
v -61.929434 62.272845 21.928588
v -61.396914 62.600131 23.183333
v -60.111267 62.735712 23.703069
v -58.825637 62.600131 23.183333
v -58.293117 62.272845 21.928588
v -58.825637 61.945575 20.673842
v -60.111267 61.809995 20.154107
v -61.929434 60.859761 22.105059
v -61.396914 60.939750 23.390689
v -60.111267 60.972877 23.923227
v -58.825637 60.939750 23.390689
v -58.293117 60.859761 22.105059
v -60.663698 72.033645 4.797323
v -70.337833 72.033645 4.797323
v -70.337833 72.033645 3.742152
v -60.663698 72.033645 3.742152
v -60.663698 72.033645 -3.362794
v -70.337833 72.033645 -3.362794
v -70.337833 72.033645 -4.417982
v -60.663698 72.033645 -4.417982
v -58.293117 60.859761 -21.725718
v -58.825637 60.939750 -23.011365
v -60.111267 60.972877 -23.543903
v -61.396914 60.939750 -23.011365
v -61.929434 60.859761 -21.725718
v -60.111267 61.809995 -19.774783
v -58.825637 61.945575 -20.294501
v -58.293117 62.272845 -21.549246
v -58.825637 62.600131 -22.803992
v -60.111267 62.735712 -23.323745
v -61.396914 62.600131 -22.803992
v -61.929434 62.272845 -21.549246
v -61.396914 61.945575 -20.294501
v -60.111267 62.685710 -19.418820
v -58.825637 62.951194 -19.885759
v -58.293117 63.592085 -21.013034
v -58.825637 64.233011 -22.140309
v -60.111267 64.498477 -22.607230
v -61.396914 64.233011 -22.140309
v -61.929434 63.592085 -21.013034
v -61.396914 62.951194 -19.885759
v -60.111267 63.439441 -18.848342
v -58.825637 63.816729 -19.230651
v -58.293117 64.727573 -20.153607
v -58.825637 65.638433 -21.076562
v -60.111267 66.015739 -21.458871
v -61.396914 65.638433 -21.076562
v -61.929434 64.727573 -20.153607
v -61.396914 63.816729 -19.230651
v -60.111267 64.019823 -18.102203
v -58.825637 64.483207 -18.373829
v -58.293117 65.601924 -19.029558
v -58.825637 66.720641 -19.685305
v -60.111267 67.184026 -19.956914
v -61.396914 66.720641 -19.685305
v -61.929434 65.601924 -19.029558
v -61.396914 64.483207 -18.373829
v -60.111267 64.387328 -17.231198
v -58.825637 64.905217 -17.373645
v -58.293117 66.155512 -17.717513
v -58.825637 67.405806 -18.061398
v -60.111267 67.923695 -18.203827
v -61.396914 67.405806 -18.061398
v -61.929434 66.155512 -17.717513
v -61.396914 64.905217 -17.373645
v -60.111267 64.532778 -16.180358
v -58.825637 65.065212 -16.217695
v -58.293117 66.350617 -16.307846
v -58.825637 67.636040 -16.398014
v -60.111267 68.168474 -16.435351
v -61.396914 67.636040 -16.398014
v -61.929434 66.350617 -16.307846
v -61.396914 65.065212 -16.217695
v -61.396914 60.821613 -20.434877
v -58.825637 60.821613 -20.434877
v -60.111267 60.821613 -19.898216
v -61.929434 60.821613 -21.725718
v -61.396914 60.821613 -23.011365
v -60.111267 60.821613 -23.543903
v -58.825637 60.821613 -23.011365
v -58.293117 60.821613 -21.725718
v -61.675286 60.821613 -21.112157
v -58.547248 60.821613 -21.112157
v -61.396914 65.097424 -5.912831
v -61.929434 66.383071 -5.912831
v -61.396914 67.668719 -5.912831
v -60.111267 68.201239 -5.912831
v -58.825637 67.668719 -5.912831
v -58.293117 66.383071 -5.912831
v -58.825637 65.097424 -5.912831
v -60.111267 64.564904 -5.912831
v -61.396914 65.097424 -3.362794
v -61.929434 66.383071 -3.362794
v -61.396914 67.668719 -3.362794
v -60.111267 68.201239 -3.362794
v -58.825637 67.668719 -3.362794
v -58.293117 66.383071 -3.362794
v -58.825637 65.097424 -3.362794
v -60.111267 64.564904 -3.362794
v -61.949328 69.002366 -3.362794
v -61.949328 69.002366 -5.912831
v -60.663698 69.534903 -5.912831
v -60.663698 69.534903 -3.362794
v -70.337833 69.534903 -3.362794
v -70.337833 69.534903 -5.912831
v -69.052203 69.002366 -5.912831
v -69.052203 69.002366 -3.362794
v -70.890264 64.564904 -3.362794
v -72.175911 65.097424 -3.362794
v -72.708432 66.383071 -3.362794
v -72.175911 67.668719 -3.362794
v -70.890264 68.201239 -3.362794
v -69.604634 67.668719 -3.362794
v -69.072114 66.383071 -3.362794
v -69.604634 65.097424 -3.362794
v -70.890264 64.564904 -5.912831
v -72.175911 65.097424 -5.912831
v -72.708432 66.383071 -5.912831
v -72.175911 67.668719 -5.912831
v -70.890264 68.201239 -5.912831
v -69.604634 67.668719 -5.912831
v -69.072114 66.383071 -5.912831
v -69.604634 65.097424 -5.912831
v -72.454284 60.821613 -21.112157
v -69.326245 60.821613 -21.112157
v -72.708432 60.821613 -21.725718
v -72.175911 60.821613 -23.011365
v -70.890264 60.821613 -23.543903
v -69.604634 60.821613 -23.011365
v -69.072114 60.821613 -21.725718
v -70.890264 60.821613 -19.898216
v -72.175911 60.821613 -20.434877
v -69.604634 60.821613 -20.434877
v -69.604634 65.065212 -16.217695
v -69.072114 66.350617 -16.307846
v -69.604634 67.636040 -16.398014
v -70.890264 68.168474 -16.435351
v -72.175911 67.636040 -16.398014
v -72.708432 66.350617 -16.307846
v -72.175911 65.065212 -16.217695
v -70.890264 64.532778 -16.180358
v -69.604634 64.905217 -17.373645
v -69.072114 66.155512 -17.717513
v -69.604634 67.405806 -18.061398
v -70.890264 67.923695 -18.203827
v -72.175911 67.405806 -18.061398
v -72.708432 66.155512 -17.717513
v -72.175911 64.905217 -17.373645
v -70.890264 64.387328 -17.231198
v -69.604634 64.483207 -18.373829
v -69.072114 65.601924 -19.029558
v -69.604634 66.720641 -19.685305
v -70.890264 67.184026 -19.956914
v -72.175911 66.720641 -19.685305
v -72.708432 65.601924 -19.029558
v -72.175911 64.483207 -18.373829
v -70.890264 64.019823 -18.102203
v -69.604634 63.816729 -19.230651
v -69.072114 64.727573 -20.153607
v -69.604634 65.638433 -21.076562
v -70.890264 66.015739 -21.458871
v -72.175911 65.638433 -21.076562
v -72.708432 64.727573 -20.153607
v -72.175911 63.816729 -19.230651
v -70.890264 63.439441 -18.848342
v -69.604634 62.951194 -19.885759
v -69.072114 63.592085 -21.013034
v -69.604634 64.233011 -22.140309
v -70.890264 64.498477 -22.607230
v -72.175911 64.233011 -22.140309
v -72.708432 63.592085 -21.013034
v -72.175911 62.951194 -19.885759
v -70.890264 62.685710 -19.418820
v -69.604634 61.945575 -20.294501
v -69.072114 62.272845 -21.549246
v -69.604634 62.600131 -22.803992
v -70.890264 62.735712 -23.323745
v -72.175911 62.600131 -22.803992
v -72.708432 62.272845 -21.549246
v -72.175911 61.945575 -20.294501
v -70.890264 61.809995 -19.774783
v -69.072114 60.859761 -21.725718
v -69.604634 60.939750 -23.011365
v -70.890264 60.972877 -23.543903
v -72.175911 60.939750 -23.011365
v -72.708432 60.859761 -21.725718
v -63.299711 49.359626 22.105059
v -62.767174 49.279655 23.390689
v -61.481544 49.246527 23.923227
v -60.195914 49.279655 23.390689
v -59.663377 49.359626 22.105059
v -61.481544 48.409392 20.154107
v -62.767174 48.273829 20.673842
v -63.299711 47.946542 21.928588
v -62.767174 47.619256 23.183333
v -61.481544 47.483676 23.703069
v -60.195914 47.619256 23.183333
v -59.663377 47.946542 21.928588
v -60.195914 48.273829 20.673842
v -61.481544 47.533694 19.798179
v -62.767174 47.268211 20.265100
v -63.299711 46.627302 21.392358
v -62.767174 45.986394 22.519650
v -61.481544 45.720910 22.986571
v -60.195914 45.986394 22.519650
v -59.663377 46.627302 21.392358
v -60.195914 47.268211 20.265100
v -61.481544 46.779946 19.227683
v -62.767174 46.402675 19.609975
v -63.299711 45.491815 20.532948
v -62.767174 44.580954 21.455904
v -61.481544 44.203666 21.838195
v -60.195914 44.580954 21.455904
v -59.663377 45.491815 20.532948
v -60.195914 46.402675 19.609975
v -61.481544 46.199581 18.481544
v -62.767174 45.736197 18.753153
v -63.299711 44.617480 19.408917
v -62.767174 43.498763 20.064646
v -61.481544 43.035379 20.336255
v -60.195914 43.498763 20.064646
v -59.663377 44.617480 19.408917
v -60.195914 45.736197 18.753153
v -61.481544 45.832076 17.610539
v -62.767174 45.314187 17.752987
v -63.299711 44.063876 18.096854
v -62.767174 42.813581 18.440722
v -61.481544 42.295692 18.583169
v -60.195914 42.813581 18.440722
v -59.663377 44.063876 18.096854
v -60.195914 45.314187 17.752987
v -61.481544 45.686627 16.559699
v -62.767174 45.154193 16.597036
v -63.299711 43.868770 16.687187
v -62.767174 42.583347 16.777338
v -61.481544 42.050931 16.814675
v -60.195914 42.583364 16.777338
v -59.663377 43.868770 16.687187
v -60.195914 45.154193 16.597036
v -60.195914 49.397791 20.814219
v -62.767174 49.397791 20.814219
v -61.481544 49.397791 20.277558
v -59.663377 49.397791 22.105059
v -60.195914 49.397791 23.390689
v -61.481544 49.397791 23.923227
v -62.767174 49.397791 23.390689
v -63.299711 49.397791 22.105059
v -59.917525 49.397791 21.491498
v -63.045563 49.397791 21.491498
v -60.195914 45.121980 10.337042
v -59.663377 43.836316 10.337042
v -60.195914 42.550686 10.337042
v -61.481544 42.018166 10.337042
v -62.767174 42.550686 10.337042
v -63.299711 43.836316 10.337042
v -62.767174 45.121980 10.337042
v -61.481544 45.654500 10.337042
v -60.195914 45.121980 9.356752
v -62.767174 45.121980 9.356752
v -62.767174 42.550686 9.356752
v -60.195914 42.550686 9.356752
v -65.958741 46.989821 9.356752
v -58.328056 46.989821 9.356752
v -75.963613 46.989821 9.356752
v -71.721602 42.550686 9.356752
v -69.150308 42.550686 9.356752
v -69.150308 45.121980 9.356752
v -71.721602 45.121980 9.356752
v -70.435955 45.654500 10.337042
v -69.150308 45.121980 10.337042
v -68.617788 43.836316 10.337042
v -69.150308 42.550686 10.337042
v -70.435955 42.018166 10.337042
v -71.721602 42.550686 10.337042
v -72.254105 43.836316 10.337042
v -71.721602 45.121980 10.337042
v -68.871936 49.397791 21.491498
v -71.999975 49.397791 21.491498
v -68.617788 49.397791 22.105059
v -69.150308 49.397791 23.390689
v -70.435955 49.397791 23.923227
v -71.721602 49.397791 23.390689
v -72.254105 49.397791 22.105059
v -70.435955 49.397791 20.277558
v -69.150308 49.397791 20.814219
v -71.721602 49.397791 20.814219
v -71.721602 45.154193 16.597036
v -72.254105 43.868770 16.687187
v -71.721602 42.583364 16.777338
v -70.435955 42.050931 16.814675
v -69.150308 42.583347 16.777338
v -68.617788 43.868770 16.687187
v -69.150308 45.154193 16.597036
v -70.435955 45.686627 16.559699
v -71.721602 45.314187 17.752987
v -72.254105 44.063876 18.096854
v -71.721602 42.813581 18.440722
v -70.435955 42.295692 18.583169
v -69.150308 42.813581 18.440722
v -68.617788 44.063876 18.096854
v -69.150308 45.314187 17.752987
v -70.435955 45.832076 17.610539
v -71.721602 45.736197 18.753153
v -72.254105 44.617480 19.408917
v -71.721602 43.498763 20.064646
v -70.435955 43.035379 20.336255
v -69.150308 43.498763 20.064646
v -68.617788 44.617480 19.408917
v -69.150308 45.736197 18.753153
v -70.435955 46.199581 18.481544
v -71.721602 46.402675 19.609975
v -72.254105 45.491815 20.532948
v -71.721602 44.580954 21.455904
v -70.435955 44.203666 21.838195
v -69.150308 44.580954 21.455904
v -68.617788 45.491815 20.532948
v -69.150308 46.402675 19.609975
v -70.435955 46.779946 19.227683
v -71.721602 47.268211 20.265100
v -72.254105 46.627302 21.392358
v -71.721602 45.986394 22.519650
v -70.435955 45.720910 22.986571
v -69.150308 45.986394 22.519650
v -68.617788 46.627302 21.392358
v -69.150308 47.268211 20.265100
v -70.435955 47.533694 19.798179
v -71.721602 48.273829 20.673842
v -72.254105 47.946542 21.928588
v -71.721602 47.619256 23.183333
v -70.435955 47.483676 23.703069
v -69.150308 47.619256 23.183333
v -68.617788 47.946542 21.928588
v -69.150308 48.273829 20.673842
v -70.435955 48.409392 20.154107
v -72.254105 49.359626 22.105059
v -71.721602 49.279655 23.390689
v -70.435955 49.246527 23.923227
v -69.150308 49.279655 23.390689
v -68.617788 49.359626 22.105059
v -58.328056 40.682845 8.440801
v -58.328056 41.598796 9.356752
v -75.963613 41.598796 9.356752
v -75.963613 40.682845 8.440801
v -75.963613 40.682845 -7.938458
v -75.963613 41.598796 -8.854408
v -58.328056 41.598796 -8.854408
v -58.328056 40.682845 -7.938458
v -68.617788 49.359626 -21.602716
v -69.150308 49.279655 -22.888346
v -70.435955 49.246527 -23.420883
v -71.721602 49.279655 -22.888346
v -72.254105 49.359626 -21.602716
v -70.435955 48.409392 -19.651746
v -69.150308 48.273829 -20.171481
v -68.617788 47.946542 -21.426244
v -69.150308 47.619256 -22.680990
v -70.435955 47.483676 -23.200725
v -71.721602 47.619256 -22.680990
v -72.254105 47.946542 -21.426244
v -71.721602 48.273829 -20.171481
v -70.435955 47.533694 -19.295818
v -69.150308 47.268211 -19.762757
v -68.617788 46.627302 -20.890015
v -69.150308 45.986394 -22.017289
v -70.435955 45.720910 -22.484228
v -71.721602 45.986394 -22.017289
v -72.254105 46.627302 -20.890015
v -71.721602 47.268211 -19.762757
v -70.435955 46.779946 -18.725340
v -69.150308 46.402675 -19.107632
v -68.617788 45.491815 -20.030604
v -69.150308 44.580954 -20.953560
v -70.435955 44.203666 -21.335852
v -71.721602 44.580954 -20.953560
v -72.254105 45.491815 -20.030604
v -71.721602 46.402675 -19.107632
v -70.435955 46.199581 -17.979201
v -69.150308 45.736197 -18.250809
v -68.617788 44.617480 -18.906556
v -69.150308 43.498763 -19.562286
v -70.435955 43.035379 -19.833912
v -71.721602 43.498763 -19.562286
v -72.254105 44.617480 -18.906556
v -71.721602 45.736197 -18.250809
v -70.435955 45.832076 -17.108179
v -69.150308 45.314187 -17.250626
v -68.617788 44.063876 -17.594511
v -69.150308 42.813581 -17.938378
v -70.435955 42.295692 -18.080808
v -71.721602 42.813581 -17.938378
v -72.254105 44.063876 -17.594511
v -71.721602 45.314187 -17.250626
v -70.435955 45.686627 -16.057355
v -69.150308 45.154193 -16.094693
v -68.617788 43.868770 -16.184826
v -69.150308 42.583347 -16.274977
v -70.435955 42.050931 -16.312314
v -71.721602 42.583364 -16.274977
v -72.254105 43.868770 -16.184826
v -71.721602 45.154193 -16.094693
v -71.721602 49.397791 -20.311858
v -69.150308 49.397791 -20.311858
v -70.435955 49.397791 -19.775197
v -72.254105 49.397791 -21.602716
v -71.721602 49.397791 -22.888346
v -70.435955 49.397791 -23.420883
v -69.150308 49.397791 -22.888346
v -68.617788 49.397791 -21.602716
v -71.999975 49.397791 -20.989155
v -68.871936 49.397791 -20.989155
v -71.721602 45.121980 -9.834681
v -72.254105 43.836316 -9.834681
v -71.721602 42.550686 -9.834681
v -70.435955 42.018166 -9.834681
v -69.150308 42.550686 -9.834681
v -68.617788 43.836316 -9.834681
v -69.150308 45.121980 -9.834681
v -70.435955 45.654500 -9.834681
v -71.721602 45.121980 -8.854408
v -69.150308 45.121980 -8.854408
v -69.150308 42.550686 -8.854408
v -71.721602 42.550686 -8.854408
v -75.963613 46.989821 -8.854408
v -58.328056 46.989821 -8.854408
v -65.958741 46.989821 -8.854408
v -60.195914 42.550686 -8.854408
v -62.767174 42.550686 -8.854408
v -62.767174 45.121980 -8.854408
v -60.195914 45.121980 -8.854408
v -61.481544 45.654500 -9.834681
v -62.767174 45.121980 -9.834681
v -63.299711 43.836316 -9.834681
v -62.767174 42.550686 -9.834681
v -61.481544 42.018166 -9.834681
v -60.195914 42.550686 -9.834681
v -59.663377 43.836316 -9.834681
v -60.195914 45.121980 -9.834681
v -63.045563 49.397791 -20.989155
v -59.917525 49.397791 -20.989155
v -63.299711 49.397791 -21.602716
v -62.767174 49.397791 -22.888346
v -61.481544 49.397791 -23.420883
v -60.195914 49.397791 -22.888346
v -59.663377 49.397791 -21.602716
v -61.481544 49.397791 -19.775197
v -62.767174 49.397791 -20.311858
v -60.195914 49.397791 -20.311858
v -60.195914 45.154193 -16.094693
v -59.663377 43.868770 -16.184826
v -60.195914 42.583364 -16.274977
v -61.481544 42.050931 -16.312314
v -62.767174 42.583347 -16.274977
v -63.299711 43.868770 -16.184826
v -62.767174 45.154193 -16.094693
v -61.481544 45.686627 -16.057355
v -60.195914 45.314187 -17.250626
v -59.663377 44.063876 -17.594511
v -60.195914 42.813581 -17.938378
v -61.481544 42.295692 -18.080808
v -62.767174 42.813581 -17.938378
v -63.299711 44.063876 -17.594511
v -62.767174 45.314187 -17.250626
v -61.481544 45.832076 -17.108179
v -60.195914 45.736197 -18.250809
v -59.663377 44.617480 -18.906556
v -60.195914 43.498763 -19.562286
v -61.481544 43.035379 -19.833912
v -62.767174 43.498763 -19.562286
v -63.299711 44.617480 -18.906556
v -62.767174 45.736197 -18.250809
v -61.481544 46.199581 -17.979201
v -60.195914 46.402675 -19.107632
v -59.663377 45.491815 -20.030604
v -60.195914 44.580954 -20.953560
v -61.481544 44.203666 -21.335852
v -62.767174 44.580954 -20.953560
v -63.299711 45.491815 -20.030604
v -62.767174 46.402675 -19.107632
v -61.481544 46.779946 -18.725340
v -60.195914 47.268211 -19.762757
v -59.663377 46.627302 -20.890015
v -60.195914 45.986394 -22.017289
v -61.481544 45.720910 -22.484228
v -62.767174 45.986394 -22.017289
v -63.299711 46.627302 -20.890015
v -62.767174 47.268211 -19.762757
v -61.481544 47.533694 -19.295818
v -60.195914 48.273829 -20.171481
v -59.663377 47.946542 -21.426244
v -60.195914 47.619256 -22.680990
v -61.481544 47.483676 -23.200725
v -62.767174 47.619256 -22.680990
v -63.299711 47.946542 -21.426244
v -62.767174 48.273829 -20.171481
v -61.481544 48.409392 -19.651746
v -59.663377 49.359626 -21.602716
v -60.195914 49.279655 -22.888346
v -61.481544 49.246527 -23.420883
v -62.767174 49.279655 -22.888346
v -63.299711 49.359626 -21.602716
v -111.025319 55.234274 0.000000
v -75.259901 52.452519 0.000000
v -86.108741 52.333295 0.000000
v -86.148477 51.935906 0.000000
v -87.499602 51.419294 0.000000
v -96.401234 51.459030 0.000000
v -97.871583 52.134601 0.000000
v -97.871583 52.889643 0.000000
v -97.156276 52.889643 0.000000
v -97.156276 53.287032 0.000000
v -102.044216 53.247296 0.000000
v -102.004481 52.412783 0.000000
v -103.037705 51.776948 0.000000
v -105.581014 51.816683 0.000000
v -107.051380 52.651213 0.000000
v -107.051380 53.525479 0.000000
v -109.276771 53.485743 0.000000
v -109.992077 53.724173 0.000000
v -110.548442 54.042091 0.000000
v -110.985567 54.598439 0.000000
v -75.259901 52.825200 -1.390878
v -86.108741 52.721954 -1.450490
v -86.148477 52.377810 -1.649184
v -87.499602 51.930402 -1.907490
v -96.401234 51.964824 -1.887614
v -97.871583 52.549864 -1.549837
v -97.871583 53.203765 -1.172324
v -97.156276 53.203765 -1.172324
v -97.156276 53.547909 -0.973613
v -102.044216 53.513505 -0.993489
v -102.004481 52.790796 -1.410754
v -103.037705 52.240142 -1.728655
v -105.581014 52.274563 -1.708778
v -107.051380 52.997272 -1.291531
v -107.051380 53.754402 -0.854389
v -109.276771 53.719998 -0.874266
v -109.992077 53.926491 -0.755059
v -110.548442 54.201809 -0.596100
v -110.985567 54.683620 -0.317918
v -75.259901 53.843397 -2.409074
v -86.108741 53.783785 -2.512321
v -86.148477 53.585090 -2.856465
v -87.499602 53.326767 -3.303855
v -96.401234 53.346643 -3.269451
v -97.871583 53.684438 -2.684393
v -97.871583 54.061950 -2.030509
v -97.156276 54.061950 -2.030509
v -97.156276 54.260662 -1.686349
v -102.044216 54.240785 -1.720770
v -102.004481 53.823520 -2.443478
v -103.037705 53.505602 -2.994115
v -105.581014 53.525479 -2.959711
v -107.051380 53.942726 -2.237003
v -107.051380 54.379868 -1.479856
v -109.276771 54.359992 -1.514277
v -109.992077 54.479215 -1.307784
v -110.548442 54.638174 -1.032465
v -110.985567 54.916357 -0.550637
v -75.259901 55.234274 -2.781756
v -86.108741 55.234274 -2.900962
v -86.148477 55.234274 -3.298368
v -87.499602 55.234274 -3.814980
v -96.401234 55.234274 -3.775228
v -97.871583 55.234274 -3.099674
v -97.871583 55.234274 -2.344614
v -97.156276 55.234274 -2.344614
v -97.156276 55.234274 -1.947226
v -102.044216 55.234274 -1.986978
v -102.004481 55.234274 -2.821491
v -103.037705 55.234274 -3.457327
v -105.581014 55.234274 -3.417591
v -107.051380 55.234274 -2.583061
v -107.051380 55.234274 -1.708778
v -109.276771 55.234274 -1.748531
v -109.992077 55.234274 -1.510084
v -110.548442 55.234274 -1.192183
v -110.985567 55.234274 -0.635836
v -75.259901 56.625135 -2.409074
v -86.108741 56.684764 -2.512321
v -86.148477 56.883458 -2.856465
v -87.499602 57.141765 -3.303855
v -96.401234 57.121888 -3.269451
v -97.871583 56.784094 -2.684393
v -97.871583 56.406582 -2.030509
v -97.156276 56.406582 -2.030509
v -97.156276 56.207870 -1.686349
v -102.044216 56.227746 -1.720770
v -102.004481 56.645011 -2.443478
v -103.037705 56.962929 -2.994115
v -105.581014 56.943053 -2.959711
v -107.051380 56.525805 -2.237003
v -107.051380 56.088664 -1.479856
v -109.276771 56.108540 -1.514277
v -109.992077 55.989316 -1.307784
v -110.548442 55.830358 -1.032465
v -110.985567 55.552175 -0.550637
v -75.259901 57.643332 -1.390878
v -86.108741 57.746578 -1.450490
v -86.148477 58.090739 -1.649184
v -87.499602 58.538129 -1.907490
v -96.401234 58.503725 -1.887614
v -97.871583 57.918667 -1.549837
v -97.871583 57.264767 -1.172324
v -97.156276 57.264767 -1.172324
v -97.156276 56.920623 -0.973613
v -102.044216 56.955027 -0.993489
v -102.004481 57.677753 -1.410754
v -103.037705 58.228389 -1.728655
v -105.581014 58.193985 -1.708778
v -107.051380 57.471260 -1.291531
v -107.051380 56.714130 -0.854389
v -109.276771 56.748534 -0.874266
v -109.992077 56.542041 -0.755059
v -110.548442 56.266740 -0.596100
v -110.985567 55.784911 -0.317918
v -75.259901 58.016013 0.000000
v -86.108741 58.135236 0.000000
v -86.148477 58.532642 0.000000
v -87.499602 59.049237 0.000000
v -96.401234 59.009502 0.000000
v -97.871583 58.333948 0.000000
v -97.871583 57.578889 0.000000
v -97.156276 57.578889 0.000000
v -97.156276 57.181500 0.000000
v -102.044216 57.221235 0.000000
v -102.004481 58.055748 0.000000
v -103.037705 58.691584 0.000000
v -105.581014 58.651849 0.000000
v -107.051380 57.817318 0.000000
v -107.051380 56.943053 0.000000
v -109.276771 56.982788 0.000000
v -109.992077 56.744359 0.000000
v -110.548442 56.426441 0.000000
v -110.985567 55.870110 0.000000
v -75.259901 57.643332 1.390878
v -86.108741 57.746578 1.450490
v -86.148477 58.090739 1.649184
v -87.499602 58.538129 1.907490
v -96.401234 58.503725 1.887614
v -97.871583 57.918667 1.549837
v -97.871583 57.264767 1.172324
v -97.156276 57.264767 1.172324
v -97.156276 56.920623 0.973613
v -102.044216 56.955027 0.993489
v -102.004481 57.677753 1.410754
v -103.037705 58.228389 1.728655
v -105.581014 58.193985 1.708778
v -107.051380 57.471260 1.291531
v -107.051380 56.714130 0.854389
v -109.276771 56.748534 0.874266
v -109.992077 56.542041 0.755059
v -110.548442 56.266740 0.596100
v -110.985567 55.784911 0.317918
v -75.259901 56.625135 2.409074
v -86.108741 56.684764 2.512321
v -86.148477 56.883458 2.856465
v -87.499602 57.141765 3.303855
v -96.401234 57.121888 3.269451
v -97.871583 56.784094 2.684393
v -97.871583 56.406582 2.030509
v -97.156276 56.406582 2.030509
v -97.156276 56.207870 1.686349
v -102.044216 56.227746 1.720770
v -102.004481 56.645011 2.443478
v -103.037705 56.962929 2.994115
v -105.581014 56.943053 2.959711
v -107.051380 56.525805 2.237003
v -107.051380 56.088664 1.479856
v -109.276771 56.108540 1.514277
v -109.992077 55.989316 1.307784
v -110.548442 55.830358 1.032465
v -110.985567 55.552175 0.550637
v -75.259901 55.234274 2.781756
v -86.108741 55.234274 2.900962
v -86.148477 55.234274 3.298368
v -87.499602 55.234274 3.814980
v -96.401234 55.234274 3.775228
v -97.871583 55.234274 3.099674
v -97.871583 55.234274 2.344614
v -97.156276 55.234274 2.344614
v -97.156276 55.234274 1.947226
v -102.044216 55.234274 1.986978
v -102.004481 55.234274 2.821491
v -103.037705 55.234274 3.457327
v -105.581014 55.234274 3.417591
v -107.051380 55.234274 2.583061
v -107.051380 55.234274 1.708778
v -109.276771 55.234274 1.748531
v -109.992077 55.234274 1.510084
v -110.548442 55.234274 1.192183
v -110.985567 55.234274 0.635836
v -75.259901 53.843397 2.409074
v -86.108741 53.783785 2.512321
v -86.148477 53.585090 2.856465
v -87.499602 53.326767 3.303855
v -96.401234 53.346643 3.269451
v -97.871583 53.684438 2.684393
v -97.871583 54.061950 2.030509
v -97.156276 54.061950 2.030509
v -97.156276 54.260662 1.686349
v -102.044216 54.240785 1.720770
v -102.004481 53.823520 2.443478
v -103.037705 53.505602 2.994115
v -105.581014 53.525479 2.959711
v -107.051380 53.942726 2.237003
v -107.051380 54.379868 1.479856
v -109.276771 54.359992 1.514277
v -109.992077 54.479215 1.307784
v -110.548442 54.638174 1.032465
v -110.985567 54.916357 0.550637
v -75.259901 52.825200 1.390878
v -86.108741 52.721954 1.450490
v -86.148477 52.377810 1.649184
v -87.499602 51.930402 1.907490
v -96.401234 51.964824 1.887614
v -97.871583 52.549864 1.549837
v -97.871583 53.203765 1.172324
v -97.156276 53.203765 1.172324
v -97.156276 53.547909 0.973613
v -102.044216 53.513505 0.993489
v -102.004481 52.790796 1.410754
v -103.037705 52.240142 1.728655
v -105.581014 52.274563 1.708778
v -107.051380 52.997272 1.291531
v -107.051380 53.754402 0.854389
v -109.276771 53.719998 0.874266
v -109.992077 53.926491 0.755059
v -110.548442 54.201809 0.596100
v -110.985567 54.683620 0.317918
v -101.983276 56.392364 2.005561
v -101.983276 57.234020 3.463124
v -102.568524 57.216663 3.433068
v -102.506911 57.624473 4.139299
v -101.860050 57.615794 4.124271
v -101.921680 57.850083 4.529976
v -101.213206 57.832726 4.499937
v -101.213206 58.223179 5.176113
v -102.106485 58.197160 5.131028
v -102.814942 59.264409 6.979269
v -102.436256 55.185067 2.702716
v -102.436256 56.026723 4.160263
v -102.909734 56.307269 3.958186
v -102.859888 56.683729 4.682534
v -102.336564 56.345797 4.857643
v -102.386410 56.611436 5.245231
v -101.813257 56.233440 5.423428
v -101.813257 56.623893 6.099603
v -102.535931 57.052580 5.791969
v -103.109102 58.480450 7.431956
v -103.622160 54.438928 3.133577
v -103.622160 55.280584 4.591124
v -103.803014 55.745245 4.282730
v -103.783983 56.102311 5.018258
v -103.584080 55.560871 5.310882
v -103.603111 55.845886 5.687290
v -103.384196 55.245041 5.994165
v -103.384196 55.635511 6.670358
v -103.660239 56.345193 6.200451
v -103.879172 57.995929 7.711743
v -105.088022 54.438928 3.133577
v -105.088022 55.280584 4.591124
v -104.907168 55.745245 4.282730
v -104.926199 56.102311 5.018258
v -105.126101 55.560871 5.310882
v -105.107070 55.845886 5.687290
v -105.325986 55.245041 5.994165
v -105.325986 55.635511 6.670358
v -105.049943 56.345193 6.200451
v -104.831010 57.995929 7.711743
v -106.273925 55.185067 2.702716
v -106.273925 56.026723 4.160263
v -105.800448 56.307269 3.958186
v -105.850294 56.683729 4.682534
v -106.373618 56.345797 4.857643
v -106.323771 56.611436 5.245231
v -106.896924 56.233440 5.423428
v -106.896924 56.623893 6.099603
v -106.174250 57.052580 5.791969
v -105.601080 58.480450 7.431956
v -106.726906 56.392364 2.005561
v -106.726906 57.234020 3.463124
v -106.141658 57.216663 3.433068
v -106.203254 57.624473 4.139299
v -106.850132 57.615794 4.124271
v -106.788502 57.850083 4.529976
v -107.496976 57.832726 4.499937
v -107.496976 58.223179 5.176113
v -106.603697 58.197160 5.131028
v -105.895240 59.264409 6.979269
v -106.273925 57.599662 1.308422
v -106.273925 58.441318 2.765968
v -105.800448 58.126075 2.907932
v -105.850294 58.565217 3.596064
v -106.373618 58.885810 3.390917
v -106.323771 59.088714 3.814739
v -106.896924 59.431995 3.576447
v -106.896924 59.822465 4.252622
v -106.174250 59.341723 4.470123
v -105.601080 60.048351 6.526582
v -105.088022 58.345819 0.877561
v -105.088022 59.187457 2.335107
v -104.907168 58.688099 2.583406
v -104.926199 59.146652 3.260341
v -105.126101 59.670718 2.937661
v -105.107070 59.854264 3.372680
v -105.325986 60.420411 3.005692
v -105.325986 60.810864 3.681867
v -105.049943 60.049110 4.061640
v -104.831010 60.532871 6.246795
v -103.622160 58.345819 0.877561
v -103.622160 59.187457 2.335107
v -103.803014 58.688099 2.583406
v -103.783983 59.146652 3.260341
v -103.584080 59.670718 2.937661
v -103.603111 59.854264 3.372680
v -103.384196 60.420411 3.005692
v -103.384196 60.810864 3.681867
v -103.660239 60.049110 4.061640
v -103.879172 60.532871 6.246795
v -102.436256 57.599662 1.308422
v -102.436256 58.441318 2.765968
v -102.909734 58.126075 2.907932
v -102.859888 58.565217 3.596064
v -102.336564 58.885810 3.390917
v -102.386410 59.088714 3.814739
v -101.813257 59.431995 3.576447
v -101.813257 59.822465 4.252622
v -102.535931 59.341723 4.470123
v -103.109102 60.048351 6.526582
v -104.513765 62.043991 8.642618
v -104.831010 61.326786 9.056743
v -104.811255 62.245101 10.033341
v -104.478481 62.956991 9.622253
v -104.513765 61.391005 7.732896
v -104.831010 61.157699 7.328882
v -105.030843 61.042617 7.419879
v -105.079723 60.894027 7.556770
v -104.831010 60.672679 8.147677
v -104.694360 63.407090 11.289553
v -104.298645 64.094411 10.892665
v -104.417903 64.628174 13.023022
v -103.899290 65.251207 12.663264
v -104.057972 65.847480 15.186920
v -103.393306 66.355914 14.893313
v -103.873254 66.961349 17.527670
v -103.113553 67.357616 17.298850
v -104.023327 67.836132 19.624675
v -103.238591 68.193958 19.418061
v -104.222021 68.605960 21.410647
v -103.435232 68.965839 21.202843
v -104.831010 60.032754 9.803987
v -104.513765 59.315549 10.218129
v -104.549015 59.712800 11.495598
v -104.850628 60.435043 11.078540
v -104.831010 59.572389 8.783030
v -105.079723 58.949976 8.679369
v -105.030843 58.757114 8.739619
v -104.831010 58.620775 8.793813
v -104.513765 58.854063 9.197827
v -104.727401 60.265887 13.103424
v -104.963243 61.006263 12.675893
v -105.117681 61.264914 14.965106
v -105.212456 62.028531 14.524151
v -105.598147 62.701066 17.003776
v -105.495867 63.463959 16.563253
v -105.846774 64.325629 19.049659
v -105.587225 65.060018 18.625579
v -105.710107 65.755172 20.826331
v -105.402282 66.475431 20.410412
v -105.513448 66.915126 22.387020
v -105.203571 67.637437 21.969945
v -103.879172 61.326786 9.056743
v -104.196417 62.043991 8.642618
v -104.161184 62.951815 9.625238
v -103.859571 62.229590 10.042296
v -103.879172 60.672679 8.147677
v -103.630459 60.894027 7.556770
v -103.679339 61.042617 7.419879
v -103.879172 61.157699 7.328882
v -104.196417 61.391005 7.732896
v -103.982763 64.067875 10.907986
v -103.746939 63.327516 11.335500
v -103.592500 65.180881 12.703862
v -103.497725 64.417264 13.144799
v -103.112035 66.228667 14.966779
v -103.214315 65.465775 15.407320
v -102.863391 67.188512 17.396507
v -103.122956 66.454122 17.820587
v -103.000075 68.012690 19.522740
v -103.307899 67.292414 19.938659
v -103.196716 68.784554 21.307538
v -103.506611 68.062242 21.724631
v -104.196417 59.315549 10.218129
v -103.879172 60.032754 9.803987
v -103.898927 60.419514 11.087512
v -104.231701 59.707624 11.498583
v -104.196417 58.854063 9.197827
v -103.879172 58.620775 8.793813
v -103.679339 58.757114 8.739619
v -103.630459 58.949976 8.679369
v -103.879172 59.572389 8.783030
v -104.015821 60.926689 12.721857
v -104.411554 60.239368 13.118746
v -104.292296 61.817621 14.645946
v -104.810892 61.194605 15.005704
v -104.652209 63.082271 16.783670
v -105.316876 62.573819 17.077260
v -104.836945 64.552792 18.918496
v -105.596629 64.156525 19.147315
v -104.686872 65.931713 20.724378
v -105.471591 65.573904 20.931010
v -104.488161 67.093702 22.283895
v -105.274932 66.733841 22.491699
v -101.983276 52.918336 0.000000
v -101.983276 51.235248 0.000000
v -102.568524 51.269946 0.000000
v -102.506911 50.454429 0.000000
v -101.860050 50.471769 0.000000
v -101.921680 50.003278 0.000000
v -101.213206 50.037992 0.000000
v -101.213206 49.257156 0.000000
v -102.106485 49.309210 0.000000
v -102.814942 47.174971 0.000000
v -102.436256 52.918336 -1.394122
v -102.436256 51.235248 -1.394122
v -102.909734 51.269946 -1.050116
v -102.859888 50.454429 -1.086332
v -102.336564 50.471769 -1.466536
v -102.386410 50.003278 -1.430320
v -101.813257 50.037992 -1.846757
v -101.813257 49.257156 -1.846757
v -102.535931 49.309210 -1.321690
v -103.109102 47.174971 -0.905271
v -103.622160 52.918336 -2.255723
v -103.622160 51.235248 -2.255723
v -103.803014 51.269946 -1.699116
v -103.783983 50.454429 -1.757710
v -103.584080 50.471769 -2.372910
v -103.603111 50.003278 -2.314317
v -103.384196 50.037992 -2.988111
v -103.384196 49.257156 -2.988111
v -103.660239 49.309210 -2.138553
v -103.879172 47.174971 -1.464758
v -105.088022 52.918336 -2.255723
v -105.088022 51.235248 -2.255723
v -104.907168 51.269946 -1.699116
v -104.926199 50.454429 -1.757710
v -105.126101 50.471769 -2.372910
v -105.107070 50.003278 -2.314317
v -105.325986 50.037992 -2.988111
v -105.325986 49.257156 -2.988111
v -105.049943 49.309210 -2.138553
v -104.831010 47.174971 -1.464758
v -106.273925 52.918336 -1.394122
v -106.273925 51.235248 -1.394122
v -105.800448 51.269946 -1.050116
v -105.850294 50.454429 -1.086332
v -106.373618 50.471769 -1.466536
v -106.323771 50.003278 -1.430320
v -106.896924 50.037992 -1.846757
v -106.896924 49.257156 -1.846757
v -106.174250 49.309210 -1.321690
v -105.601080 47.174971 -0.905271
v -106.726906 52.918336 0.000000
v -106.726906 51.235248 0.000000
v -106.141658 51.269946 0.000000
v -106.203254 50.454429 0.000000
v -106.850132 50.471769 0.000000
v -106.788502 50.003278 0.000000
v -107.496976 50.037992 0.000000
v -107.496976 49.257156 0.000000
v -106.603697 49.309210 0.000000
v -105.895240 47.174971 0.000000
v -106.273925 52.918336 1.394122
v -106.273925 51.235248 1.394122
v -105.800448 51.269946 1.050116
v -105.850294 50.454429 1.086332
v -106.373618 50.471769 1.466536
v -106.323771 50.003278 1.430320
v -106.896924 50.037992 1.846757
v -106.896924 49.257156 1.846757
v -106.174250 49.309210 1.321690
v -105.601080 47.174971 0.905271
v -105.088022 52.918336 2.255723
v -105.088022 51.235248 2.255723
v -104.907168 51.269946 1.699116
v -104.926199 50.454429 1.757710
v -105.126101 50.471769 2.372910
v -105.107070 50.003278 2.314317
v -105.325986 50.037992 2.988111
v -105.325986 49.257156 2.988111
v -105.049943 49.309210 2.138553
v -104.831010 47.174971 1.464758
v -103.622160 52.918336 2.255723
v -103.622160 51.235248 2.255723
v -103.803014 51.269946 1.699116
v -103.783983 50.454429 1.757710
v -103.584080 50.471769 2.372910
v -103.603111 50.003278 2.314317
v -103.384196 50.037992 2.988111
v -103.384196 49.257156 2.988111
v -103.660239 49.309210 2.138553
v -103.879172 47.174971 1.464758
v -102.436256 52.918336 1.394122
v -102.436256 51.235248 1.394122
v -102.909734 51.269946 1.050116
v -102.859888 50.454429 1.086332
v -102.336564 50.471769 1.466536
v -102.386410 50.003278 1.430320
v -101.813257 50.037992 1.846757
v -101.813257 49.257156 1.846757
v -102.535931 49.309210 1.321690
v -103.109102 47.174971 0.905271
v -104.513765 44.344577 1.575321
v -104.831010 44.344577 0.747140
v -104.811255 43.039658 1.054033
v -104.478481 43.039658 1.876106
v -104.513765 45.458912 1.464758
v -104.831010 45.925454 1.464758
v -105.030843 45.904197 1.319585
v -105.079723 45.859958 1.122444
v -104.831010 45.458912 0.635284
v -104.694360 41.370718 1.432114
v -104.298645 41.370718 2.225805
v -104.417903 39.258943 1.622734
v -103.899290 39.258943 2.342181
v -104.057972 36.775298 1.596560
v -103.393306 36.775298 2.183688
v -103.873254 34.191219 1.390636
v -103.113553 34.191219 1.848241
v -104.023327 31.937774 1.099565
v -103.238591 31.937774 1.512758
v -104.222021 30.006180 0.873144
v -103.435232 30.006180 1.288684
v -104.831010 44.344577 -0.747140
v -104.513765 44.344577 -1.575321
v -104.549015 43.039658 -1.870136
v -104.850628 43.039658 -1.036123
v -104.831010 45.458912 -0.635284
v -105.079723 45.859958 -1.122444
v -105.030843 45.904197 -1.319585
v -104.831010 45.925454 -1.464758
v -104.513765 45.458912 -1.464758
v -104.727401 41.370718 -2.195162
v -104.963243 41.370718 -1.340238
v -105.117681 39.258943 -2.260968
v -105.212456 39.258943 -1.379180
v -105.598147 36.775298 -2.036738
v -105.495867 36.775298 -1.155795
v -105.846774 34.191219 -1.652945
v -105.587225 34.191219 -0.804905
v -105.710107 31.937774 -1.303436
v -105.402282 31.937774 -0.471701
v -105.513448 30.006180 -1.079361
v -105.203571 30.006180 -0.245280
v -103.879172 44.344577 0.747140
v -104.196417 44.344577 1.575321
v -104.161184 43.039658 1.870136
v -103.859571 43.039658 1.036123
v -103.879172 45.458912 0.635284
v -103.630459 45.859958 1.122444
v -103.679339 45.904197 1.319585
v -103.879172 45.925454 1.464758
v -104.196417 45.458912 1.464758
v -103.982763 41.370718 2.195162
v -103.746939 41.370718 1.340238
v -103.592500 39.258943 2.260968
v -103.497725 39.258943 1.379180
v -103.112035 36.775298 2.036738
v -103.214315 36.775298 1.155795
v -102.863391 34.191219 1.652945
v -103.122956 34.191219 0.804905
v -103.000075 31.937774 1.303436
v -103.307899 31.937774 0.471701
v -103.196716 30.006180 1.079361
v -103.506611 30.006180 0.245280
v -104.196417 44.344577 -1.575321
v -103.879172 44.344577 -0.747140
v -103.898927 43.039658 -1.054033
v -104.231701 43.039658 -1.876106
v -104.196417 45.458912 -1.464758
v -103.879172 45.925454 -1.464758
v -103.679339 45.904197 -1.319585
v -103.630459 45.859958 -1.122444
v -103.879172 45.458912 -0.635284
v -104.015821 41.370718 -1.432114
v -104.411554 41.370718 -2.225805
v -104.292296 39.258943 -1.622734
v -104.810892 39.258943 -2.342181
v -104.652209 36.775298 -1.596560
v -105.316876 36.775298 -2.183688
v -104.836945 34.191219 -1.390636
v -105.596629 34.191219 -1.848241
v -104.686872 31.937774 -1.099565
v -105.471591 31.937774 -1.512758
v -104.488161 30.006180 -0.873144
v -105.274932 30.006180 -1.288684
v -101.983276 56.392157 -2.005681
v -101.983276 57.233658 -3.463331
v -102.568524 57.216318 -3.433275
v -102.506911 57.624059 -4.139558
v -101.860050 57.615363 -4.124513
v -101.921680 57.849600 -4.530252
v -101.213206 57.832260 -4.500196
v -101.213206 58.222627 -5.176440
v -102.106485 58.196608 -5.131356
v -102.814942 59.263667 -6.979683
v -102.436256 57.599524 -1.308681
v -102.436256 58.441025 -2.766296
v -102.909734 58.125747 -2.908243
v -102.859888 58.564855 -3.596410
v -102.336564 58.885447 -3.391297
v -102.386410 59.088317 -3.815136
v -101.813257 59.431633 -3.576878
v -101.813257 59.822016 -4.253105
v -102.535931 59.341257 -4.470554
v -103.109102 60.047661 -6.527082
v -103.622160 58.345715 -0.877906
v -103.622160 59.187216 -2.335522
v -103.803014 58.687823 -2.583751
v -103.783983 59.146307 -3.260737
v -103.584080 59.670425 -2.938144
v -103.603111 59.853901 -3.373163
v -103.384196 60.420084 -3.006244
v -103.384196 60.810485 -3.682471
v -103.660239 60.048696 -4.062140
v -103.879172 60.532216 -6.247347
v -105.088022 58.345715 -0.877906
v -105.088022 59.187216 -2.335522
v -104.907168 58.687823 -2.583751
v -104.926199 59.146307 -3.260737
v -105.126101 59.670425 -2.938144
v -105.107070 59.853901 -3.373163
v -105.325986 60.420084 -3.006244
v -105.325986 60.810485 -3.682471
v -105.049943 60.048696 -4.062140
v -104.831010 60.532216 -6.247347
v -106.273925 57.599524 -1.308681
v -106.273925 58.441025 -2.766296
v -105.800448 58.125747 -2.908243
v -105.850294 58.564855 -3.596410
v -106.373618 58.885447 -3.391297
v -106.323771 59.088317 -3.815136
v -106.896924 59.431633 -3.576878
v -106.896924 59.822016 -4.253105
v -106.174250 59.341257 -4.470554
v -105.601080 60.047661 -6.527082
v -106.726906 56.392157 -2.005681
v -106.726906 57.233658 -3.463331
v -106.141658 57.216318 -3.433275
v -106.203254 57.624059 -4.139558
v -106.850132 57.615363 -4.124513
v -106.788502 57.849600 -4.530252
v -107.496976 57.832260 -4.500196
v -107.496976 58.222627 -5.176440
v -106.603697 58.196608 -5.131356
v -105.895240 59.263667 -6.979683
v -106.273925 55.184791 -2.702716
v -106.273925 56.026291 -4.160332
v -105.800448 56.306855 -3.958307
v -105.850294 56.683246 -4.682689
v -106.373618 56.345279 -4.857746
v -106.323771 56.610883 -5.245386
v -106.896924 56.232871 -5.423514
v -106.896924 56.623272 -6.099758
v -106.174250 57.051976 -5.792158
v -105.601080 58.479656 -7.432301
v -105.088022 54.438600 -3.133491
v -105.088022 55.280100 -4.591124
v -104.907168 55.744796 -4.282782
v -104.926199 56.101794 -5.018361
v -105.126101 55.560319 -5.310916
v -105.107070 55.845299 -5.687359
v -105.325986 55.244420 -5.994165
v -105.325986 55.634803 -6.670410
v -105.049943 56.344520 -6.200555
v -104.831010 57.995119 -7.712037
v -103.622160 54.438600 -3.133491
v -103.622160 55.280100 -4.591124
v -103.803014 55.744796 -4.282782
v -103.783983 56.101794 -5.018361
v -103.584080 55.560319 -5.310916
v -103.603111 55.845299 -5.687359
v -103.384196 55.244420 -5.994165
v -103.384196 55.634803 -6.670410
v -103.660239 56.344520 -6.200555
v -103.879172 57.995119 -7.712037
v -102.436256 55.184791 -2.702716
v -102.436256 56.026291 -4.160332
v -102.909734 56.306855 -3.958307
v -102.859888 56.683246 -4.682689
v -102.336564 56.345279 -4.857746
v -102.386410 56.610883 -5.245386
v -101.813257 56.232871 -5.423514
v -101.813257 56.623272 -6.099758
v -102.535931 57.051976 -5.792158
v -103.109102 58.479656 -7.432301
v -104.513765 59.314497 -10.218543
v -104.831010 60.031719 -9.804487
v -104.811255 60.418358 -11.088047
v -104.478481 59.706416 -11.499048
v -104.513765 58.853097 -9.198207
v -104.831010 58.619843 -8.794176
v -105.030843 58.756199 -8.739981
v -105.079723 58.949062 -8.679749
v -104.831010 59.571457 -8.783495
v -104.694360 60.925343 -12.722444
v -104.298645 60.237987 -13.119263
v -104.417903 61.816086 -14.646636
v -103.899290 61.193035 -15.006342
v -104.057972 63.080511 -16.784481
v -103.393306 62.572025 -17.078019
v -103.873254 64.550808 -18.919462
v -103.113553 64.154506 -19.148247
v -104.023327 65.929539 -20.725517
v -103.238591 65.571696 -20.932097
v -104.222021 67.091373 -22.285137
v -103.435232 66.731494 -22.492907
v -104.831010 61.325837 -9.057399
v -104.513765 62.043094 -8.643326
v -104.549015 62.950814 -9.626049
v -104.850628 62.228537 -10.043038
v -104.831010 60.671833 -8.148246
v -105.079723 60.893234 -7.557374
v -105.030843 61.041823 -7.420482
v -104.831010 61.156940 -7.329503
v -104.513765 61.390194 -7.733535
v -104.727401 64.066736 -10.908918
v -104.963243 63.326325 -11.336363
v -105.117681 65.179552 -12.704897
v -105.212456 64.415883 -13.145765
v -105.598147 66.227097 -14.967953
v -105.495867 65.464170 -15.408390
v -105.846774 67.186683 -17.397766
v -105.587225 66.452242 -17.821760
v -105.710107 68.010636 -19.524086
v -105.402282 67.290326 -19.939936
v -105.513448 68.782311 -21.308953
v -105.203571 68.059965 -21.725977
v -103.879172 60.031719 -9.804487
v -104.196417 59.314497 -10.218543
v -104.161184 59.711592 -11.496081
v -103.859571 60.433869 -11.079092
v -103.879172 59.571457 -8.783495
v -103.630459 58.949062 -8.679749
v -103.679339 58.756199 -8.739981
v -103.879172 58.619843 -8.794176
v -104.196417 58.853097 -9.198207
v -103.982763 60.264506 -13.103942
v -103.746939 61.004917 -12.676515
v -103.592500 61.263344 -14.965744
v -103.497725 62.027013 -14.524876
v -103.112035 62.699289 -17.004570
v -103.214315 63.462216 -16.564116
v -102.863391 64.323627 -19.050608
v -103.122956 65.058068 -18.626614
v -103.000075 65.752981 -20.827435
v -103.307899 66.473291 -20.411585
v -103.196716 66.912779 -22.388245
v -103.506611 67.635125 -21.971239
v -104.196417 62.043094 -8.643326
v -103.879172 61.325837 -9.057399
v -103.898927 62.244048 -10.034066
v -104.231701 62.955990 -9.623064
v -104.196417 61.390194 -7.733535
v -103.879172 61.156940 -7.329503
v -103.679339 61.041823 -7.420482
v -103.630459 60.893234 -7.557374
v -103.879172 60.671833 -8.148246
v -104.015821 63.405900 -11.290416
v -104.411554 64.093255 -10.893597
v -104.292296 64.626811 -13.024005
v -104.810892 65.249879 -12.664299
v -104.652209 65.845875 -15.188024
v -105.316876 66.354361 -14.894469
v -104.836945 66.959520 -17.528912
v -105.596629 67.355804 -17.300127
v -104.686872 67.834079 -19.626004
v -105.471591 68.191922 -19.419424
v -104.488161 68.603717 -21.412062
v -105.274932 68.963614 -21.204292
v -114.774632 30.472290 -15.956283
v -113.829470 29.855710 -16.335365
v -115.105990 30.202148 -15.956283
v -114.823304 29.045421 -16.335365
v -115.319454 78.676363 -15.956283
v -113.939912 79.012535 -16.335365
v -115.634214 79.611223 -15.956283
v -114.712880 81.308390 -16.335365
v -128.033633 79.489895 -15.956283
v -128.515876 81.173328 -16.335365
v -128.900825 78.656607 -15.956283
v -130.061831 79.687813 -16.335365
v -138.705484 46.849013 -15.956283
v -139.779152 47.276699 -16.335365
v -138.779106 46.533839 -15.956283
v -140.000000 46.331366 -16.335365
v -131.058788 31.651206 -15.956283
v -132.049465 30.395891 -16.335365
v -129.916502 30.865400 -15.956283
v -130.282679 29.180466 -16.335365
v -128.033633 79.489895 -17.093651
v -128.515876 81.173328 -16.714569
v -115.634214 79.611223 -17.093651
v -114.712880 81.308390 -16.714569
v -115.319454 78.676363 -17.093651
v -113.939912 79.012535 -16.714569
v -114.774632 30.472290 -17.093651
v -113.829470 29.855710 -16.714569
v -115.105990 30.202148 -17.093651
v -114.823304 29.045421 -16.714569
v -129.916502 30.865400 -17.093651
v -130.282679 29.180466 -16.714569
v -131.058788 31.651206 -17.093651
v -132.049465 30.395891 -16.714569
v -138.779106 46.533839 -17.093651
v -140.000000 46.331366 -16.714569
v -138.705484 46.849013 -17.093651
v -139.779152 47.276699 -16.714569
v -128.900825 78.656607 -17.093651
v -130.061831 79.687813 -16.714569
v -125.622851 53.300800 -17.093651
v -125.622851 53.300800 -15.956283
v -125.622851 53.300800 17.725829
v -115.105990 30.202148 17.725829
v -114.774632 30.472290 17.725829
v -125.622851 53.300800 16.588461
v -128.033633 79.489895 16.588461
v -115.634214 79.611223 16.588461
v -114.712880 81.308390 17.346747
v -113.939912 79.012535 17.346747
v -113.939912 79.012535 16.967543
v -114.712880 81.308390 16.967543
v -128.515876 81.173328 17.346747
v -128.515876 81.173328 16.967543
v -130.061831 79.687813 17.346747
v -130.061831 79.687813 16.967543
v -139.779152 47.276699 17.346747
v -139.779152 47.276699 16.967543
v -140.000000 46.331366 17.346747
v -140.000000 46.331366 16.967543
v -132.049465 30.395891 17.346747
v -132.049465 30.395891 16.967543
v -130.282679 29.180466 17.346747
v -130.282679 29.180466 16.967543
v -114.823304 29.045421 17.346747
v -114.823304 29.045421 16.967543
v -113.829470 29.855710 17.346747
v -113.829470 29.855710 16.967543
v -115.319454 78.676363 17.725829
v -115.634214 79.611223 17.725829
v -128.033633 79.489895 17.725829
v -128.900825 78.656607 17.725829
v -138.705484 46.849013 17.725829
v -138.779106 46.533839 17.725829
v -131.058788 31.651206 17.725829
v -129.916502 30.865400 17.725829
v -115.319454 78.676363 16.588461
v -114.774632 30.472290 16.588461
v -115.105990 30.202148 16.588461
v -129.916502 30.865400 16.588461
v -131.058788 31.651206 16.588461
v -138.779106 46.533839 16.588461
v -138.705484 46.849013 16.588461
v -128.900825 78.656607 16.588461
v 58.373071 42.297987 8.177440
v 40.554882 42.786165 8.177440
v 39.578526 47.057646 8.177440
v 35.307063 61.702746 8.177440
v 35.185010 68.781224 8.177440
v 37.381794 75.371507 8.177440
v 40.066704 72.320455 8.177440
v 40.066704 70.977991 8.177440
v 38.114027 67.316707 8.177440
v 39.578526 61.336621 8.177440
v 43.972042 56.698998 8.177440
v 46.290880 49.742573 8.177440
v 45.924737 48.033984 8.177440
v 54.223644 49.742573 8.177440
v 61.790283 49.132377 8.177440
v 63.742961 47.057646 8.177440
v 63.742961 47.057646 -14.802886
v 61.790283 49.132377 -14.802886
v 54.223644 49.742573 -14.802886
v 45.924737 48.033984 -14.802886
v 46.290880 49.742573 -14.802886
v 43.972042 56.698998 -14.802886
v 39.578526 61.336621 -14.802886
v 38.114027 67.316707 -14.802886
v 40.066704 70.977991 -14.802886
v 40.066704 72.320455 -14.802886
v 37.381794 75.371507 -14.802886
v 35.185010 68.781224 -14.802886
v 35.307063 61.702746 -14.802886
v 39.578526 47.057646 -14.802886
v 40.554882 42.786165 -14.802886
v 58.373071 42.297987 -14.802886
v 38.897089 61.893642 -9.951524
v 38.925264 62.019818 -12.832040
v 37.542461 68.730239 -12.895413
v 37.248371 68.624802 -9.959840
v 43.841932 56.674136 -9.947728
v 43.874921 56.680416 -12.815994
v 46.451667 48.844791 -9.951800
v 46.429565 48.735419 -12.825863
v 46.039613 46.921669 -9.953870
v 46.010471 47.204044 -12.815994
v 55.380284 48.844428 -9.958287
v 55.496195 49.088724 -12.794806
v 63.898900 48.156642 -9.974023
v 64.141885 48.030965 -12.882611
v 66.098134 45.820585 -9.981977
v 65.497082 46.136295 -12.815994
v 60.051000 40.804277 -9.961583
v 59.989300 41.550709 -12.870740
v 39.995998 40.804277 -9.949212
v 40.137773 41.464837 -12.815994
v 38.896847 45.822518 -9.957528
v 39.164401 45.766305 -12.811473
v 34.089206 62.305920 -9.956838
v 34.361798 62.440965 -12.834076
v 33.951124 70.273761 -9.966120
v 34.358710 70.365344 -12.861337
v 36.423037 77.693588 -9.978371
v 36.667557 77.101353 -12.815994
v 39.445845 74.257725 -9.968001
v 39.337733 74.473466 -12.874294
v 39.445948 72.746295 -9.964964
v 39.646575 72.887051 -12.569282
v 38.925264 62.019818 6.206594
v 38.897089 61.893642 3.326078
v 37.248371 68.624802 3.334394
v 37.542461 68.730239 6.269967
v 43.874921 56.680416 6.190548
v 43.841932 56.674136 3.322282
v 46.429565 48.735419 6.200417
v 46.451667 48.844791 3.326354
v 46.010471 47.204044 6.190548
v 46.039613 46.921669 3.328424
v 55.496195 49.088724 6.169360
v 55.380284 48.844428 3.332841
v 64.141885 48.030965 6.257165
v 63.898900 48.156642 3.348576
v 65.497082 46.136295 6.190548
v 66.098134 45.820585 3.356530
v 59.989300 41.550709 6.245294
v 60.051000 40.804277 3.336136
v 40.137773 41.464837 6.190548
v 39.995998 40.804277 3.323766
v 39.164401 45.766305 6.186027
v 38.896847 45.822518 3.332082
v 34.361798 62.440965 6.208630
v 34.089206 62.305920 3.331392
v 34.358710 70.365344 6.235891
v 33.951124 70.273761 3.340674
v 36.667557 77.101353 6.190548
v 36.423037 77.693588 3.352924
v 39.337733 74.473466 6.248848
v 39.445845 74.257725 3.342555
v 39.646575 72.887051 5.943836
v 39.445948 72.746295 3.339518
v 37.512284 68.226015 -5.175560
v 37.512284 68.226015 -1.449886
v 39.104220 61.724330 -1.441552
v 39.104220 61.724330 -5.183894
v 39.635533 72.206218 -5.170436
v 39.635533 72.206218 -1.455010
v 39.635671 73.665420 -5.167399
v 39.635671 73.665420 -1.458047
v 36.717248 76.981025 -5.157047
v 36.717248 76.981025 -1.468399
v 34.328119 69.817727 -5.169280
v 34.328119 69.817727 -1.456166
v 34.460093 62.122237 -5.178580
v 34.460093 62.122237 -1.446866
v 39.104479 46.198753 -5.177872
v 39.104479 46.198753 -1.447574
v 40.165741 40.804277 -5.186189
v 40.165741 40.804277 -1.439257
v 59.539132 40.804277 -5.173818
v 59.539132 40.804277 -1.451628
v 65.374511 46.200686 -5.153424
v 65.374511 46.200686 -1.472022
v 63.252850 48.455598 -5.161378
v 63.252850 48.455598 -1.464068
v 55.027876 49.118090 -5.177113
v 55.027876 49.118090 -1.448333
v 46.004657 47.260050 -5.181530
v 46.004657 47.260050 -1.443916
v 46.402770 49.117728 -5.183601
v 46.402770 49.117728 -1.441845
v 43.881408 56.681658 -5.187673
v 43.881408 56.681658 -1.437774
v 40.145813 42.338188 7.441894
v 61.529492 42.338188 7.441894
v 61.529492 42.338188 -13.941819
v 40.145813 42.338188 -13.941819
v 40.145813 40.809867 7.441894
v 40.145813 40.809867 -13.941819
v 61.529492 40.809867 7.441894
v 61.529492 40.809867 -13.941819
v 61.529492 40.809867 6.355666
v 61.529492 40.809867 -12.855591
v 41.530859 40.809867 7.441894
v 60.144429 40.809867 7.441894
v 40.145813 40.809867 -12.855591
v 40.145813 40.809867 6.355666
v 60.144429 40.809867 -13.941819
v 41.530859 40.809867 -13.941819
v 60.144429 40.809867 -12.855591
v 41.530859 40.809867 -12.855591
v 41.530859 40.809867 6.355666
v 60.144429 40.809867 6.355666
v 61.529492 38.876790 6.355666
v 60.144429 38.876790 6.355666
v 60.144429 38.876790 7.441894
v 61.529492 38.876790 7.441894
v 61.529492 38.876790 -13.941819
v 60.144429 38.876790 -13.941819
v 60.144429 38.876790 -12.855591
v 61.529492 38.876790 -12.855591
v 40.145813 38.876790 -12.855591
v 41.530859 38.876790 -12.855591
v 41.530859 38.876790 -13.941819
v 40.145813 38.876790 -13.941819
v 40.145813 38.876790 7.441894
v 41.530859 38.876790 7.441894
v 41.530859 38.876790 6.355666
v 40.145813 38.876790 6.355666
v 60.144429 18.707914 6.355666
v 60.144429 18.707914 7.441894
v 61.529492 18.707914 7.441894
v 61.529492 18.707914 6.355666
v 60.144429 18.707914 -13.941819
v 60.144429 18.707914 -12.855591
v 61.529492 18.707914 -12.855591
v 61.529492 18.707914 -13.941819
v 34.551262 3.866914 -12.855591
v 34.551262 3.866914 -13.941819
v 33.166181 3.866914 -13.941819
v 33.166181 3.866914 -12.855591
v 34.551262 3.866914 7.441894
v 34.551262 3.866914 6.355666
v 33.166181 3.866914 6.355666
v 33.166181 3.866914 7.441894
v 60.144429 16.980104 7.441894
v 61.529492 16.980104 7.441894
v 61.529492 16.980104 6.355666
v 60.144429 16.980104 6.355666
v 60.144429 16.980104 -12.855591
v 61.529492 16.980104 -12.855591
v 61.529492 16.980104 -13.941819
v 60.144429 16.980104 -13.941819
v 34.551262 2.139122 -13.941819
v 33.166181 2.139122 -13.941819
v 33.166181 2.139122 -12.855591
v 34.551262 2.139122 -12.855591
v 34.551262 2.139122 6.355666
v 33.166181 2.139122 6.355666
v 33.166181 2.139122 7.441894
v 34.551262 2.139122 7.441894
v 40.145813 38.876790 9.990828
v 40.145813 40.809867 9.990828
v 41.530859 40.809867 9.990828
v 41.530859 38.876790 9.990828
v 40.145813 40.809867 12.539761
v 41.530859 40.809867 12.539761
v 41.530859 38.876790 12.539761
v 40.145813 38.876790 12.539761
v 45.516789 40.809867 12.539761
v 45.516789 40.809867 9.990828
v 45.516789 38.876790 9.990828
v 45.516789 38.876790 12.539761
v 47.655152 40.809867 9.990828
v 47.655152 38.876790 9.990828
v 47.655152 38.876790 12.539761
v 47.655152 40.809867 12.539761
v 53.078097 38.876790 9.990828
v 53.078097 38.876790 12.539761
v 53.078097 40.809867 12.539761
v 53.078097 40.809867 9.990828
v 55.216443 38.876790 12.539761
v 55.216443 40.809867 12.539761
v 55.216443 40.809867 9.990828
v 55.216443 38.876790 9.990828
v 60.144429 40.809867 12.539761
v 60.144429 40.809867 9.990828
v 60.144429 38.876790 9.990828
v 60.144429 38.876790 12.539761
v 61.529492 40.809867 9.990828
v 61.529492 38.876790 9.990828
v 61.529492 38.876790 12.539761
v 61.529492 40.809867 12.539761
v 61.403229 38.671504 -11.104248
v 60.270675 38.671504 -11.104248
v 60.270675 38.671504 4.604323
v 61.403229 38.671504 4.604323
v 64.992219 28.527084 -11.104248
v 64.992219 28.527084 4.604323
v 66.124739 28.527084 4.604323
v 66.124739 28.527084 -11.104248
v 64.992219 28.030969 4.604323
v 66.124739 28.030969 4.604323
v 66.124739 28.030969 -11.104248
v 64.992219 28.030969 -11.104248
v 76.063909 29.057395 4.604323
v 76.063909 29.553493 4.604323
v 76.063909 29.553493 -11.104248
v 76.063909 29.057395 -11.104248
v 56.031338 53.426735 10.597332
v 56.029664 54.103618 10.529939
v 56.447758 54.013812 10.102270
v 56.347738 53.358756 10.273703
v 56.029664 54.103618 12.000650
v 56.031338 53.426735 11.933257
v 56.347738 53.358756 12.256886
v 56.447758 54.013812 12.428319
v 57.320919 58.078075 10.102270
v 56.902808 58.167898 10.529939
v 57.410742 58.496202 10.529939
v 57.410742 58.496202 12.000650
v 56.902808 58.167898 12.000650
v 57.320919 58.078075 12.428319
v 58.392533 57.847858 10.102270
v 58.482356 58.265985 10.529939
v 58.810661 57.758017 10.529939
v 58.810661 57.758017 12.000650
v 58.482356 58.265985 12.000650
v 58.392533 57.847858 12.428319
v 57.341572 53.145257 10.273721
v 57.519389 53.783578 10.102270
v 57.937500 53.693755 10.529939
v 57.657954 53.077278 10.597332
v 57.519389 53.783578 12.428319
v 57.341572 53.145257 12.256886
v 57.657954 53.077278 11.933257
v 57.937500 53.693755 12.000650
v 45.926187 54.111951 10.597332
v 45.961885 54.787885 10.529939
v 46.374457 54.675097 10.102270
v 46.238342 54.026580 10.273703
v 45.961885 54.787885 12.000650
v 45.926187 54.111951 11.933257
v 46.238342 54.026580 12.256886
v 46.374457 54.675097 12.428319
v 47.470830 58.684907 10.102270
v 47.058310 58.797712 10.529939
v 47.583635 59.097444 10.529939
v 47.583635 59.097444 12.000650
v 47.058310 58.797712 12.000650
v 47.470830 58.684907 12.428319
v 48.528089 58.395820 10.102270
v 48.640894 58.808358 10.529939
v 48.940610 58.283015 10.529939
v 48.940610 58.283015 12.000650
v 48.640894 58.808358 12.000650
v 48.528089 58.395820 12.428319
v 47.218856 53.758491 10.273703
v 47.431664 54.386010 10.102270
v 47.844184 54.273222 10.529939
v 47.530994 53.673136 10.597332
v 47.431664 54.386010 12.428319
v 47.218856 53.758491 12.256886
v 47.530994 53.673136 11.933257
v 47.844184 54.273222 12.000650
v 56.476175 52.483506 11.913933
v 56.439269 53.099915 12.085383
v 56.122886 53.167894 11.761754
v 56.105978 52.495429 11.486263
v 57.151780 52.946839 12.085383
v 56.832154 52.407072 11.913933
v 57.168603 52.267196 11.486263
v 57.468180 52.878859 11.761754
v 56.105978 52.495429 11.044325
v 56.122886 53.167894 10.768835
v 56.439269 53.099915 10.445206
v 56.476175 52.483506 10.616656
v 57.468180 52.878859 10.768835
v 57.168603 52.267196 11.044325
v 56.832154 52.407072 10.616656
v 57.151780 52.946839 10.445206
v 46.429427 53.125968 11.913933
v 46.315432 53.763080 12.085383
v 46.003294 53.848435 11.761754
v 46.078814 53.157335 11.486263
v 47.018402 53.570873 12.085383
v 46.779403 53.030261 11.913933
v 47.130155 52.870301 11.486263
v 47.330540 53.485519 11.761754
v 46.078814 53.157335 11.044325
v 46.003294 53.848435 10.768835
v 46.315432 53.763080 10.445206
v 46.429427 53.125968 10.616656
v 47.330540 53.485519 10.768835
v 47.130155 52.870301 11.044325
v 46.779403 53.030261 10.616656
v 47.018402 53.570873 10.445206
v 46.768723 43.309679 10.616656
v 47.130155 43.375916 11.044325
v 47.228225 42.548736 10.499728
v 46.404547 43.309662 10.616656
v 45.943717 42.548736 10.499728
v 46.043374 43.375916 11.044325
v 47.130155 43.375916 11.486263
v 46.768723 43.309679 11.913933
v 47.228225 42.548736 12.030861
v 46.043374 43.375916 11.486263
v 45.943717 42.548736 12.030861
v 46.404547 43.309679 11.913933
v 54.421251 43.299586 10.616656
v 54.801300 43.361561 11.044325
v 54.789515 42.548736 10.499728
v 54.058422 43.299586 10.616656
v 53.505024 42.548736 10.499728
v 53.711569 43.361941 11.044325
v 54.801300 43.361561 11.486263
v 54.421251 43.299586 11.913933
v 54.789515 42.548736 12.030861
v 53.711569 43.361941 11.486263
v 53.505024 42.548736 12.030861
v 54.058422 43.299586 11.913933
v -113.026618 79.546142 -16.675748
v -112.423599 79.546142 -16.496930
v -112.423599 79.659327 -16.735567
v -111.405540 79.546142 -16.597899
v -110.802504 79.546142 -16.896337
v -111.405540 79.659327 -16.836536
v -110.802504 79.546142 -17.299161
v -111.405540 79.546142 -17.477962
v -111.405540 79.659327 -17.239359
v -112.423599 79.546142 -17.377010
v -113.026618 79.546142 -17.078571
v -112.423599 79.659327 -17.138390
v -113.026618 79.546142 17.078571
v -112.423599 79.546142 17.377010
v -112.423599 79.659327 17.138390
v -111.405558 79.546142 17.477962
v -110.802504 79.546142 17.299161
v -111.405540 79.659327 17.239359
v -110.802504 79.546142 16.896337
v -111.405558 79.546142 16.597899
v -111.405540 79.659327 16.836536
v -112.423599 79.546142 16.496930
v -113.026618 79.546142 16.675748
v -112.423599 79.659327 16.735567
v -113.026618 30.922389 -17.078571
v -112.423599 30.922389 -17.377010
v -112.423599 30.809205 -17.138390
v -111.405558 30.922389 -17.477962
v -110.802504 30.922389 -17.299161
v -111.405540 30.809205 -17.239359
v -110.802504 30.922389 -16.896337
v -111.405558 30.922389 -16.597899
v -111.405540 30.809205 -16.836536
v -112.423599 30.922389 -16.496930
v -113.026618 30.922389 -16.675748
v -112.423599 30.809205 -16.735567
v -113.026618 30.922389 16.675748
v -112.423599 30.922389 16.496930
v -112.423599 30.809205 16.735567
v -111.405540 30.922389 16.597899
v -110.802504 30.922389 16.896337
v -111.405540 30.809205 16.836536
v -110.802504 30.922389 17.299161
v -111.405540 30.922389 17.477962
v -111.405540 30.809205 17.239359
v -112.423599 30.922389 17.377010
v -113.026618 30.922389 17.078571
v -112.423599 30.809205 17.138390
v -111.160088 31.785198 -17.408256
v -110.463019 31.637420 -17.201556
v -110.614455 31.148759 -17.392228
v -111.217492 31.148759 -17.571046
v -110.463019 31.637420 -16.649884
v -111.160088 31.584796 -16.304930
v -111.217492 31.148759 -16.542135
v -110.614455 31.148759 -16.840573
v -112.554227 31.584796 -16.166675
v -113.251279 31.732575 -16.373358
v -113.214684 31.148759 -16.582698
v -112.611630 31.148759 -16.403880
v -113.251279 31.732575 -16.925013
v -112.554227 31.785198 -17.269967
v -112.611630 31.148759 -17.432774
v -113.214684 31.148759 -17.134336
v -111.160088 31.584796 16.304930
v -110.463019 31.637420 16.649884
v -110.614455 31.148759 16.840573
v -111.217492 31.148759 16.542135
v -110.463019 31.637420 17.201556
v -111.160088 31.785198 17.408256
v -111.217492 31.148759 17.571046
v -110.614455 31.148759 17.392228
v -112.554227 31.785198 17.269967
v -113.251279 31.732575 16.925013
v -113.214684 31.148759 17.134336
v -112.611630 31.148759 17.432774
v -113.251279 31.732575 16.373358
v -112.554227 31.584796 16.166675
v -112.611630 31.148759 16.403880
v -113.214684 31.148759 16.582698
v -111.160088 78.883736 -16.304930
v -110.463019 78.831112 -16.649884
v -110.614455 79.319773 -16.840573
v -111.217492 79.319773 -16.542135
v -110.463019 78.831112 -17.201556
v -111.160088 78.683333 -17.408256
v -111.217492 79.319773 -17.571046
v -110.614455 79.319773 -17.392228
v -112.554227 78.683333 -17.269967
v -113.251279 78.735974 -16.925013
v -113.214684 79.319773 -17.134336
v -112.611630 79.319773 -17.432774
v -113.251279 78.735974 -16.373358
v -112.554227 78.883736 -16.166675
v -112.611630 79.319773 -16.403880
v -113.214684 79.319773 -16.582698
v -111.160088 78.683333 17.408256
v -110.463019 78.831112 17.201556
v -110.614455 79.319773 17.392228
v -111.217492 79.319773 17.571046
v -110.463019 78.831112 16.649884
v -111.160088 78.883736 16.304930
v -111.217492 79.319773 16.542135
v -110.614455 79.319773 16.840573
v -112.554227 78.883736 16.166675
v -113.251279 78.735974 16.373358
v -113.214684 79.319773 16.582698
v -112.611630 79.319773 16.403880
v -113.251279 78.735974 16.925013
v -112.554227 78.683333 17.269967
v -112.611630 79.319773 17.432774
v -113.214684 79.319773 17.134336
v -113.079052 33.351461 -16.320217
v -113.079052 34.641335 -17.543526
v -112.382000 34.857214 -18.077064
v -112.439403 32.926863 -16.869973
v -113.136490 32.874239 -16.525002
v -113.079052 33.170814 -16.030025
v -113.079052 32.405989 -14.425287
v -113.079052 34.460688 -17.253318
v -113.079052 32.185831 -14.163806
v -113.079052 32.950656 -15.768562
v -113.136490 32.473434 -15.973364
v -112.439403 32.325655 -15.766664
v -112.382000 31.745101 -13.793610
v -110.175744 32.548885 -16.060461
v -108.548783 31.696342 -14.465523
v -110.987844 31.554792 -13.931881
v -111.045265 32.135346 -15.904918
v -110.348178 32.187970 -16.249890
v -109.830668 32.705618 -16.368027
v -108.203707 33.959018 -17.671721
v -108.203707 31.853058 -14.773106
v -108.548783 34.203107 -17.915810
v -110.175744 32.949707 -16.612116
v -110.348178 32.588775 -16.801545
v -111.045265 32.736554 -17.008245
v -110.987844 34.666905 -18.215318
v -113.079052 32.950656 15.768562
v -113.079052 32.185831 14.163806
v -112.382000 31.745101 13.793610
v -112.439403 32.325655 15.766664
v -113.136490 32.473434 15.973364
v -113.079052 33.170814 16.030025
v -113.079052 34.460688 17.253318
v -113.079052 32.405989 14.425287
v -113.079052 34.641335 17.543526
v -113.079052 33.351461 16.320217
v -113.136490 32.874239 16.525002
v -112.439403 32.926863 16.869973
v -112.382000 34.857214 18.077064
v -110.175744 32.949707 16.612116
v -108.548783 34.203107 17.915810
v -110.987844 34.666905 18.215318
v -111.045265 32.736554 17.008245
v -110.348178 32.588775 16.801545
v -109.830668 32.705618 16.368027
v -108.203707 31.853040 14.773106
v -108.203707 33.959018 17.671721
v -108.548783 31.696342 14.465523
v -110.175744 32.548885 16.060461
v -110.348178 32.187970 16.249890
v -111.045265 32.135346 15.904918
v -110.987844 31.554792 13.931881
v -113.079052 77.517876 -15.768562
v -113.079052 78.282701 -14.163806
v -112.382000 78.723448 -13.793610
v -112.439403 78.142876 -15.766664
v -113.136490 77.995098 -15.973364
v -113.079052 77.297718 -16.030025
v -113.079052 76.007843 -17.253318
v -113.079052 78.062543 -14.425287
v -113.079052 75.827196 -17.543526
v -113.079052 77.117088 -16.320217
v -113.136490 77.594293 -16.525002
v -112.439403 77.541669 -16.869973
v -112.382000 75.611317 -18.077064
v -110.175744 77.518842 -16.612116
v -108.548783 76.265425 -17.915810
v -110.987844 75.801626 -18.215318
v -111.045265 77.731978 -17.008245
v -110.348178 77.879756 -16.801545
v -109.830668 77.762931 -16.368027
v -108.203707 78.615491 -14.773106
v -108.203707 76.509514 -17.671721
v -108.548783 78.772207 -14.465523
v -110.175744 77.919647 -16.060461
v -110.348178 78.280561 -16.249890
v -111.045265 78.333185 -15.904918
v -110.987844 78.913740 -13.931881
v -113.079052 77.117088 16.320217
v -113.079052 75.827196 17.543526
v -112.382000 75.611317 18.077064
v -112.439403 77.541669 16.869973
v -113.136490 77.594293 16.525002
v -113.079052 77.297718 16.030025
v -113.079052 78.062543 14.425287
v -113.079052 76.007843 17.253318
v -113.079052 78.282701 14.163806
v -113.079052 77.517876 15.768562
v -113.136490 77.995098 15.973364
v -112.439403 78.142876 15.766664
v -112.382000 78.723448 13.793610
v -110.175744 77.919647 16.060461
v -108.548783 78.772207 14.465523
v -110.987844 78.913740 13.931881
v -111.045265 78.333185 15.904918
v -110.348178 78.280561 16.249890
v -109.830668 77.762931 16.368027
v -108.203707 76.509514 17.671721
v -108.203707 78.615474 14.773106
v -108.548783 76.265425 17.915810
v -110.175744 77.518842 16.612116
v -110.348178 77.879756 16.801545
v -111.045265 77.731978 17.008245
v -110.987844 75.801626 18.215318
v -97.697113 46.897617 0.247195
v -97.555028 52.389404 0.082404
v -97.981921 46.907728 0.082404
v -96.055003 52.377137 0.247177
v -96.992245 46.885367 0.411968
v -95.754287 46.853534 0.494355
v -99.126639 35.822269 0.411968
v -100.389977 30.073383 0.586611
v -99.956079 29.889872 0.715117
v -97.888681 35.790436 0.494355
v -101.064858 29.997915 0.082404
v -100.824392 30.101524 0.421855
v -99.561072 35.850393 0.247195
v -99.845880 35.860504 0.082404
v -96.992245 63.583165 0.411968
v -96.055003 58.091395 0.247177
v -95.754287 63.614998 0.494355
v -97.555028 58.079144 0.082404
v -97.697113 63.570915 0.247195
v -97.981921 63.560804 0.082404
v -99.561072 74.618139 0.247195
v -100.824392 80.367007 0.421855
v -101.064858 80.470616 0.082404
v -99.845880 74.608045 0.082404
v -99.956079 80.578677 0.715117
v -100.389977 80.395148 0.586611
v -99.126639 74.646280 0.411968
v -97.888681 74.678096 0.494355
v -97.697251 55.481469 8.336640
v -97.555425 55.316678 2.844853
v -97.982059 55.316678 8.326547
v -96.055400 55.481435 2.857120
v -96.992383 55.646225 8.348908
v -95.754425 55.728629 8.380741
v -99.126708 55.646225 19.412005
v -100.389977 55.820885 25.160874
v -99.956079 55.949391 25.344402
v -97.888716 55.728629 19.443838
v -101.064858 55.316678 25.236359
v -100.824392 55.656112 25.132750
v -99.561106 55.481469 19.383882
v -99.845931 55.316678 19.373771
v -96.992383 55.646225 -8.348908
v -96.055400 55.481435 -2.857120
v -95.754425 55.728629 -8.380741
v -97.555425 55.316678 -2.844853
v -97.697251 55.481469 -8.336640
v -97.982059 55.316678 -8.326547
v -99.561106 55.481469 -19.383882
v -100.824392 55.656112 -25.132750
v -101.064858 55.316678 -25.236359
v -99.845931 55.316678 -19.373771
v -99.956079 55.949391 -25.344402
v -100.389977 55.820885 -25.160874
v -99.126708 55.646225 -19.412005
v -97.888716 55.728629 -19.443838
v -90.352305 46.749269 -0.247195
v -87.227873 52.304982 -0.082404
v -90.051279 46.738865 -0.082404
v -88.865928 52.318371 -0.247177
v -91.121996 46.762658 -0.411968
v -92.376189 46.794767 -0.494355
v -96.199952 35.730186 -0.411968
v -98.911416 29.929314 -0.586611
v -99.521543 29.861714 -0.715117
v -97.454145 35.762295 -0.494355
v -98.412747 29.753671 -0.082404
v -98.477017 29.901191 -0.421855
v -95.765554 35.702045 -0.247195
v -95.464527 35.691658 -0.082404
v -91.121996 46.762658 0.411968
v -88.865928 52.318371 0.247177
v -92.376189 46.794767 0.494355
v -87.227873 52.304982 0.082404
v -90.352305 46.749269 0.247195
v -90.051279 46.738865 0.082404
v -95.765554 35.702045 0.247195
v -98.477017 29.901191 0.421855
v -98.412747 29.753671 0.082404
v -95.464527 35.691658 0.082404
v -99.521543 29.861714 0.715117
v -98.911416 29.929314 0.586611
v -96.199952 35.730186 0.411968
v -97.454145 35.762295 0.494355
v -96.992245 46.885367 -0.411968
v -96.055003 52.377137 -0.247177
v -95.754287 46.853534 -0.494355
v -97.555028 52.389404 -0.082404
v -97.697113 46.897617 -0.247195
v -97.981921 46.907728 -0.082404
v -99.561072 35.850393 -0.247195
v -100.824392 30.101524 -0.421855
v -101.064858 29.997915 -0.082404
v -99.845880 35.860504 -0.082404
v -99.956079 29.889872 -0.715117
v -100.389977 30.073383 -0.586611
v -99.126639 35.822269 -0.411968
v -97.888681 35.790436 -0.494355
v -90.352461 55.481469 -8.485005
v -87.228287 55.316678 -2.929275
v -90.051434 55.316678 -8.495375
v -88.866325 55.481435 -2.915886
v -91.122151 55.646225 -8.471616
v -92.376345 55.728629 -8.439507
v -96.199986 55.646225 -19.504089
v -98.911416 55.820885 -25.304960
v -99.521543 55.949391 -25.372543
v -97.454180 55.728629 -19.471979
v -98.412747 55.316678 -25.480603
v -98.477017 55.656112 -25.333084
v -95.765588 55.481469 -19.532229
v -95.464562 55.316678 -19.542616
v -91.122151 54.822306 -8.471616
v -88.866325 54.987097 -2.915886
v -92.376345 54.739920 -8.439507
v -87.228287 55.151870 -2.929275
v -90.352461 54.987062 -8.485005
v -90.051434 55.151870 -8.495375
v -95.765588 54.987062 -19.532229
v -98.477017 54.812420 -25.333084
v -98.412747 55.151870 -25.480603
v -95.464562 55.151870 -19.542616
v -99.521543 54.519140 -25.372543
v -98.911416 54.647646 -25.304960
v -96.199986 54.822306 -19.504089
v -97.454180 54.739920 -19.471979
v -97.697251 54.987062 -8.336640
v -97.555425 55.151870 -2.844853
v -97.982059 55.151870 -8.326547
v -96.055400 54.987097 -2.857120
v -96.992383 54.822306 -8.348908
v -95.754425 54.739920 -8.380741
v -99.126708 54.822306 -19.412005
v -100.389977 54.647646 -25.160874
v -99.956079 54.519140 -25.344402
v -97.888716 54.739920 -19.443838
v -101.064858 55.151870 -25.236359
v -100.824392 54.812420 -25.132750
v -99.561106 54.987062 -19.383864
v -99.845931 55.151870 -19.373771
v -90.352461 54.987062 8.485005
v -87.228287 55.151870 2.929275
v -90.051434 55.151870 8.495375
v -88.866325 54.987097 2.915886
v -91.122151 54.822306 8.471616
v -92.376345 54.739920 8.439507
v -96.199986 54.822306 19.504089
v -98.911416 54.647646 25.304960
v -99.521543 54.519140 25.372543
v -97.454180 54.739920 19.471979
v -98.412747 55.151870 25.480603
v -98.477017 54.812420 25.333084
v -95.765588 54.987062 19.532229
v -95.464562 55.151870 19.542616
v -96.992383 54.822306 8.348908
v -96.055400 54.987097 2.857120
v -95.754425 54.739920 8.380741
v -97.555425 55.151870 2.844853
v -97.697251 54.987062 8.336640
v -97.982059 55.151870 8.326547
v -99.561106 54.987062 19.383882
v -100.824392 54.812420 25.132750
v -101.064858 55.151870 25.236359
v -99.845931 55.151870 19.373771
v -99.956079 54.519140 25.344402
v -100.389977 54.647646 25.160874
v -99.126708 54.822306 19.412005
v -97.888716 54.739920 19.443838
v -91.122151 55.646225 8.471616
v -88.866325 55.481435 2.915886
v -92.376345 55.728629 8.439507
v -87.228287 55.316678 2.929275
v -90.352461 55.481469 8.485005
v -90.051434 55.316678 8.495375
v -95.765588 55.481469 19.532229
v -98.477017 55.656112 25.333084
v -98.412747 55.316678 25.480603
v -95.464562 55.316678 19.542616
v -99.521543 55.949391 25.372543
v -98.911416 55.820885 25.304960
v -96.199986 55.646225 19.504089
v -97.454180 55.728629 19.471979
v -90.352305 63.719262 0.247195
v -87.227873 58.163550 0.082404
v -90.051279 63.729667 0.082404
v -88.865928 58.150161 0.247177
v -91.121996 63.705891 0.411968
v -92.376189 63.673782 0.494355
v -96.199952 74.738346 0.411968
v -98.911416 80.539217 0.586611
v -99.521543 80.606817 0.715117
v -97.454145 74.706254 0.494355
v -98.412747 80.714861 0.082404
v -98.477017 80.567358 0.421855
v -95.765554 74.766504 0.247195
v -95.464527 74.776873 0.082404
v -91.121996 63.705891 -0.411968
v -88.865928 58.150161 -0.247177
v -92.376189 63.673782 -0.494355
v -87.227873 58.163550 -0.082404
v -90.352305 63.719262 -0.247195
v -90.051279 63.729667 -0.082404
v -95.765554 74.766504 -0.247195
v -98.477017 80.567358 -0.421855
v -98.412747 80.714861 -0.082404
v -95.464527 74.776873 -0.082404
v -99.521543 80.606817 -0.715117
v -98.911416 80.539217 -0.586611
v -96.199952 74.738346 -0.411968
v -97.454145 74.706254 -0.494355
v -97.697113 63.570915 -0.247195
v -97.555028 58.079144 -0.082404
v -97.981921 63.560804 -0.082404
v -96.055003 58.091395 -0.247177
v -96.992245 63.583165 -0.411968
v -95.754287 63.614998 -0.494355
v -99.126639 74.646280 -0.411968
v -100.389977 80.395148 -0.586611
v -99.956079 80.578677 -0.715117
v -97.888681 74.678096 -0.494355
v -101.064858 80.470616 -0.082404
v -100.824392 80.367007 -0.421855
v -99.561072 74.618139 -0.247195
v -99.845880 74.608045 -0.082404
v -102.158246 81.523890 -0.688736
v -103.738277 81.315671 -2.462492
v -101.228821 81.332908 -3.096292
v -100.964493 81.228471 -1.156675
v -101.398408 81.044942 -1.028152
v -101.638874 81.148551 -0.688736
v -102.855316 81.632968 0.000000
v -104.435347 81.424749 1.773773
v -104.435347 81.424749 -1.773773
v -103.738277 81.315671 2.462492
v -102.158246 81.523890 0.688736
v -101.638874 81.148551 0.688736
v -101.398408 81.044942 1.028152
v -100.964493 81.228471 1.156675
v -101.228821 81.332908 3.096292
v -99.137595 82.020487 0.688736
v -99.137595 81.889031 2.506110
v -99.834665 81.568146 3.096292
v -99.570354 81.463708 1.156675
v -98.960244 81.396108 1.028152
v -98.895973 81.543611 0.688736
v -99.137595 82.208001 0.000000
v -99.137595 82.076528 -1.817391
v -99.137595 82.076545 1.817391
v -99.137595 81.889031 -2.506110
v -99.137595 82.020487 -0.688736
v -98.895973 81.543611 -0.688736
v -98.960244 81.396108 -1.028152
v -99.570354 81.463708 -1.156675
v -99.834665 81.568146 -3.096292
v -102.158246 55.922993 26.289615
v -103.738277 57.696766 26.081397
v -101.228821 58.330566 26.098633
v -100.964493 56.390950 25.994213
v -101.398408 56.262426 25.810685
v -101.638874 55.922993 25.914294
v -102.855316 55.234274 26.398711
v -104.435347 53.460501 26.190492
v -104.435347 57.008031 26.190492
v -103.738277 52.771765 26.081397
v -102.158246 54.545539 26.289615
v -101.638874 54.545539 25.914294
v -101.398408 54.206105 25.810685
v -100.964493 54.077582 25.994213
v -101.228821 52.137983 26.098633
v -99.137595 54.545539 26.786230
v -99.137595 52.728148 26.654757
v -99.834665 52.137983 26.333871
v -99.570354 54.077582 26.229434
v -98.960244 54.206105 26.161851
v -98.895973 54.545539 26.309336
v -99.137595 55.234274 26.973727
v -99.137595 57.051648 26.842271
v -99.137595 53.416883 26.842288
v -99.137595 57.740384 26.654757
v -99.137595 55.922993 26.786230
v -98.895973 55.922993 26.309336
v -98.960244 56.262426 26.161851
v -99.570354 56.390950 26.229434
v -99.834665 58.330566 26.333871
v -102.158246 28.944642 0.688736
v -103.738277 29.152860 2.462492
v -101.228821 29.135624 3.096292
v -100.964493 29.240061 1.156675
v -101.398408 29.423589 1.028152
v -101.638874 29.319980 0.688736
v -102.855316 28.835564 0.000000
v -104.435347 29.043782 -1.773773
v -104.435347 29.043782 1.773773
v -103.738277 29.152860 -2.462492
v -102.158246 28.944642 -0.688736
v -101.638874 29.319980 -0.688736
v -101.398408 29.423589 -1.028152
v -100.964493 29.240061 -1.156675
v -101.228821 29.135624 -3.096292
v -99.137595 28.448044 -0.688736
v -99.137595 28.579501 -2.506110
v -99.834665 28.900403 -3.096292
v -99.570354 29.004823 -1.156675
v -98.960244 29.072423 -1.028152
v -98.895973 28.924921 -0.688736
v -99.137595 28.260547 0.000000
v -99.137595 28.392004 1.817391
v -99.137595 28.391987 -1.817391
v -99.137595 28.579501 2.506110
v -99.137595 28.448044 0.688736
v -98.895973 28.924921 0.688736
v -98.960244 29.072423 1.028152
v -99.570354 29.004823 1.156675
v -99.834665 28.900403 3.096292
v -102.158246 54.545539 -26.289615
v -103.738277 52.771765 -26.081397
v -101.228821 52.137983 -26.098633
v -100.964493 54.077582 -25.994213
v -101.398408 54.206105 -25.810685
v -101.638874 54.545539 -25.914294
v -102.855316 55.234274 -26.398711
v -104.435347 57.008031 -26.190492
v -104.435347 53.460501 -26.190492
v -103.738277 57.696766 -26.081397
v -102.158246 55.922993 -26.289615
v -101.638874 55.922993 -25.914294
v -101.398408 56.262426 -25.810685
v -100.964493 56.390950 -25.994213
v -101.228821 58.330566 -26.098633
v -99.137595 55.922993 -26.786230
v -99.137595 57.740384 -26.654757
v -99.834665 58.330566 -26.333871
v -99.570354 56.390950 -26.229434
v -98.960244 56.262426 -26.161851
v -98.895973 55.922993 -26.309336
v -99.137595 55.234274 -26.973727
v -99.137595 53.416883 -26.842271
v -99.137595 57.051648 -26.842288
v -99.137595 52.728148 -26.654757
v -99.137595 54.545539 -26.786230
v -98.895973 54.545539 -26.309336
v -98.960244 54.206105 -26.161851
v -99.570354 54.077582 -26.229434
v -99.834665 52.137983 -26.333871
v -99.834665 69.139930 22.649640
v -99.834665 72.478275 20.224209
v -99.137595 72.642583 20.388517
v -99.137595 69.245437 22.856685
v -101.228821 72.340003 20.033900
v -101.228821 69.001676 22.459331
v -104.017115 68.948931 22.355826
v -104.017115 72.257875 19.951755
v -99.834665 61.804578 25.783631
v -99.834665 65.384665 24.563048
v -99.137595 65.490155 24.770093
v -99.137595 61.214412 26.104534
v -101.228821 65.311975 24.339336
v -101.228821 61.731905 25.559902
v -103.738277 61.098088 25.542682
v -104.017115 65.259230 24.235830
v -99.834665 45.083867 24.563048
v -99.834665 48.663954 25.783631
v -99.137595 49.254119 26.104534
v -99.137595 44.978377 24.770093
v -101.228821 48.736644 25.559902
v -101.228821 45.156557 24.339336
v -104.017115 45.209301 24.235830
v -103.738277 49.370444 25.542682
v -99.834665 37.990257 20.224209
v -99.834665 41.328602 22.649640
v -99.137595 41.223112 22.856685
v -99.137595 37.825949 20.388517
v -101.228821 41.466873 22.459331
v -101.228821 38.128528 20.033900
v -104.017115 38.210674 19.951755
v -104.017115 41.519601 22.355826
v -99.834665 32.584634 13.905673
v -99.834665 35.010065 17.244000
v -99.137595 34.845758 17.408325
v -99.137595 32.377589 14.011162
v -101.228821 35.200374 17.105746
v -101.228821 32.774926 13.767401
v -104.017115 32.878432 13.714656
v -104.017115 35.282502 17.023601
v -99.834665 29.450643 6.570320
v -99.834665 30.671226 10.150408
v -99.137595 30.464181 10.255880
v -99.137595 29.129740 5.980138
v -101.228821 30.894939 10.077700
v -101.228821 29.674355 6.497630
v -103.738277 29.691592 5.863830
v -104.017115 30.998444 10.024956
v -99.834665 30.671226 -10.150408
v -99.834665 29.450643 -6.570320
v -99.137595 29.129740 -5.980138
v -99.137595 30.464181 -10.255880
v -101.228821 29.674355 -6.497630
v -101.228821 30.894939 -10.077700
v -104.017115 30.998444 -10.024956
v -103.738277 29.691592 -5.863830
v -99.834665 35.010065 -17.244000
v -99.834665 32.584634 -13.905673
v -99.137595 32.377589 -14.011162
v -99.137595 34.845758 -17.408325
v -101.228821 32.774926 -13.767401
v -101.228821 35.200374 -17.105746
v -104.017115 35.282502 -17.023601
v -104.017115 32.878432 -13.714656
v -99.834665 41.328602 -22.649640
v -99.834665 37.990257 -20.224209
v -99.137595 37.825949 -20.388517
v -99.137595 41.223112 -22.856685
v -101.228821 38.128528 -20.033900
v -101.228821 41.466873 -22.459331
v -104.017115 41.519601 -22.355826
v -104.017115 38.210674 -19.951755
v -99.834665 48.663954 -25.783631
v -99.834665 45.083867 -24.563048
v -99.137595 44.978377 -24.770093
v -99.137595 49.254119 -26.104534
v -101.228821 45.156557 -24.339336
v -101.228821 48.736644 -25.559902
v -103.738277 49.370444 -25.542682
v -104.017115 45.209301 -24.235830
v -99.834665 65.384665 -24.563048
v -99.834665 61.804578 -25.783631
v -99.137595 61.214412 -26.104534
v -99.137595 65.490155 -24.770093
v -101.228821 61.731905 -25.559902
v -101.228821 65.311975 -24.339336
v -104.017115 65.259230 -24.235830
v -103.738277 61.098088 -25.542682
v -99.834665 72.478275 -20.224209
v -99.834665 69.139930 -22.649640
v -99.137595 69.245437 -22.856685
v -99.137595 72.642583 -20.388517
v -101.228821 69.001676 -22.459331
v -101.228821 72.340003 -20.033900
v -104.017115 72.257875 -19.951755
v -104.017115 68.948931 -22.355826
v -99.834665 77.883914 -13.905673
v -99.834665 75.458466 -17.244000
v -99.137595 75.622774 -17.408325
v -99.137595 78.090960 -14.011162
v -101.228821 75.268174 -17.105746
v -101.228821 77.693605 -13.767401
v -104.017115 77.590100 -13.714656
v -104.017115 75.186029 -17.023601
v -99.834665 81.017888 -6.570320
v -99.834665 79.797305 -10.150408
v -99.137595 80.004350 -10.255880
v -99.137595 81.338808 -5.980138
v -101.228821 79.573610 -10.077700
v -101.228821 80.794176 -6.497630
v -103.738277 80.776957 -5.863830
v -104.017115 79.470105 -10.024956
v -101.228821 77.693605 13.767401
v -101.228821 75.268174 17.105746
v -104.017115 75.186029 17.023601
v -104.017115 77.590100 13.714656
v -99.834665 75.458466 17.244000
v -99.834665 77.883914 13.905673
v -99.137595 78.090960 14.011162
v -99.137595 75.622774 17.408325
v -99.834665 79.797305 10.150408
v -99.834665 81.017888 6.570320
v -99.137595 81.338808 5.980138
v -99.137595 80.004350 10.255880
v -101.228821 80.794176 6.497630
v -101.228821 79.573610 10.077700
v -104.017115 79.470105 10.024956
v -103.738277 80.776957 5.863830
v -112.382000 75.458466 -17.244000
v -112.382000 77.883914 -13.905673
v -113.079052 77.935624 -14.333066
v -113.079052 75.880925 -17.161113
v -110.987844 77.693605 -13.767401
v -110.987844 75.268174 -17.105746
v -108.199549 75.186029 -17.023601
v -108.199549 77.590100 -13.714656
v -112.382000 69.139930 -22.649640
v -112.382000 72.478275 -20.224209
v -113.079052 72.900733 -20.141322
v -113.079052 69.245437 -22.856685
v -110.987844 72.340003 -20.033900
v -110.987844 69.001676 -22.459331
v -108.199549 68.948931 -22.355826
v -108.199549 72.257875 -19.951755
v -112.382000 61.460227 -25.838170
v -112.382000 65.384665 -24.563048
v -113.079052 65.490155 -24.770093
v -113.079052 61.496563 -26.067680
v -110.987844 65.311975 -24.339336
v -110.987844 61.387520 -25.614458
v -107.920728 61.098088 -25.542682
v -108.199549 65.259230 -24.235830
v -112.382000 53.171069 -26.497489
v -112.382000 57.297480 -26.497489
v -113.079052 57.333816 -26.726998
v -113.079052 53.134715 -26.726998
v -110.987844 57.297480 -26.262268
v -110.987844 53.171069 -26.262268
v -107.920728 53.460501 -26.190492
v -107.920728 57.008031 -26.190492
v -112.382000 45.083867 -24.563048
v -112.382000 49.008305 -25.838170
v -113.079052 48.971968 -26.067680
v -113.079052 44.978377 -24.770093
v -110.987844 49.081012 -25.614458
v -110.987844 45.156557 -24.339336
v -108.199549 45.209301 -24.235830
v -107.920728 49.370444 -25.542682
v -112.382000 37.990257 -20.224209
v -112.382000 41.328602 -22.649640
v -113.079052 41.223112 -22.856685
v -113.079052 37.567798 -20.141322
v -110.987844 41.466873 -22.459331
v -110.987844 38.128528 -20.033900
v -108.199549 38.210674 -19.951755
v -108.199549 41.519601 -22.355826
v -112.382000 32.584634 -13.905673
v -112.382000 35.010065 -17.244000
v -113.079052 34.587607 -17.161113
v -113.079052 32.532908 -14.333066
v -110.987844 35.200374 -17.105746
v -110.987844 32.774926 -13.767401
v -108.199549 32.878432 -13.714656
v -108.199549 35.282502 -17.023601
v -112.382000 29.396087 -6.225952
v -112.382000 30.671226 -10.150408
v -113.079052 30.619500 -10.577801
v -113.079052 29.166594 -6.262306
v -110.987844 30.894939 -10.077700
v -110.987844 29.619816 -6.153262
v -107.920728 29.691592 -5.863830
v -108.199549 30.998444 -10.024956
v -112.382000 28.736769 2.063205
v -112.382000 28.736769 -2.063205
v -113.079052 28.507276 -2.099542
v -113.079052 28.507276 2.099542
v -110.987844 28.972006 -2.063205
v -110.987844 28.972006 2.063205
v -107.920728 29.043782 1.773773
v -107.920728 29.043782 -1.773773
v -112.382000 30.671226 10.150408
v -112.382000 29.396087 6.225952
v -113.079052 29.166594 6.262306
v -113.079052 30.619500 10.577801
v -110.987844 29.619816 6.153262
v -110.987844 30.894939 10.077700
v -108.199549 30.998444 10.024956
v -107.920728 29.691592 5.863830
v -112.382000 35.010065 17.244000
v -112.382000 32.584634 13.905673
v -113.079052 32.532908 14.333066
v -113.079052 34.587607 17.161113
v -110.987844 32.774926 13.767401
v -110.987844 35.200374 17.105746
v -108.199549 35.282502 17.023601
v -108.199549 32.878432 13.714656
v -112.382000 41.328602 22.649640
v -112.382000 37.990257 20.224209
v -113.079052 37.567798 20.141322
v -113.079052 41.223112 22.856685
v -110.987844 38.128528 20.033900
v -110.987844 41.466873 22.459331
v -108.199549 41.519601 22.355826
v -108.199549 38.210674 19.951755
v -112.382000 49.008305 25.838170
v -112.382000 45.083867 24.563048
v -113.079052 44.978377 24.770093
v -113.079052 48.971968 26.067680
v -110.987844 45.156557 24.339336
v -110.987844 49.081012 25.614458
v -107.920728 49.370444 25.542682
v -108.199549 45.209301 24.235830
v -112.382000 57.297480 26.497489
v -112.382000 53.171069 26.497489
v -113.079052 53.134715 26.726998
v -113.079052 57.333816 26.726998
v -110.987844 53.171069 26.262268
v -110.987844 57.297480 26.262268
v -107.920728 57.008031 26.190492
v -107.920728 53.460501 26.190492
v -112.382000 65.384665 24.563048
v -112.382000 61.460227 25.838170
v -113.079052 61.496563 26.067680
v -113.079052 65.490155 24.770093
v -110.987844 61.387520 25.614458
v -110.987844 65.311975 24.339336
v -108.199549 65.259230 24.235830
v -107.920728 61.098088 25.542682
v -112.382000 72.478275 20.224209
v -112.382000 69.139930 22.649640
v -113.079052 69.245437 22.856685
v -113.079052 72.900733 20.141322
v -110.987844 69.001676 22.459331
v -110.987844 72.340003 20.033900
v -108.199549 72.257875 19.951755
v -108.199549 68.948931 22.355826
v -112.382000 77.883914 13.905673
v -112.382000 75.458466 17.244000
v -113.079052 75.880925 17.161113
v -113.079052 77.935624 14.333066
v -110.987844 75.268174 17.105746
v -110.987844 77.693605 13.767401
v -108.199549 77.590100 13.714656
v -108.199549 75.186029 17.023601
v -112.382000 81.072445 6.225952
v -112.382000 79.797305 10.150408
v -113.079052 79.849032 10.577801
v -113.079052 81.301954 6.262306
v -110.987844 79.573610 10.077700
v -110.987844 80.848732 6.153262
v -107.920728 80.776957 5.863830
v -108.199549 79.470105 10.024956
v -110.987844 80.848732 -6.153262
v -110.987844 79.573610 -10.077700
v -108.199549 79.470105 -10.024956
v -107.920728 80.776957 -5.863830
v -112.382000 79.797305 -10.150408
v -112.382000 81.072445 -6.225952
v -113.079052 81.301954 -6.262306
v -113.079052 79.849032 -10.577801
v -112.382000 81.731780 -2.063205
v -112.382000 81.731780 2.063205
v -113.079052 81.961255 2.099542
v -113.079052 81.961255 -2.099542
v -110.987844 81.496525 2.063205
v -110.987844 81.496525 -2.063205
v -107.920728 81.424749 -1.773773
v -107.920728 81.424749 1.773773
v -110.987844 69.627504 -23.444383
v -110.987844 72.961415 -21.055530
v -108.548783 73.425213 -20.756022
v -108.199549 69.680232 -23.547905
v -112.382000 72.823160 -20.865221
v -112.382000 69.489232 -23.254091
v -113.079052 69.383743 -23.047046
v -113.079052 73.039040 -20.331683
v -110.987844 61.678332 -26.744683
v -110.987844 65.741059 -25.424632
v -108.199549 65.793786 -25.528137
v -108.199549 61.696500 -26.859438
v -112.382000 65.668369 -25.200920
v -112.382000 61.605624 -26.520988
v -113.079052 61.569288 -26.291461
v -113.079052 65.562862 -24.993875
v -110.987844 53.098362 -27.427035
v -110.987844 57.370170 -27.427035
v -108.199549 57.388338 -27.541773
v -108.199549 53.080193 -27.541773
v -112.382000 57.370170 -27.191815
v -112.382000 53.098362 -27.191815
v -113.079052 53.134715 -26.962305
v -113.079052 57.333816 -26.962288
v -110.987844 44.727490 -25.424632
v -110.987844 48.790200 -26.744683
v -108.199549 48.772049 -26.859438
v -108.199549 44.674745 -25.528155
v -112.382000 48.862907 -26.520988
v -112.382000 44.800163 -25.200920
v -113.079052 44.905670 -24.993875
v -113.079052 48.899244 -26.291461
v -110.987844 37.507117 -21.055530
v -110.987844 40.841045 -23.444383
v -108.199549 40.788300 -23.547905
v -108.548783 37.043318 -20.756022
v -112.382000 40.979299 -23.254091
v -112.382000 37.645371 -20.865221
v -113.079052 37.429492 -20.331683
v -113.079052 41.084806 -23.047046
v -110.987844 28.489574 -6.444057
v -110.987844 29.731276 -10.353002
v -108.548783 29.872808 -10.886661
v -108.199549 28.374836 -6.462226
v -112.382000 29.954988 -10.280311
v -112.382000 28.713286 -6.371367
v -113.079052 28.942796 -6.335014
v -113.079052 30.395718 -10.650508
v -110.987844 27.807222 2.135913
v -110.987844 27.807222 -2.135913
v -108.199549 27.692502 -2.154064
v -108.199549 27.692502 2.154064
v -112.382000 28.042460 -2.135913
v -112.382000 28.042460 2.135913
v -113.079052 28.271952 2.099542
v -113.079052 28.271969 -2.099542
v -110.987844 29.731276 10.353002
v -110.987844 28.489574 6.444057
v -108.199549 28.374836 6.462226
v -108.548783 29.872808 10.886661
v -112.382000 28.713286 6.371367
v -112.382000 29.954988 10.280311
v -113.079052 30.395718 10.650508
v -113.079052 28.942796 6.335014
v -110.987844 40.841045 23.444383
v -110.987844 37.507117 21.055530
v -108.548783 37.043318 20.756022
v -108.199549 40.788300 23.547905
v -112.382000 37.645371 20.865221
v -112.382000 40.979299 23.254091
v -113.079052 41.084806 23.047046
v -113.079052 37.429492 20.331683
v -110.987844 48.790200 26.744683
v -110.987844 44.727490 25.424632
v -108.199549 44.674745 25.528137
v -108.199549 48.772049 26.859438
v -112.382000 44.800163 25.200920
v -112.382000 48.862907 26.520988
v -113.079052 48.899244 26.291461
v -113.079052 44.905670 24.993875
v -110.987844 57.370170 27.427035
v -110.987844 53.098362 27.427035
v -108.199549 53.080193 27.541773
v -108.199549 57.388338 27.541773
v -112.382000 53.098362 27.191815
v -112.382000 57.370170 27.191815
v -113.079052 57.333816 26.962305
v -113.079052 53.134715 26.962288
v -110.987844 65.741059 25.424632
v -110.987844 61.678332 26.744683
v -108.199549 61.696500 26.859438
v -108.199549 65.793786 25.528155
v -112.382000 61.605624 26.520988
v -112.382000 65.668369 25.200920
v -113.079052 65.562862 24.993875
v -113.079052 61.569288 26.291461
v -110.987844 72.961415 21.055530
v -110.987844 69.627504 23.444383
v -108.199549 69.680232 23.547905
v -108.548783 73.425213 20.756022
v -112.382000 69.489232 23.254091
v -112.382000 72.823160 20.865221
v -113.079052 73.039040 20.331683
v -113.079052 69.383743 23.047046
v -110.987844 81.978958 6.444057
v -110.987844 80.737256 10.353002
v -108.548783 80.595723 10.886661
v -108.199549 82.093712 6.462226
v -112.382000 80.513544 10.280311
v -112.382000 81.755245 6.371367
v -113.079052 81.525736 6.335014
v -113.079052 80.072813 10.650508
v -112.382000 81.755245 -6.371367
v -112.382000 80.513544 -10.280311
v -113.079052 80.072813 -10.650508
v -113.079052 81.525736 -6.335014
v -110.987844 80.737256 -10.353002
v -110.987844 81.978958 -6.444057
v -108.199549 82.093712 -6.462226
v -108.548783 80.595723 -10.886661
v -110.987844 82.661310 -2.135913
v -110.987844 82.661310 2.135913
v -108.199549 82.776047 2.154064
v -108.199549 82.776047 -2.154064
v -112.382000 82.426089 2.135913
v -112.382000 82.426089 -2.135913
v -113.079052 82.196579 -2.099542
v -113.079052 82.196562 2.099542
v -99.834665 81.755245 6.371367
v -99.834665 80.435194 10.434094
v -99.137595 80.228149 10.328605
v -99.137595 81.562590 6.052863
v -101.228821 80.658907 10.506784
v -101.228821 81.978958 6.444057
v -104.017115 82.093712 6.462226
v -104.366349 80.595723 10.886661
v -99.834665 82.426089 -2.135913
v -99.834665 82.426089 2.135913
v -99.137595 82.233416 1.817391
v -99.137595 82.233416 -1.817391
v -101.228821 82.661310 2.135913
v -101.228821 82.661310 -2.135913
v -104.017115 82.776047 -2.154064
v -104.017115 82.776047 2.154064
v -99.834665 80.435194 -10.434094
v -99.834665 81.755245 -6.371367
v -99.137595 81.562573 -6.052863
v -99.137595 80.228149 -10.328605
v -101.228821 81.978958 -6.444057
v -101.228821 80.658907 -10.506784
v -104.366349 80.595723 -10.886661
v -104.017115 82.093712 -6.462226
v -99.834665 75.977442 -17.710922
v -99.834665 78.488366 -14.254958
v -99.137595 78.281303 -14.149469
v -99.137595 75.813152 -17.546632
v -101.228821 78.678657 -14.393230
v -101.228821 76.167751 -17.849194
v -104.366349 76.509514 -17.671721
v -104.366349 78.615491 -14.773106
v -99.834665 69.489232 -23.254091
v -99.834665 72.945196 -20.743185
v -99.137595 72.780889 -20.578877
v -99.137595 69.383743 -23.047046
v -101.228821 73.083468 -20.933477
v -101.228821 69.627504 -23.444383
v -104.017115 69.680232 -23.547905
v -104.366349 73.425213 -20.756022
v -99.834665 61.605624 -26.520988
v -99.834665 65.668369 -25.200920
v -99.137595 65.562862 -24.993875
v -99.137595 61.287120 -26.328315
v -101.228821 65.741059 -25.424632
v -101.228821 61.678332 -26.744683
v -104.017115 61.696500 -26.859438
v -104.017115 65.793786 -25.528137
v -99.834665 53.098362 -27.191815
v -99.834665 57.370170 -27.191815
v -99.137595 57.051648 -26.999142
v -99.137595 53.416883 -26.999142
v -101.228821 57.370170 -27.427035
v -101.228821 53.098362 -27.427035
v -104.017115 53.080193 -27.541773
v -104.017115 57.388338 -27.541773
v -99.834665 44.800163 -25.200920
v -99.834665 48.862907 -26.520988
v -99.137595 49.181412 -26.328315
v -99.137595 44.905670 -24.993875
v -101.228821 48.790200 -26.744683
v -101.228821 44.727490 -25.424632
v -104.017115 44.674745 -25.528155
v -104.017115 48.772049 -26.859438
v -99.834665 37.523353 -20.743185
v -99.834665 40.979299 -23.254091
v -99.137595 41.084806 -23.047046
v -99.137595 37.687643 -20.578877
v -101.228821 40.841045 -23.444383
v -101.228821 37.385064 -20.933477
v -104.366349 37.043318 -20.756022
v -104.017115 40.788300 -23.547905
v -99.834665 31.980183 -14.254958
v -99.834665 34.491089 -17.710922
v -99.137595 34.655397 -17.546632
v -99.137595 32.187229 -14.149469
v -101.228821 34.300780 -17.849194
v -101.228821 31.789874 -14.393230
v -104.366349 31.853058 -14.773106
v -104.366349 33.959018 -17.671721
v -99.834665 28.713286 -6.371367
v -99.834665 30.033355 -10.434094
v -99.137595 30.240400 -10.328605
v -99.137595 28.905942 -6.052863
v -101.228821 29.809625 -10.506784
v -101.228821 28.489574 -6.444057
v -104.017115 28.374836 -6.462226
v -104.366349 29.872808 -10.886661
v -99.834665 28.042460 2.135913
v -99.834665 28.042460 -2.135913
v -99.137595 28.235115 -1.817391
v -99.137595 28.235115 1.817391
v -101.228821 27.807222 -2.135913
v -101.228821 27.807222 2.135913
v -104.017115 27.692502 2.154064
v -104.017115 27.692502 -2.154064
v -99.834665 30.033355 10.434094
v -99.834665 28.713286 6.371367
v -99.137595 28.905959 6.052863
v -99.137595 30.240400 10.328605
v -101.228821 28.489574 6.444057
v -101.228821 29.809625 10.506784
v -104.366349 29.872808 10.886661
v -104.017115 28.374836 6.462226
v -99.834665 34.491089 17.710922
v -99.834665 31.980183 14.254958
v -99.137595 32.187229 14.149469
v -99.137595 34.655397 17.546632
v -101.228821 31.789874 14.393230
v -101.228821 34.300780 17.849194
v -104.366349 33.959018 17.671721
v -104.366349 31.853040 14.773106
v -99.834665 40.979299 23.254091
v -99.834665 37.523353 20.743185
v -99.137595 37.687643 20.578877
v -99.137595 41.084806 23.047046
v -101.228821 37.385064 20.933477
v -101.228821 40.841045 23.444383
v -104.017115 40.788300 23.547905
v -104.366349 37.043318 20.756022
v -99.834665 48.862907 26.520988
v -99.834665 44.800163 25.200920
v -99.137595 44.905670 24.993875
v -99.137595 49.181412 26.328315
v -101.228821 44.727490 25.424632
v -101.228821 48.790200 26.744683
v -104.017115 48.772049 26.859438
v -104.017115 44.674745 25.528137
v -99.834665 57.370170 27.191815
v -99.834665 53.098362 27.191815
v -99.137595 53.416883 26.999142
v -99.137595 57.051648 26.999142
v -101.228821 53.098362 27.427035
v -101.228821 57.370170 27.427035
v -104.017115 57.388338 27.541773
v -104.017115 53.080193 27.541773
v -99.834665 65.668369 25.200920
v -99.834665 61.605624 26.520988
v -99.137595 61.287120 26.328315
v -99.137595 65.562862 24.993875
v -101.228821 61.678332 26.744683
v -101.228821 65.741059 25.424632
v -104.017115 65.793786 25.528155
v -104.017115 61.696500 26.859438
v -101.228821 76.167751 17.849194
v -101.228821 78.678657 14.393230
v -104.366349 78.615474 14.773106
v -104.366349 76.509514 17.671721
v -99.834665 78.488366 14.254958
v -99.834665 75.977442 17.710922
v -99.137595 75.813152 17.546632
v -99.137595 78.281303 14.149469
v -99.834665 72.945196 20.743185
v -99.834665 69.489232 23.254091
v -99.137595 69.383743 23.047046
v -99.137595 72.780889 20.578877
v -101.228821 69.627504 23.444383
v -101.228821 73.083468 20.933477
v -104.366349 73.425213 20.756022
v -104.017115 69.680232 23.547905
f 5049 5019 5021
f 5049 5021 5033
f 5049 5033 5035
f 5049 5035 4907
f 5049 4907 4909
f 5049 4909 5047
f 4951 4935 4937
f 4951 4937 4963
f 4951 4963 4965
f 4951 4965 4879
f 4951 4879 4881
f 4951 4881 4949
f 5124 5125 5123
f 5184 5185 5183
f 5214 5215 5213
f 5154 5155 5153
f 5077 5061 5063
f 5077 5063 4893
f 5077 4893 4895
f 5077 4895 5089
f 5077 5089 5091
f 5077 5091 5075
f 4993 4977 4979
f 4993 4979 4921
f 4993 4921 4923
f 4993 4923 5005
f 4993 5005 5007
f 4993 5007 4991
f 5127 5129 5126
f 5149 5151 5148
f 5179 5180 5181
f 5187 5189 5186
f 5209 5211 5208
f 5772 5593 5592
f 5772 5592 5773
f 5740 5569 5568
f 5740 5568 5741
f 5708 5545 5544
f 5708 5544 5709
f 5676 5513 5512
f 5676 5512 5677
f 5644 5617 5616
f 5644 5616 5645
f 5464 5605 5604
f 5464 5604 5465
f 5432 4807 4806
f 5432 4806 5433
f 5400 4781 4780
f 5400 4780 5401
f 5368 5525 5524
f 5368 5524 5369
f 5504 5637 5636
f 5504 5636 5505
f 5240 5761 5760
f 5240 5760 5241
f 5340 5789 5788
f 5340 5788 5341
f 5320 5665 5664
f 5320 5664 5321
f 5296 5697 5696
f 5296 5696 5297
f 5184 5729 5728
f 5184 5728 5185
f 5260 5437 5436
f 5260 5436 5261
f 5236 5469 5468
f 5236 5468 5237
f 5109 5509 5508
f 5109 5508 5110
f 5308 5373 5372
f 5308 5372 5309
f 5284 5405 5404
f 5284 5404 5285
f 5794 5791 5790
f 5794 5790 5795
f 5762 5759 5758
f 5762 5758 5763
f 5730 5727 5726
f 5730 5726 5731
f 5698 5695 5694
f 5698 5694 5699
f 5666 5663 5662
f 5666 5662 5667
f 5634 5631 5630
f 5634 5630 5635
f 5602 5599 5598
f 5602 5598 5603
f 5570 5567 5566
f 5570 5566 5571
f 5538 5535 5534
f 5538 5534 5539
f 5506 5503 5502
f 5506 5502 5507
f 5474 5471 5470
f 5474 5470 5475
f 5442 5439 5438
f 5442 5438 5443
f 5410 5407 5406
f 5410 5406 5411
f 5378 5375 5374
f 5378 5374 5379
f 5346 5343 5342
f 5346 5342 5347
f 5314 5311 5310
f 5314 5310 5315
f 5282 5279 5278
f 5282 5278 5283
f 5250 5247 5246
f 5250 5246 5251
f 5787 5790 5793
f 5787 5793 5788
f 5775 5766 5769
f 5775 5769 5776
f 5759 5750 5753
f 5759 5753 5760
f 5743 5734 5737
f 5743 5737 5744
f 5727 5718 5721
f 5727 5721 5728
f 5711 5702 5705
f 5711 5705 5712
f 5695 5686 5689
f 5695 5689 5696
f 5679 5670 5673
f 5679 5673 5680
f 5663 5654 5657
f 5663 5657 5664
f 5647 5638 5641
f 5647 5641 5648
f 5627 5630 5633
f 5627 5633 5628
f 5615 4867 4866
f 5615 4866 5616
f 5607 5598 5601
f 5607 5601 5608
f 5591 5582 5585
f 5591 5585 5592
f 5575 4815 4814
f 5575 4814 5576
f 5567 5558 5561
f 5567 5561 5568
f 5551 4789 4788
f 5551 4788 5552
f 5543 5534 5537
f 5543 5537 5544
f 5527 5518 5521
f 5527 5521 5528
f 5511 4841 4840
f 5511 4840 5512
f 5499 5502 5505
f 5499 5505 5500
f 5487 5478 5481
f 5487 5481 5488
f 5471 5462 5465
f 5471 5465 5472
f 5455 5446 5449
f 5455 5449 5456
f 5439 5430 5433
f 5439 5433 5440
f 5423 5414 5417
f 5423 5417 5424
f 5407 5398 5401
f 5407 5401 5408
f 5391 5382 5385
f 5391 5385 5392
f 5375 5366 5369
f 5375 5369 5376
f 5359 5350 5353
f 5359 5353 5360
f 5339 5342 5345
f 5339 5345 5340
f 5327 5318 5321
f 5327 5321 5328
f 5311 5302 5305
f 5311 5305 5312
f 5221 5294 5297
f 5221 5297 5216
f 5287 5278 5281
f 5287 5281 5288
f 5271 5179 5178
f 5271 5178 5272
f 5263 5254 5257
f 5263 5257 5264
f 5247 5238 5241
f 5247 5241 5248
f 5161 5230 5233
f 5161 5233 5156
f 5223 5338 5341
f 5223 5341 5224
f 5212 5218 5217
f 5212 5217 5207
f 5182 5188 5187
f 5182 5187 5177
f 5152 5158 5157
f 5152 5157 5147
f 5122 5128 5127
f 5122 5127 5117
f 4869 4875 4874
f 4869 4874 4865
f 4843 4849 4848
f 4843 4848 4839
f 4821 4819 4818
f 4821 4818 4822
f 4795 4793 4792
f 4795 4792 4796
f 4837 4842 4841
f 4837 4841 4838
f 4757 4752 4751
f 4757 4751 4754
f 4749 4744 4743
f 4749 4743 4746
f 4673 4670 4669
f 4673 4669 4671
f 4667 4664 4663
f 4667 4663 4665
f 5787 5788 5789
f 5787 5789 5786
f 5771 5772 5773
f 5771 5773 5770
f 5755 5756 5757
f 5755 5757 5754
f 5739 5740 5741
f 5739 5741 5738
f 5723 5724 5725
f 5723 5725 5722
f 5707 5708 5709
f 5707 5709 5706
f 5691 5692 5693
f 5691 5693 5690
f 5675 5676 5677
f 5675 5677 5674
f 5659 5660 5661
f 5659 5661 5658
f 5643 5644 5645
f 5643 5645 5642
f 5627 5628 5629
f 5627 5629 5626
f 5611 5612 5613
f 5611 5613 5610
f 5595 5596 5597
f 5595 5597 5594
f 5579 5580 5581
f 5579 5581 5578
f 5563 5564 5565
f 5563 5565 5562
f 5547 5548 5549
f 5547 5549 5546
f 5531 5532 5533
f 5531 5533 5530
f 5515 5516 5517
f 5515 5517 5514
f 5499 5500 5501
f 5499 5501 5498
f 5483 5484 5485
f 5483 5485 5482
f 5467 5468 5469
f 5467 5469 5466
f 5451 5452 5453
f 5451 5453 5450
f 5435 5436 5437
f 5435 5437 5434
f 5419 5420 5421
f 5419 5421 5418
f 5403 5404 5405
f 5403 5405 5402
f 5387 5388 5389
f 5387 5389 5386
f 5371 5372 5373
f 5371 5373 5370
f 5355 5356 5357
f 5355 5357 5354
f 5339 5340 5341
f 5339 5341 5338
f 5323 5324 5325
f 5323 5325 5322
f 5307 5308 5309
f 5307 5309 5306
f 5291 5292 5293
f 5291 5293 5290
f 5275 5276 5277
f 5275 5277 5274
f 5259 5260 5261
f 5259 5261 5258
f 5243 5244 5245
f 5243 5245 5242
f 5227 5228 5229
f 5227 5229 5226
f 5219 5221 5216
f 5189 5190 5191
f 5181 5182 5177
f 5159 5161 5156
f 5129 5130 5131
f 5121 5122 5117
f 4875 4876 4873
f 4865 4866 4867
f 4868 4869 4865
f 4850 4851 4848
f 4839 4840 4841
f 4841 4843 4839
f 4825 4821 4822
f 4822 4823 4824
f 4815 4816 4817
f 4798 4799 4795
f 4796 4797 4795
f 4787 4789 4790
f 4755 4756 4757
f 4755 4757 4754
f 4672 4673 4671
f 4662 4672 4752
f 4662 4752 4757
f 4742 4755 4829
f 4742 4829 4850
f 4670 4673 4664
f 4670 4664 4667
f 4831 4826 4835
f 5153 5147 5157
f 5234 5227 5222
f 5234 5222 5231
f 5258 5251 5246
f 5258 5246 5255
f 5282 5275 5270
f 5282 5270 5279
f 5306 5206 5209
f 5306 5209 5303
f 5104 5331 5326
f 5104 5326 5131
f 5362 5355 5350
f 5362 5350 5359
f 5394 5387 5382
f 5394 5382 5391
f 5426 5419 5414
f 5426 5414 5423
f 5458 5451 5446
f 5458 5446 5455
f 5490 5483 5478
f 5490 5478 5487
f 5514 4838 4841
f 5514 4841 5511
f 5546 5539 5534
f 5546 5534 5543
f 5570 5563 5558
f 5570 5558 5567
f 5594 5587 5582
f 5594 5582 5591
f 5618 4864 4867
f 5618 4867 5615
f 5650 5643 5638
f 5650 5638 5647
f 5682 5675 5670
f 5682 5670 5679
f 5714 5707 5702
f 5714 5702 5711
f 5746 5739 5734
f 5746 5734 5743
f 5778 5771 5766
f 5778 5766 5775
f 5429 5268 5163
f 5429 5163 5170
f 5429 5170 5420
f 5397 5292 5301
f 5397 5301 5388
f 5365 5316 5325
f 5365 5325 5356
f 5493 5348 5337
f 5493 5337 5484
f 5461 5139 5141
f 5461 5141 5245
f 5461 5245 5452
f 5256 5249 5752
f 5256 5752 5745
f 5280 5273 5720
f 5280 5720 5713
f 5304 5208 5215
f 5304 5215 5688
f 5304 5688 5681
f 5124 5126 5329
f 5124 5329 5656
f 5124 5656 5649
f 5154 5156 5233
f 5154 5233 5776
f 5154 5776 5769
f 5488 5481 4858
f 5488 4858 4860
f 5488 4860 5621
f 5360 5353 4832
f 5360 4832 4834
f 5360 4834 5517
f 5392 5385 5540
f 5392 5540 5549
f 5424 5417 5564
f 5424 5564 5573
f 5456 5449 5588
f 5456 5588 5597
f 4873 5609 5796
f 4873 5796 5785
f 4873 5785 4871
f 4847 5629 5660
f 4847 5660 5669
f 4847 5669 4845
f 5529 5692 5701
f 5529 5701 5536
f 5553 5724 5733
f 5553 5733 5560
f 5577 5756 5765
f 5577 5765 5584
f 4814 4820 5748
f 4814 5748 5757
f 4814 5757 5576
f 4788 4794 5716
f 4788 5716 5725
f 4788 5725 5552
f 5521 5684 5693
f 5521 5693 5528
f 5633 5652 5661
f 5633 5661 5628
f 5601 5780 5797
f 5601 5797 5608
f 5448 5441 5580
f 5448 5580 5589
f 5416 5409 5556
f 5416 5556 5565
f 5384 5377 5532
f 5384 5532 5541
f 4833 5352 5501
f 4833 5501 5624
f 4833 5624 4827
f 4859 5480 5473
f 4859 5473 5612
f 4859 5612 4853
f 5232 5225 5792
f 5232 5792 5777
f 5328 5321 5664
f 5328 5664 5657
f 5214 5216 5297
f 5214 5297 5696
f 5214 5696 5689
f 5272 5178 5185
f 5272 5185 5728
f 5272 5728 5721
f 5248 5241 5760
f 5248 5760 5753
f 5469 5236 5133
f 5469 5133 5140
f 5469 5140 5460
f 5509 5109 5111
f 5509 5111 5349
f 5509 5349 5492
f 5373 5308 5317
f 5373 5317 5364
f 5405 5284 5293
f 5405 5293 5396
f 5437 5260 5269
f 5437 5269 5428
f 5770 5763 5758
f 5770 5758 5767
f 5738 5731 5726
f 5738 5726 5735
f 5706 5699 5694
f 5706 5694 5703
f 5674 5667 5662
f 5674 5662 5671
f 5642 5783 5786
f 5642 5786 5639
f 4854 5611 5606
f 4854 5606 4877
f 5586 5579 5574
f 5586 5574 5583
f 5562 5555 5550
f 5562 5550 5559
f 5538 5531 5526
f 5538 5526 5535
f 4828 5623 5626
f 4828 5626 4851
f 5482 5475 5470
f 5482 5470 5479
f 5450 5443 5438
f 5450 5438 5447
f 5418 5411 5406
f 5418 5406 5415
f 5386 5379 5374
f 5386 5374 5383
f 5354 5495 5498
f 5354 5498 5351
f 5330 5323 5318
f 5330 5318 5327
f 5194 5299 5294
f 5194 5294 5221
f 5274 5176 5179
f 5274 5179 5271
f 5250 5243 5238
f 5250 5238 5247
f 5226 5335 5338
f 5226 5338 5223
f 5123 5117 5127
f 4818 4813 4822
f 4746 4743 4849
f 4746 4849 4843
f 4665 4663 4756
f 4665 4756 4745
f 4669 4670 4668
f 4751 4752 4753
f 4751 4753 4750
f 4785 4782 4783
f 4793 4794 4792
f 4809 4810 4808
f 4826 4827 4828
f 4829 4830 4826
f 4835 4836 4834
f 4863 4864 4860
f 4861 4862 4863
f 5115 5116 5111
f 5145 5146 5141
f 5175 5176 5171
f 5205 5206 5201
f 5223 5224 5225
f 5223 5225 5222
f 5231 5233 5230
f 5247 5248 5249
f 5247 5249 5246
f 5263 5264 5265
f 5271 5272 5273
f 5271 5273 5270
f 5287 5288 5289
f 5287 5289 5286
f 5295 5297 5294
f 5311 5312 5313
f 5311 5313 5310
f 5327 5328 5329
f 5335 5336 5337
f 5335 5337 5334
f 5351 5352 5353
f 5351 5353 5350
f 5367 5368 5369
f 5367 5369 5366
f 5383 5384 5385
f 5383 5385 5382
f 5399 5400 5401
f 5399 5401 5398
f 5415 5416 5417
f 5415 5417 5414
f 5431 5432 5433
f 5431 5433 5430
f 5447 5448 5449
f 5447 5449 5446
f 5463 5464 5465
f 5463 5465 5462
f 5479 5480 5481
f 5479 5481 5478
f 5495 5496 5497
f 5495 5497 5494
f 5511 5512 5513
f 5511 5513 5510
f 5527 5528 5529
f 5527 5529 5526
f 5543 5544 5545
f 5543 5545 5542
f 5559 5560 5561
f 5559 5561 5558
f 5575 5576 5577
f 5575 5577 5574
f 5591 5592 5593
f 5591 5593 5590
f 5607 5608 5609
f 5607 5609 5606
f 5623 5624 5625
f 5623 5625 5622
f 5639 5640 5641
f 5639 5641 5638
f 5655 5656 5657
f 5655 5657 5654
f 5671 5672 5673
f 5671 5673 5670
f 5687 5688 5689
f 5687 5689 5686
f 5703 5704 5705
f 5703 5705 5702
f 5719 5720 5721
f 5719 5721 5718
f 5735 5736 5737
f 5735 5737 5734
f 5751 5752 5753
f 5751 5753 5750
f 5767 5768 5769
f 5767 5769 5766
f 5783 5784 5785
f 5783 5785 5782
f 4664 4673 4672
f 4664 4672 4662
f 4665 4745 4744
f 4665 4744 4666
f 4745 4756 4755
f 4745 4755 4742
f 4746 4843 4842
f 4746 4842 4747
f 4798 4777 4776
f 4798 4776 4799
f 4850 4829 4828
f 4850 4828 4851
f 4794 4788 4787
f 4794 4787 4792
f 4830 4836 4835
f 4830 4835 4826
f 4846 4840 4839
f 4846 4839 4844
f 5130 5105 5104
f 5130 5104 5131
f 5190 5165 5164
f 5190 5164 5191
f 5125 5118 5117
f 5125 5117 5123
f 5185 5178 5177
f 5185 5177 5183
f 5335 5226 5229
f 5335 5229 5336
f 5235 5134 5133
f 5235 5133 5236
f 5243 5250 5253
f 5243 5253 5244
f 5259 5266 5269
f 5259 5269 5260
f 5176 5274 5277
f 5176 5277 5171
f 5283 5290 5293
f 5283 5293 5284
f 5299 5194 5193
f 5299 5193 5300
f 5307 5314 5317
f 5307 5317 5308
f 5323 5330 5333
f 5323 5333 5324
f 5116 5346 5349
f 5116 5349 5111
f 5495 5354 5357
f 5495 5357 5496
f 5363 5370 5373
f 5363 5373 5364
f 5379 5386 5389
f 5379 5389 5380
f 5395 5402 5405
f 5395 5405 5396
f 5411 5418 5421
f 5411 5421 5412
f 5427 5434 5437
f 5427 5437 5428
f 5443 5450 5453
f 5443 5453 5444
f 5459 5466 5469
f 5459 5469 5460
f 5475 5482 5485
f 5475 5485 5476
f 5491 5506 5509
f 5491 5509 5492
f 5623 4828 4827
f 5623 4827 5624
f 5515 5522 5525
f 5515 5525 5516
f 5531 5538 5541
f 5531 5541 5532
f 5547 4776 4775
f 5547 4775 5548
f 5555 5562 5565
f 5555 5565 5556
f 5571 4802 4801
f 5571 4801 5572
f 5579 5586 5589
f 5579 5589 5580
f 5595 5602 5605
f 5595 5605 5596
f 5611 4854 4853
f 5611 4853 5612
f 5619 5634 5637
f 5619 5637 5620
f 5783 5642 5645
f 5783 5645 5784
f 5651 5658 5661
f 5651 5661 5652
f 5667 5674 5677
f 5667 5677 5668
f 5683 5690 5693
f 5683 5693 5684
f 5699 5706 5709
f 5699 5709 5700
f 5715 5722 5725
f 5715 5725 5716
f 5731 5738 5741
f 5731 5741 5732
f 5747 5754 5757
f 5747 5757 5748
f 5763 5770 5773
f 5763 5773 5764
f 5779 5794 5797
f 5779 5797 5780
f 5226 5223 5222
f 5226 5222 5227
f 5258 5255 5254
f 5258 5254 5259
f 5290 5287 5286
f 5290 5286 5291
f 5322 5319 5318
f 5322 5318 5323
f 5354 5351 5350
f 5354 5350 5355
f 5386 5383 5382
f 5386 5382 5387
f 5418 5415 5414
f 5418 5414 5419
f 5450 5447 5446
f 5450 5446 5451
f 5482 5479 5478
f 5482 5478 5483
f 5514 5511 5510
f 5514 5510 5515
f 5546 5543 5542
f 5546 5542 5547
f 5578 5575 5574
f 5578 5574 5579
f 5610 5607 5606
f 5610 5606 5611
f 5642 5639 5638
f 5642 5638 5643
f 5674 5671 5670
f 5674 5670 5675
f 5706 5703 5702
f 5706 5702 5707
f 5738 5735 5734
f 5738 5734 5739
f 5770 5767 5766
f 5770 5766 5771
f 5268 5429 5428
f 5268 5428 5269
f 5292 5397 5396
f 5292 5396 5293
f 5316 5365 5364
f 5316 5364 5317
f 5348 5493 5492
f 5348 5492 5349
f 5139 5461 5460
f 5139 5460 5140
f 5248 5753 5752
f 5248 5752 5249
f 5272 5721 5720
f 5272 5720 5273
f 5214 5689 5688
f 5214 5688 5215
f 5328 5657 5656
f 5328 5656 5329
f 5154 5769 5768
f 5154 5768 5155
f 5488 5621 5620
f 5488 5620 5489
f 5360 5517 5516
f 5360 5516 5361
f 5392 5549 5548
f 5392 5548 5393
f 5424 5573 5572
f 5424 5572 5425
f 5456 5597 5596
f 5456 5596 5457
f 5784 4872 4871
f 5784 4871 5785
f 5668 4846 4845
f 5668 4845 5669
f 5700 5537 5536
f 5700 5536 5701
f 5732 5561 5560
f 5732 5560 5733
f 5764 5585 5584
f 5764 5584 5765
f 5208 5211 5207
f 5202 5203 5201
f 5178 5181 5177
f 5172 5173 5171
f 5148 5151 5147
f 5142 5143 5141
f 5118 5121 5117
f 5112 5113 5111
f 5113 5114 5111
f 5128 5129 5127
f 5143 5144 5141
f 5158 5159 5157
f 5173 5174 5171
f 5188 5189 5187
f 5203 5204 5201
f 5218 5219 5217
f 5748 4820 4819
f 5748 4819 5749
f 5716 4794 4793
f 5716 4793 5717
f 5684 5521 5520
f 5684 5520 5685
f 5652 5633 5632
f 5652 5632 5653
f 5780 5601 5600
f 5780 5600 5781
f 5440 5581 5580
f 5440 5580 5441
f 5408 5557 5556
f 5408 5556 5409
f 5376 5533 5532
f 5376 5532 5377
f 5500 5625 5624
f 5500 5624 5501
f 5472 5613 5612
f 5472 5612 5473
f 5224 5793 5792
f 5224 5792 5225
f 5312 5673 5672
f 5312 5672 5313
f 5288 5705 5704
f 5288 5704 5289
f 5264 5737 5736
f 5264 5736 5265
f 5252 5445 5444
f 5252 5444 5253
f 5228 5477 5476
f 5228 5476 5229
f 5332 5497 5496
f 5332 5496 5333
f 5199 5381 5380
f 5199 5380 5200
f 5276 5413 5412
f 5276 5412 5277
f 5786 5783 5782
f 5786 5782 5787
f 5754 5751 5750
f 5754 5750 5755
f 5722 5719 5718
f 5722 5718 5723
f 5690 5687 5686
f 5690 5686 5691
f 5658 5655 5654
f 5658 5654 5659
f 5626 5623 5622
f 5626 5622 5627
f 5594 5591 5590
f 5594 5590 5595
f 5562 5559 5558
f 5562 5558 5563
f 5530 5527 5526
f 5530 5526 5531
f 5498 5495 5494
f 5498 5494 5499
f 5466 5463 5462
f 5466 5462 5467
f 5434 5431 5430
f 5434 5430 5435
f 5402 5399 5398
f 5402 5398 5403
f 5370 5367 5366
f 5370 5366 5371
f 5338 5335 5334
f 5338 5334 5339
f 5306 5303 5302
f 5306 5302 5307
f 5274 5271 5270
f 5274 5270 5275
f 5242 5239 5238
f 5242 5238 5243
f 5795 5782 5785
f 5795 5785 5796
f 5771 5778 5781
f 5771 5781 5772
f 5755 5762 5765
f 5755 5765 5756
f 5739 5746 5749
f 5739 5749 5740
f 5723 5730 5733
f 5723 5733 5724
f 5707 5714 5717
f 5707 5717 5708
f 5691 5698 5701
f 5691 5701 5692
f 5675 5682 5685
f 5675 5685 5676
f 5659 5666 5669
f 5659 5669 5660
f 5643 5650 5653
f 5643 5653 5644
f 5635 5622 5625
f 5635 5625 5636
f 4864 5618 5621
f 4864 5621 4860
f 5603 5610 5613
f 5603 5613 5604
f 5587 5594 5597
f 5587 5597 5588
f 4812 5578 5581
f 4812 5581 4808
f 5563 5570 5573
f 5563 5573 5564
f 4786 5554 5557
f 4786 5557 4782
f 5539 5546 5549
f 5539 5549 5540
f 5523 5530 5533
f 5523 5533 5524
f 4838 5514 5517
f 4838 5517 4834
f 5507 5494 5497
f 5507 5497 5508
f 5483 5490 5493
f 5483 5493 5484
f 5467 5474 5477
f 5467 5477 5468
f 5451 5458 5461
f 5451 5461 5452
f 5435 5442 5445
f 5435 5445 5436
f 5419 5426 5429
f 5419 5429 5420
f 5403 5410 5413
f 5403 5413 5404
f 5387 5394 5397
f 5387 5397 5388
f 5371 5378 5381
f 5371 5381 5372
f 5355 5362 5365
f 5355 5365 5356
f 5347 5334 5337
f 5347 5337 5348
f 5331 5104 5103
f 5331 5103 5332
f 5315 5322 5325
f 5315 5325 5316
f 5206 5306 5309
f 5206 5309 5201
f 5291 5298 5301
f 5291 5301 5292
f 5275 5282 5285
f 5275 5285 5276
f 5267 5164 5163
f 5267 5163 5268
f 5251 5258 5261
f 5251 5261 5252
f 5146 5242 5245
f 5146 5245 5141
f 5227 5234 5237
f 5227 5237 5228
f 5215 5208 5207
f 5215 5207 5213
f 5155 5148 5147
f 5155 5147 5153
f 5220 5195 5194
f 5220 5194 5221
f 5160 5135 5134
f 5160 5134 5161
f 4872 4866 4865
f 4872 4865 4870
f 4834 4832 4831
f 4834 4831 4835
f 4820 4814 4813
f 4820 4813 4818
f 4876 4855 4854
f 4876 4854 4877
f 4824 4803 4802
f 4824 4802 4825
f 4750 4837 4836
f 4750 4836 4751
f 4742 4850 4849
f 4742 4849 4743
f 4668 4749 4748
f 4668 4748 4669
f 4662 4757 4756
f 4662 4756 4663
f 5791 5792 5793
f 5791 5793 5790
f 5775 5776 5777
f 5775 5777 5774
f 5759 5760 5761
f 5759 5761 5758
f 5743 5744 5745
f 5743 5745 5742
f 5727 5728 5729
f 5727 5729 5726
f 5711 5712 5713
f 5711 5713 5710
f 5695 5696 5697
f 5695 5697 5694
f 5679 5680 5681
f 5679 5681 5678
f 5663 5664 5665
f 5663 5665 5662
f 5647 5648 5649
f 5647 5649 5646
f 5631 5632 5633
f 5631 5633 5630
f 5615 5616 5617
f 5615 5617 5614
f 5599 5600 5601
f 5599 5601 5598
f 5583 5584 5585
f 5583 5585 5582
f 5567 5568 5569
f 5567 5569 5566
f 5551 5552 5553
f 5551 5553 5550
f 5535 5536 5537
f 5535 5537 5534
f 5519 5520 5521
f 5519 5521 5518
f 5503 5504 5505
f 5503 5505 5502
f 5487 5488 5489
f 5487 5489 5486
f 5471 5472 5473
f 5471 5473 5470
f 5455 5456 5457
f 5455 5457 5454
f 5439 5440 5441
f 5439 5441 5438
f 5423 5424 5425
f 5423 5425 5422
f 5407 5408 5409
f 5407 5409 5406
f 5391 5392 5393
f 5391 5393 5390
f 5375 5376 5377
f 5375 5377 5374
f 5359 5360 5361
f 5359 5361 5358
f 5343 5344 5345
f 5343 5345 5342
f 5327 5329 5326
f 5319 5320 5321
f 5319 5321 5318
f 5303 5304 5305
f 5303 5305 5302
f 5295 5296 5297
f 5279 5280 5281
f 5279 5281 5278
f 5263 5265 5262
f 5255 5256 5257
f 5255 5257 5254
f 5239 5240 5241
f 5239 5241 5238
f 5231 5232 5233
f 5204 5205 5201
f 5174 5175 5171
f 5144 5145 5141
f 5114 5115 5111
f 4871 4872 4870
f 4863 4860 4861
f 4845 4846 4844
f 4836 4837 4838
f 4836 4838 4834
f 4826 4828 4829
f 4819 4820 4818
f 4810 4811 4812
f 4810 4812 4808
f 4783 4784 4785
f 4785 4786 4782
f 4743 4744 4745
f 4743 4745 4742
f 4663 4664 4662
f 4671 4669 4748
f 4671 4748 4753
f 4754 4751 4836
f 4754 4836 4830
f 4844 4839 4848
f 5183 5177 5187
f 5134 5235 5230
f 5134 5230 5161
f 5266 5259 5254
f 5266 5254 5263
f 5290 5283 5278
f 5290 5278 5287
f 5314 5307 5302
f 5314 5302 5311
f 5346 5116 5119
f 5346 5119 5343
f 5370 5363 5358
f 5370 5358 5367
f 5402 5395 5390
f 5402 5390 5399
f 5434 5427 5422
f 5434 5422 5431
f 5466 5459 5454
f 5466 5454 5463
f 5506 5491 5486
f 5506 5486 5503
f 5522 5515 5510
f 5522 5510 5519
f 4776 5547 5542
f 4776 5542 4799
f 4802 5571 5566
f 4802 5566 4825
f 5602 5595 5590
f 5602 5590 5599
f 5634 5619 5614
f 5634 5614 5631
f 5658 5651 5646
f 5658 5646 5655
f 5690 5683 5678
f 5690 5678 5687
f 5722 5715 5710
f 5722 5710 5719
f 5754 5747 5742
f 5754 5742 5751
f 5794 5779 5774
f 5794 5774 5791
f 5421 5169 5171
f 5421 5171 5277
f 5421 5277 5412
f 5389 5300 5193
f 5389 5193 5200
f 5389 5200 5380
f 5357 5324 5333
f 5357 5333 5496
f 5485 5336 5229
f 5485 5229 5476
f 5453 5244 5253
f 5453 5253 5444
f 5264 5257 5744
f 5264 5744 5737
f 5288 5281 5712
f 5288 5712 5705
f 5312 5305 5680
f 5312 5680 5673
f 5340 5345 5640
f 5340 5640 5789
f 5240 5148 5155
f 5240 5155 5768
f 5240 5768 5761
f 5504 5489 5620
f 5504 5620 5637
f 5368 5361 5516
f 5368 5516 5525
f 4781 5400 5393
f 4781 5393 5548
f 4781 5548 4775
f 4807 5432 5425
f 4807 5425 5572
f 4807 5572 4801
f 5464 5457 5596
f 5464 5596 5605
f 4866 4872 5784
f 4866 5784 5645
f 4866 5645 5616
f 4840 4846 5668
f 4840 5668 5677
f 4840 5677 5512
f 5537 5700 5709
f 5537 5709 5544
f 5561 5732 5741
f 5561 5741 5568
f 5585 5764 5773
f 5585 5773 5592
f 4821 5569 5740
f 4821 5740 5749
f 4821 5749 4819
f 4795 5545 5708
f 4795 5708 5717
f 4795 5717 4793
f 5513 5676 5685
f 5513 5685 5520
f 5617 5644 5653
f 5617 5653 5632
f 5593 5772 5781
f 5593 5781 5600
f 5440 5433 4806
f 5440 4806 4808
f 5440 4808 5581
f 5408 5401 4780
f 5408 4780 4782
f 5408 4782 5557
f 5376 5369 5524
f 5376 5524 5533
f 5500 5505 5636
f 5500 5636 5625
f 5472 5465 5604
f 5472 5604 5613
f 5224 5341 5788
f 5224 5788 5793
f 5320 5313 5672
f 5320 5672 5665
f 5296 5289 5704
f 5296 5704 5697
f 5184 5186 5265
f 5184 5265 5736
f 5184 5736 5729
f 5445 5252 5261
f 5445 5261 5436
f 5477 5228 5237
f 5477 5237 5468
f 5497 5332 5103
f 5497 5103 5110
f 5497 5110 5508
f 5381 5199 5201
f 5381 5201 5309
f 5381 5309 5372
f 5413 5276 5285
f 5413 5285 5404
f 5782 5795 5790
f 5782 5790 5787
f 5762 5755 5750
f 5762 5750 5759
f 5730 5723 5718
f 5730 5718 5727
f 5698 5691 5686
f 5698 5686 5695
f 5666 5659 5654
f 5666 5654 5663
f 5622 5635 5630
f 5622 5630 5627
f 5610 5603 5598
f 5610 5598 5607
f 5578 4812 4815
f 5578 4815 5575
f 5554 4786 4789
f 5554 4789 5551
f 5530 5523 5518
f 5530 5518 5527
f 5494 5507 5502
f 5494 5502 5499
f 5474 5467 5462
f 5474 5462 5471
f 5442 5435 5430
f 5442 5430 5439
f 5410 5403 5398
f 5410 5398 5407
f 5378 5371 5366
f 5378 5366 5375
f 5334 5347 5342
f 5334 5342 5339
f 5322 5315 5310
f 5322 5310 5319
f 5298 5291 5286
f 5298 5286 5295
f 5164 5267 5262
f 5164 5262 5191
f 5242 5146 5149
f 5242 5149 5239
f 5213 5207 5217
f 4870 4865 4874
f 4792 4787 4796
f 4750 4747 4842
f 4750 4842 4837
f 4668 4666 4744
f 4668 4744 4749
f 4666 4667 4665
f 4747 4748 4749
f 4747 4749 4746
f 4790 4791 4787
f 4787 4788 4789
f 4797 4798 4795
f 4815 4817 4813
f 4813 4814 4815
f 4824 4825 4822
f 4832 4833 4831
f 4841 4842 4843
f 4848 4849 4850
f 4851 4847 4848
f 4865 4867 4868
f 4874 4875 4873
f 4876 4877 4873
f 5129 5131 5126
f 5151 5152 5147
f 5159 5160 5161
f 5189 5191 5186
f 5211 5212 5207
f 5219 5220 5221
f 5235 5236 5237
f 5235 5237 5234
f 5251 5252 5253
f 5251 5253 5250
f 5267 5268 5269
f 5267 5269 5266
f 5283 5284 5285
f 5283 5285 5282
f 5299 5300 5301
f 5299 5301 5298
f 5315 5316 5317
f 5315 5317 5314
f 5331 5332 5333
f 5331 5333 5330
f 5347 5348 5349
f 5347 5349 5346
f 5363 5364 5365
f 5363 5365 5362
f 5379 5380 5381
f 5379 5381 5378
f 5395 5396 5397
f 5395 5397 5394
f 5411 5412 5413
f 5411 5413 5410
f 5427 5428 5429
f 5427 5429 5426
f 5443 5444 5445
f 5443 5445 5442
f 5459 5460 5461
f 5459 5461 5458
f 5475 5476 5477
f 5475 5477 5474
f 5491 5492 5493
f 5491 5493 5490
f 5507 5508 5509
f 5507 5509 5506
f 5523 5524 5525
f 5523 5525 5522
f 5539 5540 5541
f 5539 5541 5538
f 5555 5556 5557
f 5555 5557 5554
f 5571 5572 5573
f 5571 5573 5570
f 5587 5588 5589
f 5587 5589 5586
f 5603 5604 5605
f 5603 5605 5602
f 5619 5620 5621
f 5619 5621 5618
f 5635 5636 5637
f 5635 5637 5634
f 5651 5652 5653
f 5651 5653 5650
f 5667 5668 5669
f 5667 5669 5666
f 5683 5684 5685
f 5683 5685 5682
f 5699 5700 5701
f 5699 5701 5698
f 5715 5716 5717
f 5715 5717 5714
f 5731 5732 5733
f 5731 5733 5730
f 5747 5748 5749
f 5747 5749 5746
f 5763 5764 5765
f 5763 5765 5762
f 5779 5780 5781
f 5779 5781 5778
f 5795 5796 5797
f 5795 5797 5794
f 4670 4667 4666
f 4670 4666 4668
f 4671 4753 4752
f 4671 4752 4672
f 4753 4748 4747
f 4753 4747 4750
f 4754 4830 4829
f 4754 4829 4755
f 4791 4797 4796
f 4791 4796 4787
f 4817 4823 4822
f 4817 4822 4813
f 4833 4827 4826
f 4833 4826 4831
f 4847 4845 4844
f 4847 4844 4848
f 4873 4871 4870
f 4873 4870 4874
f 5126 5124 5123
f 5126 5123 5127
f 5156 5154 5153
f 5156 5153 5157
f 5186 5184 5183
f 5186 5183 5187
f 5216 5214 5213
f 5216 5213 5217
f 5231 5222 5225
f 5231 5225 5232
f 5239 5149 5148
f 5239 5148 5240
f 5255 5246 5249
f 5255 5249 5256
f 5191 5262 5265
f 5191 5265 5186
f 5279 5270 5273
f 5279 5273 5280
f 5295 5286 5289
f 5295 5289 5296
f 5303 5209 5208
f 5303 5208 5304
f 5319 5310 5313
f 5319 5313 5320
f 5131 5326 5329
f 5131 5329 5126
f 5351 5498 5501
f 5351 5501 5352
f 5367 5358 5361
f 5367 5361 5368
f 5383 5374 5377
f 5383 5377 5384
f 5399 5390 5393
f 5399 5393 5400
f 5415 5406 5409
f 5415 5409 5416
f 5431 5422 5425
f 5431 5425 5432
f 5447 5438 5441
f 5447 5441 5448
f 5463 5454 5457
f 5463 5457 5464
f 5479 5470 5473
f 5479 5473 5480
f 5503 5486 5489
f 5503 5489 5504
f 4851 5626 5629
f 4851 5629 4847
f 5519 5510 5513
f 5519 5513 5520
f 5535 5526 5529
f 5535 5529 5536
f 4799 5542 5545
f 4799 5545 4795
f 5559 5550 5553
f 5559 5553 5560
f 4825 5566 5569
f 4825 5569 4821
f 5583 5574 5577
f 5583 5577 5584
f 5599 5590 5593
f 5599 5593 5600
f 4877 5606 5609
f 4877 5609 4873
f 5631 5614 5617
f 5631 5617 5632
f 5639 5786 5789
f 5639 5789 5640
f 5655 5646 5649
f 5655 5649 5656
f 5671 5662 5665
f 5671 5665 5672
f 5687 5678 5681
f 5687 5681 5688
f 5703 5694 5697
f 5703 5697 5704
f 5719 5710 5713
f 5719 5713 5720
f 5735 5726 5729
f 5735 5729 5736
f 5751 5742 5745
f 5751 5745 5752
f 5767 5758 5761
f 5767 5761 5768
f 5791 5774 5777
f 5791 5777 5792
f 5234 5231 5230
f 5234 5230 5235
f 5266 5263 5262
f 5266 5262 5267
f 5298 5295 5294
f 5298 5294 5299
f 5330 5327 5326
f 5330 5326 5331
f 5362 5359 5358
f 5362 5358 5363
f 5394 5391 5390
f 5394 5390 5395
f 5426 5423 5422
f 5426 5422 5427
f 5458 5455 5454
f 5458 5454 5459
f 5490 5487 5486
f 5490 5486 5491
f 5522 5519 5518
f 5522 5518 5523
f 5554 5551 5550
f 5554 5550 5555
f 5586 5583 5582
f 5586 5582 5587
f 5618 5615 5614
f 5618 5614 5619
f 5650 5647 5646
f 5650 5646 5651
f 5682 5679 5678
f 5682 5678 5683
f 5714 5711 5710
f 5714 5710 5715
f 5746 5743 5742
f 5746 5742 5747
f 5778 5775 5774
f 5778 5774 5779
f 5169 5421 5420
f 5169 5420 5170
f 5300 5389 5388
f 5300 5388 5301
f 5324 5357 5356
f 5324 5356 5325
f 5336 5485 5484
f 5336 5484 5337
f 5244 5453 5452
f 5244 5452 5245
f 5256 5745 5744
f 5256 5744 5257
f 5280 5713 5712
f 5280 5712 5281
f 5304 5681 5680
f 5304 5680 5305
f 5124 5649 5648
f 5124 5648 5125
f 5232 5777 5776
f 5232 5776 5233
f 5480 4859 4858
f 5480 4858 5481
f 5352 4833 4832
f 5352 4832 5353
f 5384 5541 5540
f 5384 5540 5385
f 5416 5565 5564
f 5416 5564 5417
f 5448 5589 5588
f 5448 5588 5449
f 5796 5609 5608
f 5796 5608 5797
f 5660 5629 5628
f 5660 5628 5661
f 5692 5529 5528
f 5692 5528 5693
f 5724 5553 5552
f 5724 5552 5725
f 5756 5577 5576
f 5756 5576 5757
f 5217 5219 5216
f 5209 5210 5211
f 5179 5181 5178
f 5157 5159 5156
f 5149 5150 5151
f 5103 5104 5105
f 5119 5120 5121
f 5343 5119 5118
f 5343 5118 5344
f 5115 5120 5119
f 5115 5119 5116
f 5101 4901 4900
f 5101 4900 5098
f 5073 5083 5082
f 5073 5082 5070
f 5075 5091 5093
f 5075 5093 5076
f 5091 5089 5088
f 5091 5088 5092
f 5070 5122 5121
f 5070 5121 5071
f 4902 5115 5114
f 4902 5114 4903
f 5092 5094 5097
f 5092 5097 5093
f 5064 5066 5069
f 5064 5069 5065
f 5109 5110 5108
f 5099 5101 5098
f 5084 5085 5086
f 5078 5079 5077
f 5071 5073 5070
f 4902 4903 4904
f 4896 4897 4895
f 5067 5071 5121
f 5060 5072 5066
f 5088 5100 5094
f 5088 5094 5092
f 4894 5065 5069
f 4894 5069 4905
f 5098 4900 5113
f 5098 5113 5107
f 5344 5118 5125
f 5344 5125 5648
f 5344 5648 5641
f 5084 5096 5105
f 5084 5105 5130
f 5090 4897 4901
f 5090 4901 5101
f 5086 5080 5078
f 5095 5099 5106
f 4901 4898 4899
f 5061 5062 5060
f 5067 5068 5066
f 5081 5082 5083
f 5089 5090 5088
f 5095 5096 5094
f 5103 5107 5102
f 5072 5060 5062
f 5072 5062 5073
f 5100 5088 5090
f 5100 5090 5101
f 5071 5067 5066
f 5071 5066 5072
f 5084 5130 5129
f 5084 5129 5085
f 5089 4895 4897
f 5089 4897 5090
f 5087 5097 5096
f 5087 5096 5084
f 5067 5121 5120
f 5067 5120 5068
f 5107 5113 5112
f 5107 5112 5102
f 5344 5641 5640
f 5344 5640 5345
f 5111 5109 5108
f 5111 5108 5112
f 4899 5114 5113
f 4899 5113 4900
f 5081 5129 5128
f 5081 5128 5082
f 5061 5077 5079
f 5061 5079 5062
f 5099 5095 5094
f 5099 5094 5100
f 5077 5075 5074
f 5077 5074 5078
f 4903 4899 4898
f 4903 4898 4904
f 5086 5074 5076
f 5086 5076 5087
f 4904 4892 4894
f 4904 4894 4905
f 5103 5106 5107
f 5096 5097 5094
f 5081 5083 5080
f 5075 5076 5074
f 5068 5069 5066
f 4899 4900 4901
f 4893 4894 4892
f 5081 5085 5129
f 5078 5074 5086
f 5062 5079 5083
f 5062 5083 5073
f 4902 5068 5120
f 4902 5120 5115
f 5108 5102 5112
f 5070 5082 5128
f 5070 5128 5122
f 5076 5093 5097
f 5076 5097 5087
f 5060 5066 5064
f 4892 4904 4898
f 4892 4898 4896
f 4899 4903 5114
f 4904 4905 4902
f 5064 5065 5063
f 5071 5072 5073
f 5086 5087 5084
f 5092 5093 5091
f 5099 5100 5101
f 4896 4898 4901
f 4896 4901 4897
f 5078 5080 5083
f 5078 5083 5079
f 4895 4893 4892
f 4895 4892 4896
f 5063 5061 5060
f 5063 5060 5064
f 5085 5081 5080
f 5085 5080 5086
f 5098 5107 5106
f 5098 5106 5099
f 4893 5063 5065
f 4893 5065 4894
f 4905 5069 5068
f 4905 5068 4902
f 5095 5106 5105
f 5095 5105 5096
f 5110 5103 5102
f 5110 5102 5108
f 5119 5121 5118
f 5105 5106 5103
f 5195 5196 5193
f 5205 5210 5209
f 5205 5209 5206
f 5017 4929 4928
f 5017 4928 5014
f 4989 4999 4998
f 4989 4998 4986
f 4991 5007 5009
f 4991 5009 4992
f 5007 5005 5004
f 5007 5004 5008
f 4986 5212 5211
f 4986 5211 4987
f 4930 5205 5204
f 4930 5204 4931
f 5008 5010 5013
f 5008 5013 5009
f 4980 4982 4985
f 4980 4985 4981
f 5199 5200 5198
f 5015 5017 5014
f 5000 5001 5002
f 4994 4995 4993
f 4987 4989 4986
f 4930 4931 4932
f 4924 4925 4923
f 4997 5001 5219
f 4976 4988 4982
f 5004 5016 5010
f 5004 5010 5008
f 4922 4981 4985
f 4922 4985 4933
f 5014 4928 5203
f 5014 5203 5197
f 4930 4984 5210
f 4930 5210 5205
f 4978 4995 4999
f 4978 4999 4989
f 4994 4990 5002
f 4983 4987 5211
f 4921 4922 4920
f 4927 4928 4929
f 4984 4985 4982
f 4991 4992 4990
f 4997 4999 4996
f 5012 5013 5010
f 5193 5196 5197
f 4932 4920 4922
f 4932 4922 4933
f 5002 4990 4992
f 5002 4992 5003
f 4931 4927 4926
f 4931 4926 4932
f 4993 4991 4990
f 4993 4990 4994
f 5015 5011 5010
f 5015 5010 5016
f 4977 4993 4995
f 4977 4995 4978
f 4997 5219 5218
f 4997 5218 4998
f 4927 5204 5203
f 4927 5203 4928
f 5201 5199 5198
f 5201 5198 5202
f 5197 5203 5202
f 5197 5202 5192
f 4983 5211 5210
f 4983 5210 4984
f 5003 5013 5012
f 5003 5012 5000
f 5005 4923 4925
f 5005 4925 5006
f 5000 5220 5219
f 5000 5219 5001
f 4987 4983 4982
f 4987 4982 4988
f 5016 5004 5006
f 5016 5006 5017
f 4988 4976 4978
f 4988 4978 4989
f 5193 5197 5192
f 5011 5012 5010
f 5005 5006 5004
f 4997 4998 4999
f 4983 4984 4982
f 4977 4978 4976
f 4929 4926 4927
f 4927 4931 5204
f 5002 4996 4994
f 5006 4925 4929
f 5006 4929 5017
f 5000 5012 5195
f 5000 5195 5220
f 5198 5192 5202
f 4986 4998 5218
f 4986 5218 5212
f 4992 5009 5013
f 4992 5013 5003
f 4976 4982 4980
f 4920 4932 4926
f 4920 4926 4924
f 5011 5015 5196
f 4932 4933 4930
f 4980 4981 4979
f 4987 4988 4989
f 5002 5003 5000
f 5008 5009 5007
f 5015 5016 5017
f 4924 4926 4929
f 4924 4929 4925
f 4994 4996 4999
f 4994 4999 4995
f 4923 4921 4920
f 4923 4920 4924
f 4979 4977 4976
f 4979 4976 4980
f 5001 4997 4996
f 5001 4996 5002
f 5014 5197 5196
f 5014 5196 5015
f 4921 4979 4981
f 4921 4981 4922
f 4933 4985 4984
f 4933 4984 4930
f 5011 5196 5195
f 5011 5195 5012
f 5200 5193 5192
f 5200 5192 5198
f 5193 5194 5195
f 5165 5166 5163
f 5175 5180 5179
f 5175 5179 5176
f 4891 4971 4970
f 4891 4970 4888
f 4947 4957 4956
f 4947 4956 4944
f 4973 4969 4968
f 4973 4968 4974
f 4951 4949 4948
f 4951 4948 4952
f 4889 4885 4884
f 4889 4884 4890
f 4952 4954 4957
f 4952 4957 4953
f 4882 4884 4887
f 4882 4887 4883
f 4972 4973 4974
f 4966 4967 4965
f 4960 4961 4958
f 4945 4946 4947
f 4889 4890 4891
f 4882 4883 4881
f 4955 4959 5189
f 4960 4954 4952
f 4944 4956 5188
f 4944 5188 5182
f 5168 5162 5172
f 4958 4886 5165
f 4958 5165 5190
f 4880 4967 4971
f 4880 4971 4891
f 4934 4946 4940
f 4878 4890 4884
f 4878 4884 4882
f 4941 4945 5181
f 4886 4887 4884
f 4935 4936 4934
f 4941 4942 4940
f 4955 4956 4957
f 4963 4964 4962
f 4969 4970 4971
f 5163 5167 5162
f 4946 4934 4936
f 4946 4936 4947
f 4974 4962 4964
f 4974 4964 4975
f 4888 5167 5166
f 4888 5166 4889
f 4944 5182 5181
f 4944 5181 4945
f 4965 4963 4962
f 4965 4962 4966
f 4879 4965 4967
f 4879 4967 4880
f 4961 4887 4886
f 4961 4886 4958
f 4941 5181 5180
f 4941 5180 4942
f 5167 5173 5172
f 5167 5172 5162
f 5171 5169 5168
f 5171 5168 5172
f 4969 5174 5173
f 4969 5173 4970
f 4955 5189 5188
f 4955 5188 4956
f 4935 4951 4953
f 4935 4953 4936
f 4972 5175 5174
f 4972 5174 4973
f 4959 4955 4954
f 4959 4954 4960
f 4937 4935 4934
f 4937 4934 4938
f 4881 4879 4878
f 4881 4878 4882
f 4960 4948 4950
f 4960 4950 4961
f 4890 4878 4880
f 4890 4880 4891
f 5163 5166 5167
f 4971 4968 4969
f 4955 4957 4954
f 4949 4950 4948
f 4942 4943 4940
f 4885 4886 4884
f 4879 4880 4878
f 4885 4889 5166
f 4934 4940 4938
f 4962 4974 4968
f 4962 4968 4966
f 4936 4953 4957
f 4936 4957 4947
f 4972 4942 5180
f 4972 5180 5175
f 4888 4970 5173
f 4888 5173 5167
f 4950 4883 4887
f 4950 4887 4961
f 4952 4948 4960
f 4969 4973 5174
f 4889 4891 4888
f 4945 4947 4944
f 4952 4953 4951
f 4958 4959 4960
f 4974 4975 4972
f 5169 5170 5168
f 4938 4940 4943
f 4938 4943 4939
f 4966 4968 4971
f 4966 4971 4967
f 4945 4941 4940
f 4945 4940 4946
f 4958 5190 5189
f 4958 5189 4959
f 4949 4881 4883
f 4949 4883 4950
f 4975 4943 4942
f 4975 4942 4972
f 4885 5166 5165
f 4885 5165 4886
f 5170 5163 5162
f 5170 5162 5168
f 5163 5164 5165
f 5135 5136 5133
f 5145 5150 5149
f 5145 5149 5146
f 4919 5041 5040
f 4919 5040 4916
f 5031 5055 5054
f 5031 5054 5028
f 5057 5053 5052
f 5057 5052 5058
f 5035 5033 5032
f 5035 5032 5036
f 4917 4913 4912
f 4917 4912 4918
f 5036 5038 5041
f 5036 5041 5037
f 4910 4912 4915
f 4910 4915 4911
f 5056 5057 5058
f 5050 5051 5049
f 5044 5045 5042
f 5029 5030 5031
f 4917 4918 4919
f 4910 4911 4909
f 5053 5057 5159
f 4908 5037 5041
f 4908 5041 4919
f 5028 5054 5158
f 5028 5158 5152
f 5138 5132 5142
f 5056 4914 5135
f 5056 5135 5160
f 5050 5046 5058
f 5018 5030 5024
f 4906 4918 4912
f 4906 4912 4910
f 5039 5043 5144
f 4914 4915 4912
f 5019 5020 5018
f 5025 5026 5024
f 5041 5038 5039
f 5047 5048 5046
f 5053 5055 5052
f 5133 5137 5132
f 5030 5018 5020
f 5030 5020 5031
f 5058 5046 5048
f 5058 5048 5059
f 4916 5137 5136
f 4916 5136 4917
f 5028 5152 5151
f 5028 5151 5029
f 5049 5047 5046
f 5049 5046 5050
f 4907 5035 5037
f 4907 5037 4908
f 5059 4915 4914
f 5059 4914 5056
f 5025 5151 5150
f 5025 5150 5026
f 5137 5143 5142
f 5137 5142 5132
f 5141 5139 5138
f 5141 5138 5142
f 5039 5144 5143
f 5039 5143 5040
f 5053 5159 5158
f 5053 5158 5054
f 5019 5049 5051
f 5019 5051 5020
f 5056 5160 5159
f 5056 5159 5057
f 5043 5039 5038
f 5043 5038 5044
f 5021 5019 5018
f 5021 5018 5022
f 4909 4907 4906
f 4909 4906 4910
f 5044 5032 5034
f 5044 5034 5045
f 4918 4906 4908
f 4918 4908 4919
f 5133 5136 5137
f 5053 5054 5055
f 5039 5040 5041
f 5033 5034 5032
f 5026 5027 5024
f 4913 4914 4912
f 4907 4908 4906
f 4913 4917 5136
f 5018 5024 5022
f 5058 5052 5050
f 5048 4911 4915
f 5048 4915 5059
f 5042 5026 5150
f 5042 5150 5145
f 4916 5040 5143
f 4916 5143 5137
f 5020 5051 5055
f 5020 5055 5031
f 5032 5044 5038
f 5032 5038 5036
f 5025 5029 5151
f 4917 4919 4916
f 5029 5031 5028
f 5036 5037 5035
f 5042 5043 5044
f 5058 5059 5056
f 5139 5140 5138
f 5022 5024 5027
f 5022 5027 5023
f 5050 5052 5055
f 5050 5055 5051
f 5029 5025 5024
f 5029 5024 5030
f 5042 5145 5144
f 5042 5144 5043
f 5047 4909 4911
f 5047 4911 5048
f 5045 5027 5026
f 5045 5026 5042
f 4913 5136 5135
f 4913 5135 4914
f 5140 5133 5132
f 5140 5132 5138
f 5133 5134 5135
f 5022 5023 5021
f 5034 5023 5027
f 5034 5027 5045
f 5033 5021 5023
f 5033 5023 5034
f 4938 4939 4937
f 4964 4939 4943
f 4964 4943 4975
f 4963 4937 4939
f 4963 4939 4964
f 4859 4853 4852
f 4859 4852 4857
f 4770 4856 4855
f 4770 4855 4771
f 4769 4764 4763
f 4769 4763 4766
f 4683 4769 4768
f 4683 4768 4684
f 4682 4679 4678
f 4682 4678 4680
f 4858 4859 4857
f 4763 4764 4765
f 4763 4765 4762
f 4678 4679 4677
f 4680 4678 4760
f 4680 4760 4765
f 4766 4763 4868
f 4766 4868 4863
f 4682 4685 4676
f 4682 4676 4679
f 4762 4759 4875
f 4762 4875 4869
f 4677 4675 4772
f 4677 4772 4761
f 4681 4682 4680
f 4767 4768 4769
f 4767 4769 4766
f 4854 4855 4856
f 4676 4685 4684
f 4676 4684 4674
f 4677 4761 4760
f 4677 4760 4678
f 4761 4772 4771
f 4761 4771 4758
f 4762 4869 4868
f 4762 4868 4763
f 4856 4862 4861
f 4856 4861 4852
f 4860 4858 4857
f 4860 4857 4861
f 4766 4863 4862
f 4766 4862 4767
f 4758 4876 4875
f 4758 4875 4759
f 4680 4765 4764
f 4680 4764 4681
f 4674 4773 4772
f 4674 4772 4675
f 4854 4856 4852
f 4852 4853 4854
f 4759 4760 4761
f 4759 4761 4758
f 4675 4676 4674
f 4683 4681 4764
f 4683 4764 4769
f 4770 4767 4862
f 4770 4862 4856
f 4857 4852 4861
f 4758 4771 4855
f 4758 4855 4876
f 4674 4684 4768
f 4674 4768 4773
f 4684 4685 4683
f 4771 4772 4773
f 4771 4773 4770
f 4679 4676 4675
f 4679 4675 4677
f 4685 4682 4681
f 4685 4681 4683
f 4765 4760 4759
f 4765 4759 4762
f 4773 4768 4767
f 4773 4767 4770
f 4863 4868 4867
f 4863 4867 4864
f 4811 4816 4815
f 4811 4815 4812
f 4741 4736 4735
f 4741 4735 4738
f 4733 4728 4727
f 4733 4727 4730
f 4709 4706 4705
f 4709 4705 4707
f 4703 4700 4699
f 4703 4699 4701
f 4739 4740 4741
f 4739 4741 4738
f 4708 4709 4707
f 4698 4708 4736
f 4698 4736 4741
f 4726 4739 4803
f 4726 4803 4824
f 4805 4800 4809
f 4738 4735 4810
f 4738 4810 4804
f 4707 4705 4732
f 4707 4732 4737
f 4699 4700 4698
f 4727 4728 4729
f 4727 4729 4726
f 4800 4801 4802
f 4803 4804 4800
f 4698 4741 4740
f 4698 4740 4699
f 4704 4733 4732
f 4704 4732 4705
f 4726 4824 4823
f 4726 4823 4727
f 4734 4811 4810
f 4734 4810 4735
f 4808 4806 4805
f 4808 4805 4809
f 4804 4810 4809
f 4804 4809 4800
f 4730 4817 4816
f 4730 4816 4731
f 4729 4740 4739
f 4729 4739 4726
f 4701 4729 4728
f 4701 4728 4702
f 4700 4709 4708
f 4700 4708 4698
f 4800 4802 4803
f 4735 4736 4737
f 4735 4737 4734
f 4705 4706 4704
f 4701 4699 4740
f 4701 4740 4729
f 4730 4727 4823
f 4730 4823 4817
f 4706 4709 4700
f 4706 4700 4703
f 4734 4731 4816
f 4734 4816 4811
f 4704 4702 4728
f 4704 4728 4733
f 4702 4703 4701
f 4731 4732 4733
f 4731 4733 4730
f 4806 4807 4805
f 4706 4703 4702
f 4706 4702 4704
f 4707 4737 4736
f 4707 4736 4708
f 4737 4732 4731
f 4737 4731 4734
f 4738 4804 4803
f 4738 4803 4739
f 4807 4801 4800
f 4807 4800 4805
f 4781 4775 4774
f 4781 4774 4779
f 4722 4778 4777
f 4722 4777 4723
f 4721 4716 4715
f 4721 4715 4718
f 4695 4721 4720
f 4695 4720 4696
f 4694 4691 4690
f 4694 4690 4692
f 4780 4781 4779
f 4715 4716 4717
f 4715 4717 4714
f 4690 4691 4689
f 4692 4690 4712
f 4692 4712 4717
f 4718 4715 4790
f 4718 4790 4785
f 4779 4774 4783
f 4714 4711 4797
f 4714 4797 4791
f 4689 4687 4724
f 4689 4724 4713
f 4693 4694 4692
f 4719 4720 4721
f 4719 4721 4718
f 4776 4777 4778
f 4688 4697 4696
f 4688 4696 4686
f 4689 4713 4712
f 4689 4712 4690
f 4713 4724 4723
f 4713 4723 4710
f 4714 4791 4790
f 4714 4790 4715
f 4778 4784 4783
f 4778 4783 4774
f 4782 4780 4779
f 4782 4779 4783
f 4718 4785 4784
f 4718 4784 4719
f 4710 4798 4797
f 4710 4797 4711
f 4692 4717 4716
f 4692 4716 4693
f 4686 4725 4724
f 4686 4724 4687
f 4776 4778 4774
f 4774 4775 4776
f 4711 4712 4713
f 4711 4713 4710
f 4687 4688 4686
f 4695 4693 4716
f 4695 4716 4721
f 4722 4719 4784
f 4722 4784 4778
f 4694 4697 4688
f 4694 4688 4691
f 4710 4723 4777
f 4710 4777 4798
f 4686 4696 4720
f 4686 4720 4725
f 4696 4697 4695
f 4723 4724 4725
f 4723 4725 4722
f 4691 4688 4687
f 4691 4687 4689
f 4697 4694 4693
f 4697 4693 4695
f 4717 4712 4711
f 4717 4711 4714
f 4725 4720 4719
f 4725 4719 4722
f 4785 4790 4789
f 4785 4789 4786
f 384 383 452
f 384 452 451
f 271 270 381
f 271 381 380
f 14 429 435
f 14 435 6
f 17 417 429
f 17 429 14
f 407 406 425
f 407 425 11
f 413 410 409
f 412 411 24
f 25 400 406
f 25 406 405
f 331 336 312
f 331 312 40
f 287 286 289
f 287 289 50
f 415 416 18
f 412 413 18
f 405 406 19
f 332 311 425
f 332 425 406
f 401 410 412
f 433 427 426
f 433 426 442
f 270 435 434
f 270 434 381
f 408 426 427
f 408 427 414
f 403 417 373
f 403 404 24
f 19 409 410
f 413 414 415
f 413 415 18
f 451 452 453
f 451 453 4
f 311 40 50
f 311 50 289
f 402 24 25
f 401 25 405
f 401 405 410
f 403 411 416
f 408 407 11
f 408 11 426
f 428 15 2
f 428 2 434
f 270 269 6
f 270 6 435
f 434 2 382
f 434 382 381
f 454 453 1
f 454 1 441
f 426 11 1
f 426 1 442
f 416 415 15
f 416 15 428
f 414 413 409
f 414 409 408
f 403 24 411
f 402 25 401
f 332 331 40
f 332 40 311
f 288 287 50
f 288 50 290
f 416 411 18
f 410 405 19
f 406 407 19
f 311 289 441
f 311 441 425
f 403 416 417
f 428 434 435
f 428 435 429
f 442 452 383
f 442 383 433
f 416 428 429
f 416 429 417
f 412 402 401
f 289 286 454
f 289 454 441
f 407 408 409
f 407 409 19
f 18 411 412
f 453 454 449
f 453 449 4
f 40 312 290
f 40 290 50
f 24 404 400
f 24 400 25
f 24 402 412
f 374 373 417
f 374 417 17
f 413 412 410
f 415 414 427
f 415 427 15
f 15 427 433
f 15 433 2
f 11 425 441
f 11 441 1
f 453 452 442
f 453 442 1
f 2 433 383
f 2 383 382
f 269 268 436
f 269 436 6
f 445 444 306
f 445 306 305
f 388 387 444
f 388 444 443
f 12 423 439
f 12 439 10
f 16 419 431
f 16 431 13
f 20 423 12
f 368 367 419
f 368 419 16
f 366 365 377
f 366 377 376
f 299 298 387
f 299 387 386
f 347 346 358
f 347 358 357
f 341 340 352
f 345 352 322
f 345 322 35
f 31 338 314
f 31 314 39
f 35 322 316
f 37 318 292
f 37 292 45
f 39 314 302
f 39 302 41
f 297 296 308
f 297 308 307
f 263 262 294
f 263 294 293
f 443 444 445
f 443 445 7
f 21 396 397
f 392 393 386
f 392 386 8
f 376 377 372
f 376 372 23
f 366 367 368
f 366 368 22
f 349 350 351
f 349 351 29
f 343 344 30
f 340 341 30
f 303 304 44
f 293 294 295
f 293 295 43
f 261 262 263
f 261 263 46
f 202 249 440
f 202 440 446
f 255 253 314
f 255 314 338
f 301 308 296
f 301 296 310
f 316 322 337
f 316 337 313
f 348 356 377
f 348 377 365
f 375 418 419
f 375 419 367
f 430 436 437
f 430 437 431
f 391 437 436
f 391 436 268
f 418 430 431
f 418 431 419
f 369 421 397
f 342 350 371
f 342 371 395
f 337 352 340
f 313 301 310
f 313 310 316
f 232 255 338
f 232 338 344
f 210 202 446
f 210 446 304
f 245 240 399
f 245 399 422
f 267 268 269
f 267 269 5
f 299 300 293
f 299 293 43
f 307 308 303
f 307 303 44
f 344 339 30
f 29 351 352
f 357 358 353
f 357 353 28
f 22 368 369
f 374 375 376
f 374 376 23
f 390 391 392
f 390 392 8
f 398 399 21
f 447 448 443
f 447 443 7
f 247 59 60
f 247 60 245
f 202 201 58
f 202 58 249
f 251 55 211
f 251 211 210
f 255 53 54
f 255 54 253
f 240 239 233
f 240 233 232
f 262 261 45
f 262 45 292
f 304 303 41
f 304 41 302
f 309 42 295
f 309 295 294
f 315 38 42
f 315 42 309
f 337 31 39
f 340 339 31
f 340 31 337
f 342 341 351
f 342 351 350
f 350 349 364
f 350 364 371
f 300 299 386
f 300 386 393
f 367 366 376
f 367 376 375
f 397 396 370
f 369 368 16
f 369 16 420
f 422 20 12
f 422 12 424
f 420 16 13
f 430 14 6
f 430 6 436
f 424 12 10
f 424 10 440
f 389 388 443
f 389 443 448
f 446 445 305
f 446 305 304
f 268 267 392
f 268 392 391
f 448 447 10
f 448 10 439
f 438 9 390
f 438 390 389
f 432 13 9
f 432 9 438
f 420 13 432
f 418 17 14
f 418 14 430
f 399 398 20
f 399 20 422
f 397 370 369
f 375 374 17
f 375 17 418
f 344 343 394
f 344 394 399
f 356 355 372
f 356 372 377
f 348 347 357
f 348 357 356
f 346 345 35
f 346 35 321
f 337 39 313
f 321 35 38
f 321 38 315
f 313 39 41
f 313 41 301
f 298 297 307
f 298 307 306
f 264 263 293
f 264 293 300
f 266 265 257
f 266 257 264
f 232 231 53
f 232 53 255
f 253 54 55
f 253 55 251
f 210 209 203
f 210 203 202
f 249 58 59
f 249 59 247
f 245 60 241
f 245 241 240
f 445 446 7
f 394 395 396
f 394 396 21
f 386 387 388
f 386 388 8
f 369 370 22
f 364 365 366
f 364 366 22
f 352 345 29
f 347 348 349
f 347 349 29
f 341 342 343
f 341 343 30
f 304 305 44
f 295 296 297
f 295 297 43
f 263 264 257
f 263 257 46
f 249 247 424
f 249 424 440
f 253 251 302
f 253 302 314
f 262 292 309
f 262 309 294
f 321 315 318
f 321 318 324
f 337 322 352
f 387 298 306
f 387 306 444
f 369 420 421
f 432 438 439
f 432 439 423
f 438 389 448
f 438 448 439
f 423 421 420
f 423 420 432
f 264 300 393
f 264 393 266
f 321 324 358
f 321 358 346
f 315 309 292
f 315 292 318
f 240 232 344
f 240 344 399
f 251 210 304
f 251 304 302
f 247 245 422
f 247 422 424
f 265 266 267
f 265 267 5
f 297 298 299
f 297 299 43
f 305 306 307
f 305 307 44
f 30 339 340
f 345 346 347
f 345 347 29
f 355 356 357
f 355 357 28
f 370 371 364
f 370 364 22
f 388 389 390
f 388 390 8
f 397 398 21
f 399 394 21
f 446 447 7
f 303 308 301
f 303 301 41
f 42 310 296
f 42 296 295
f 38 316 310
f 38 310 42
f 35 316 38
f 34 324 318
f 34 318 37
f 339 344 338
f 339 338 31
f 341 352 351
f 353 358 324
f 353 324 34
f 349 348 365
f 349 365 364
f 343 342 395
f 343 395 394
f 396 395 371
f 396 371 370
f 398 397 421
f 398 421 20
f 20 421 423
f 13 431 437
f 13 437 9
f 9 437 391
f 9 391 390
f 447 446 440
f 447 440 10
f 267 266 393
f 267 393 392
f 27 363 26
f 26 363 334
f 27 330 329
f 325 330 320
f 325 320 36
f 261 260 291
f 261 291 45
f 265 272 258
f 265 258 257
f 360 361 27
f 32 333 334
f 331 332 32
f 325 326 327
f 325 327 33
f 274 282 291
f 274 291 260
f 323 317 320
f 323 320 330
f 334 363 359
f 360 362 400
f 360 400 404
f 323 330 361
f 317 291 282
f 317 282 320
f 259 260 261
f 259 261 46
f 328 329 33
f 332 333 32
f 354 355 28
f 281 49 273
f 281 273 280
f 317 37 45
f 317 45 291
f 323 34 37
f 323 37 317
f 328 327 335
f 354 353 34
f 354 34 323
f 27 329 328
f 360 27 26
f 360 26 362
f 362 26 333
f 362 333 332
f 328 359 27
f 328 335 334
f 326 325 36
f 326 36 319
f 319 36 49
f 319 49 281
f 260 259 275
f 260 275 274
f 372 373 23
f 335 336 331
f 335 331 32
f 330 325 33
f 33 327 328
f 281 280 288
f 281 288 290
f 319 312 336
f 319 336 326
f 361 354 323
f 362 332 406
f 362 406 400
f 359 328 334
f 290 312 319
f 290 319 281
f 257 258 259
f 257 259 46
f 329 330 33
f 334 335 32
f 353 354 28
f 373 374 23
f 49 282 274
f 49 274 273
f 36 320 282
f 36 282 49
f 327 326 336
f 327 336 335
f 27 361 330
f 334 333 26
f 27 359 363
f 62 244 236
f 62 236 63
f 223 228 222
f 223 222 221
f 66 216 214
f 66 214 67
f 68 206 198
f 68 198 197
f 187 192 185
f 187 185 61
f 221 222 65
f 192 187 70
f 78 167 166
f 78 166 216
f 78 216 222
f 183 181 244
f 183 244 185
f 78 77 173
f 78 173 167
f 140 183 185
f 140 185 192
f 77 78 222
f 77 222 228
f 191 192 70
f 222 217 65
f 173 172 168
f 173 168 167
f 166 165 80
f 166 80 179
f 183 74 75
f 183 75 181
f 146 145 141
f 146 141 140
f 178 71 147
f 178 147 146
f 140 139 74
f 140 74 183
f 181 75 175
f 181 175 174
f 179 80 71
f 179 71 178
f 228 223 64
f 198 193 69
f 166 179 214
f 166 214 216
f 181 174 236
f 181 236 244
f 178 146 198
f 178 198 206
f 146 140 192
f 146 192 198
f 174 173 77
f 174 77 228
f 174 228 236
f 179 178 206
f 179 206 214
f 197 198 69
f 227 228 64
f 193 198 192
f 193 192 191
f 67 214 206
f 67 206 68
f 217 222 216
f 217 216 66
f 63 236 228
f 63 228 227
f 61 185 244
f 61 244 62
f 355 354 373
f 355 373 372
f 449 450 451
f 449 451 4
f 380 381 382
f 380 382 3
f 284 278 385
f 284 385 450
f 378 379 380
f 378 380 3
f 450 449 285
f 450 285 284
f 385 384 451
f 385 451 450
f 382 383 384
f 382 384 3
f 361 360 404
f 361 404 403
f 361 403 373
f 361 373 354
f 283 284 285
f 283 285 47
f 384 385 378
f 384 378 3
f 279 278 284
f 279 284 283
f 259 258 276
f 259 276 275
f 273 274 275
f 273 275 48
f 276 258 272
f 276 272 379
f 275 276 277
f 275 277 48
f 280 279 283
f 280 283 288
f 272 271 380
f 272 380 379
f 278 277 378
f 278 378 385
f 279 280 273
f 279 273 48
f 271 272 265
f 271 265 5
f 269 270 271
f 269 271 5
f 277 278 279
f 277 279 48
f 277 276 379
f 277 379 378
f 239 238 234
f 239 234 233
f 58 250 248
f 58 248 59
f 60 246 242
f 60 242 241
f 189 188 200
f 189 200 199
f 229 230 231
f 229 231 52
f 199 200 201
f 199 201 57
f 224 220 234
f 224 234 238
f 186 243 248
f 186 248 250
f 187 188 189
f 187 189 70
f 237 238 239
f 237 239 51
f 188 187 61
f 188 61 186
f 235 63 227
f 235 227 226
f 243 62 63
f 243 63 235
f 186 61 62
f 186 62 243
f 226 225 237
f 226 237 242
f 224 223 221
f 224 221 220
f 241 242 237
f 241 237 51
f 225 226 227
f 225 227 64
f 235 226 242
f 235 242 246
f 243 235 246
f 243 246 248
f 188 186 250
f 188 250 200
f 223 224 225
f 223 225 64
f 233 234 229
f 233 229 52
f 225 224 238
f 225 238 237
f 59 248 246
f 59 246 60
f 201 200 250
f 201 250 58
f 53 256 254
f 53 254 54
f 55 252 212
f 55 212 211
f 217 218 219
f 217 219 65
f 218 215 256
f 218 256 230
f 205 196 212
f 205 212 252
f 205 68 197
f 205 197 196
f 215 66 67
f 215 67 213
f 220 219 229
f 220 229 234
f 218 217 66
f 218 66 215
f 213 67 68
f 213 68 205
f 219 220 221
f 219 221 65
f 215 213 254
f 215 254 256
f 213 205 252
f 213 252 254
f 219 218 230
f 219 230 229
f 54 254 252
f 54 252 55
f 231 230 256
f 231 256 53
f 195 194 208
f 195 208 207
f 189 190 191
f 189 191 70
f 193 194 195
f 193 195 69
f 194 193 191
f 194 191 190
f 190 189 199
f 190 199 204
f 207 208 209
f 207 209 56
f 194 190 204
f 194 204 208
f 203 204 199
f 203 199 57
f 209 208 204
f 209 204 203
f 157 162 156
f 157 156 155
f 84 150 123
f 84 123 122
f 161 162 157
f 161 157 82
f 129 123 150
f 129 150 156
f 129 156 162
f 129 162 135
f 155 156 151
f 155 151 83
f 129 128 124
f 129 124 123
f 128 129 130
f 128 130 88
f 122 123 124
f 122 124 85
f 130 129 135
f 130 135 81
f 151 156 150
f 151 150 84
f 81 135 162
f 81 162 161
f 139 138 184
f 139 184 74
f 75 182 176
f 75 176 175
f 97 96 133
f 97 133 87
f 132 126 88
f 131 136 182
f 131 182 184
f 133 132 131
f 133 131 184
f 133 184 138
f 131 132 88
f 159 160 161
f 159 161 82
f 136 81 161
f 136 161 160
f 160 159 170
f 160 170 176
f 131 130 81
f 131 81 136
f 137 138 139
f 137 139 73
f 116 132 133
f 116 133 96
f 136 160 176
f 136 176 182
f 130 131 88
f 175 176 170
f 175 170 76
f 87 133 138
f 87 138 137
f 74 184 182
f 74 182 75
f 172 171 169
f 172 169 168
f 170 171 172
f 170 172 76
f 153 154 155
f 153 155 83
f 168 169 163
f 168 163 79
f 154 153 163
f 154 163 169
f 158 157 155
f 158 155 154
f 158 154 169
f 158 169 171
f 157 158 159
f 157 159 82
f 159 158 171
f 159 171 170
f 71 177 148
f 71 148 147
f 80 180 177
f 80 177 71
f 107 106 120
f 107 120 119
f 102 112 120
f 102 120 106
f 152 149 180
f 152 180 164
f 151 152 153
f 151 153 83
f 106 105 103
f 106 103 102
f 112 86 143
f 112 143 148
f 152 151 84
f 152 84 149
f 149 84 122
f 149 122 121
f 102 101 86
f 102 86 112
f 163 164 165
f 163 165 79
f 149 121 177
f 149 177 180
f 121 120 112
f 121 112 148
f 121 148 177
f 147 148 143
f 147 143 72
f 153 152 164
f 153 164 163
f 165 164 180
f 165 180 80
f 86 111 144
f 86 144 143
f 143 144 145
f 143 145 72
f 111 134 142
f 111 142 144
f 99 100 101
f 99 101 92
f 100 99 93
f 100 93 98
f 134 87 137
f 134 137 142
f 98 97 87
f 98 87 134
f 141 142 137
f 141 137 73
f 111 100 98
f 111 98 134
f 97 98 93
f 97 93 89
f 101 100 111
f 101 111 86
f 145 144 142
f 145 142 141
f 113 118 110
f 113 110 109
f 99 104 94
f 99 94 93
f 109 110 105
f 109 105 91
f 101 102 103
f 101 103 92
f 104 110 118
f 104 118 94
f 103 104 99
f 103 99 92
f 96 95 117
f 96 117 116
f 116 115 126
f 116 126 132
f 117 118 113
f 117 113 90
f 95 96 97
f 95 97 89
f 93 94 95
f 93 95 89
f 105 106 107
f 105 107 91
f 115 116 117
f 115 117 90
f 105 110 104
f 105 104 103
f 95 94 118
f 95 118 117
f 115 114 127
f 115 127 126
f 114 108 125
f 114 125 127
f 113 114 115
f 113 115 90
f 114 113 109
f 114 109 108
f 108 107 119
f 108 119 125
f 124 125 119
f 124 119 85
f 107 108 109
f 107 109 91
f 126 127 128
f 126 128 88
f 128 127 125
f 128 125 124
f 119 120 85
f 121 122 85
f 120 121 85
f 140 141 73
f 139 140 73
f 167 168 79
f 145 146 72
f 166 167 79
f 174 175 76
f 172 173 76
f 146 147 72
f 165 166 79
f 173 174 76
f 211 212 207
f 211 207 56
f 196 195 207
f 196 207 212
f 195 196 197
f 195 197 69
f 201 202 57
f 202 203 57
f 209 210 56
f 210 211 56
f 231 232 52
f 232 233 52
f 239 240 51
f 240 241 51
f 285 286 287
f 285 287 47
f 287 288 283
f 287 283 47
f 449 454 286
f 449 286 285
f 2694 2693 2305
f 2694 2305 2304
f 1783 1782 1941
f 1783 1941 1940
f 2721 2722 2723
f 2721 2723 470
f 2302 2303 458
f 2196 2195 563
f 2196 563 1612
f 2196 1612 1606
f 562 2204 2203
f 562 2203 1636
f 562 1636 1630
f 1942 1941 563
f 1942 563 2195
f 1942 2195 1881
f 554 555 2301
f 554 2301 2299
f 2302 2268 2726
f 2302 2726 2782
f 2302 2301 555
f 2302 555 2249
f 2302 2249 2268
f 562 563 1941
f 562 1941 1782
f 563 554 1618
f 563 1618 1612
f 2303 2304 2305
f 2303 2305 458
f 2725 2726 2721
f 2725 2721 470
f 1612 1611 1607
f 1612 1607 1606
f 1624 1623 1619
f 1624 1619 1618
f 1648 1647 1643
f 1648 1643 1642
f 2693 2692 2306
f 2693 2306 2305
f 2783 2782 2726
f 2783 2726 2725
f 2781 2786 2304
f 2781 2304 2303
f 1636 1635 1631
f 1636 1631 1630
f 1618 1617 1613
f 1618 1613 1612
f 2781 2782 2783
f 2781 2783 455
f 2693 2694 2695
f 2693 2695 457
f 2301 2302 458
f 555 562 1630
f 555 1630 1648
f 563 562 555
f 563 555 554
f 554 2299 2298
f 554 2298 2269
f 554 2269 2220
f 2694 2304 2786
f 2694 2786 2687
f 562 1782 1781
f 562 1781 1800
f 562 1800 2204
f 2250 2249 555
f 2250 555 1648
f 2250 1648 1642
f 554 2220 2219
f 554 2219 1624
f 554 1624 1618
f 2300 2301 458
f 2305 2306 2300
f 2305 2300 458
f 2785 2786 2781
f 2785 2781 455
f 2782 2781 2303
f 2782 2303 2302
f 2786 2785 2688
f 2786 2688 2687
f 2457 2456 2255
f 2457 2255 2254
f 2240 2239 2258
f 2240 2258 2257
f 2256 2251 533
f 2240 2241 2242
f 2240 2242 557
f 2236 2230 558
f 2230 2231 2232
f 2230 2232 558
f 2258 2256 2455
f 2258 2455 2728
f 2232 2233 2234
f 2232 2234 558
f 2237 2238 557
f 2242 2243 2237
f 2242 2237 557
f 2255 2256 533
f 2241 2240 2257
f 2241 2257 2262
f 2456 2455 2256
f 2456 2256 2255
f 2235 2234 2251
f 2235 2251 2256
f 2251 2252 2253
f 2251 2253 533
f 2239 2240 557
f 2235 2236 558
f 2235 2256 2258
f 2235 2258 2239
f 2457 2254 2276
f 2457 2276 2310
f 2234 2235 558
f 2238 2239 557
f 2253 2254 2255
f 2253 2255 533
f 2246 2245 2243
f 2246 2243 2242
f 2277 2276 2254
f 2277 2254 2253
f 2728 2727 2259
f 2728 2259 2258
f 2570 2569 2419
f 2570 2419 2418
f 2566 2565 2282
f 2566 2282 2281
f 2276 2275 2311
f 2276 2311 2310
f 2426 2425 2418
f 2426 2418 2417
f 2422 2427 2289
f 2422 2289 2288
f 2286 2292 2280
f 2286 2280 2279
f 550 2222 2271
f 550 2271 511
f 2232 2231 2229
f 2232 2229 2228
f 2208 2207 2238
f 2208 2238 2237
f 2189 2188 2225
f 2189 2225 2224
f 2214 2213 2192
f 2214 2192 2191
f 2200 2199 2211
f 2200 2211 2210
f 567 2194 2083
f 567 2083 606
f 2178 2177 2075
f 2178 2075 2074
f 2078 2077 2177
f 2078 2177 2176
f 2080 2079 2065
f 2080 2065 2064
f 1667 1666 2145
f 1667 2145 2144
f 606 2083 1984
f 606 1984 1983
f 1987 1986 2072
f 1987 2072 2071
f 2076 2081 2070
f 2076 2070 2069
f 1945 1944 1880
f 1945 1880 1879
f 1671 1670 1794
f 1671 1794 1793
f 1519 1518 1530
f 1519 1530 1529
f 1437 1436 1467
f 1437 1467 702
f 1415 1414 1453
f 1415 1453 708
f 1116 1115 1111
f 1116 1111 1110
f 2424 2425 2426
f 2424 2426 544
f 2313 2314 2315
f 2313 2315 546
f 2292 2286 543
f 2286 2287 2288
f 2286 2288 543
f 2280 2281 502
f 2274 2275 534
f 2224 2225 547
f 2216 2217 559
f 2208 2209 2210
f 2208 2210 560
f 2204 2198 561
f 2198 2199 2200
f 2198 2200 561
f 2188 2189 570
f 2180 2174 574
f 2174 2175 2176
f 2174 2176 574
f 2146 2147 2148
f 2146 2148 584
f 2139 2140 583
f 2077 2078 573
f 2073 2074 615
f 2062 2063 2064
f 2062 2064 572
f 1985 1986 1987
f 1985 1987 616
f 1943 1944 1945
f 1943 1945 617
f 1938 1939 1940
f 1938 1940 618
f 1883 1884 629
f 1793 1794 649
f 1606 1607 667
f 1495 1496 605
f 1468 1470 2207
f 1468 2207 2206
f 1438 2206 2218
f 1465 1438 1478
f 1416 1454 2235
f 1416 2239 2238
f 1416 2238 1464
f 565 1501 1492
f 565 1492 1508
f 2077 2075 2177
f 1988 2070 2081
f 1988 2081 2063
f 2180 2179 569
f 2180 569 2188
f 2180 2188 2139
f 2206 1794 2149
f 2206 2149 2218
f 569 568 549
f 569 549 548
f 2233 2227 2278
f 2270 1525 1524
f 2270 1524 552
f 2281 2280 549
f 2281 549 2223
f 2281 2223 2272
f 2427 2416 2316
f 2427 2316 2289
f 2287 2285 2423
f 2291 2314 2312
f 2291 2312 2274
f 2201 2209 2243
f 2201 2243 2245
f 549 568 2194
f 549 2194 2223
f 2147 2192 2213
f 1798 2211 2199
f 565 1882 2197
f 2180 2139 2137
f 2180 2137 2182
f 2072 1986 1984
f 2072 1984 2083
f 1794 1670 1668
f 1794 1668 2149
f 1518 1514 1528
f 1518 1528 1530
f 1462 1464 2238
f 1459 1458 2207
f 1476 1478 2217
f 1473 1472 2217
f 1473 2217 2236
f 1116 1110 1532
f 1116 1532 1526
f 1499 1500 1495
f 1499 1495 605
f 1667 1668 1663
f 1667 1663 585
f 1794 1795 649
f 1879 1880 1875
f 1879 1875 630
f 1940 1941 618
f 1947 1948 1943
f 1947 1943 617
f 1987 1988 1989
f 1987 1989 616
f 2064 2065 2066
f 2064 2066 572
f 2072 2073 615
f 2080 2081 2076
f 2080 2076 573
f 2138 2139 583
f 2144 2145 2146
f 2144 2146 584
f 2176 2177 2178
f 2176 2178 574
f 2181 2182 2183
f 2181 2183 571
f 2189 2190 2191
f 2189 2191 570
f 2203 2204 561
f 2207 2208 560
f 2214 2215 2216
f 2214 2216 559
f 2225 2226 547
f 2273 2274 534
f 2279 2280 502
f 2284 2285 2279
f 2284 2279 502
f 2291 2292 543
f 2315 2316 2317
f 2315 2317 546
f 2423 2424 544
f 2426 2427 2422
f 2426 2422 544
f 2510 2511 2506
f 2510 2506 514
f 1416 1415 708
f 1416 708 1454
f 1438 1437 702
f 1438 702 1468
f 1520 1519 1529
f 1520 1529 1534
f 1670 1669 1663
f 1670 1663 1668
f 1944 1943 1936
f 1944 1936 1942
f 1948 1947 1775
f 1948 1775 1774
f 1986 1985 1979
f 1986 1979 1984
f 2077 2076 2069
f 2077 2069 2075
f 1993 1992 605
f 1993 605 1497
f 2139 2138 2132
f 2139 2132 2137
f 2182 2181 2174
f 2182 2174 2180
f 1666 1665 2134
f 1666 2134 2133
f 2186 2185 2066
f 2186 2066 2065
f 2188 2187 2140
f 2188 2140 2139
f 2199 2198 1799
f 2199 1799 1798
f 2201 2200 2210
f 2201 2210 2209
f 2215 2214 2191
f 2215 2191 2190
f 2190 2189 2224
f 2190 2224 2229
f 2209 2208 2237
f 2209 2237 2243
f 2233 2232 2228
f 2233 2228 2227
f 2227 2226 2273
f 2227 2273 2278
f 2314 2313 2307
f 2314 2307 2312
f 2278 2277 2253
f 2278 2253 2252
f 2316 2315 2290
f 2316 2290 2289
f 511 2271 2507
f 511 2507 2506
f 2424 2423 2285
f 2424 2285 2284
f 2567 2566 2511
f 2567 2511 2510
f 2565 2570 2283
f 2565 2283 2282
f 2275 2274 2312
f 2275 2312 2311
f 2427 2426 2417
f 2427 2417 2416
f 2423 2422 2288
f 2423 2288 2287
f 2287 2286 2279
f 2287 2279 2285
f 2223 550 511
f 2223 511 2272
f 2203 2202 2244
f 2203 2244 2250
f 2217 2216 2230
f 2217 2230 2236
f 2194 567 550
f 2194 550 2223
f 2213 2212 2148
f 2213 2148 2147
f 2206 2205 1795
f 2206 1795 1794
f 2193 567 606
f 2193 606 2082
f 2179 2178 2074
f 2179 2074 2073
f 2143 2142 2146
f 2143 2146 2145
f 2081 2080 2064
f 2081 2064 2063
f 1668 1667 2144
f 1668 2144 2149
f 2082 606 1983
f 2082 1983 1982
f 1988 1987 2071
f 1988 2071 2070
f 1991 604 629
f 1991 629 1884
f 1500 1499 1505
f 1500 1505 1504
f 1887 1886 1877
f 1887 1877 1876
f 1798 1797 1791
f 1798 1791 1796
f 1606 1605 1625
f 1606 1625 1624
f 1514 1513 1523
f 1514 1523 1528
f 1459 707 706
f 1459 706 1458
f 2569 2570 2565
f 2569 2565 501
f 2506 2507 2508
f 2506 2508 514
f 2422 2423 544
f 2417 2418 2419
f 2417 2419 545
f 2311 2312 2307
f 2311 2307 531
f 2288 2289 2290
f 2288 2290 543
f 2281 2282 502
f 2275 2276 2277
f 2275 2277 534
f 2228 2229 2224
f 2228 2224 547
f 2217 2218 559
f 2210 2211 2205
f 2210 2205 560
f 2205 2206 560
f 2200 2201 2202
f 2200 2202 561
f 2187 2188 570
f 2179 2180 574
f 2148 2149 584
f 2140 2141 2142
f 2140 2142 583
f 2132 2133 2134
f 2132 2134 586
f 2074 2075 2069
f 2074 2069 615
f 2069 2070 2071
f 2069 2071 615
f 1992 1993 1994
f 1992 1994 604
f 1983 1984 1979
f 1983 1979 603
f 1942 1936 618
f 1936 1937 1938
f 1936 1938 618
f 1875 1876 1877
f 1875 1877 630
f 1791 1792 1793
f 1791 1793 649
f 1605 1606 667
f 1496 1497 605
f 1456 1473 2236
f 1472 1476 2217
f 1470 1459 2207
f 1458 1462 2238
f 1458 2238 2207
f 565 552 1509
f 565 1509 1501
f 1606 1624 2219
f 1606 2219 2196
f 1788 1937 1948
f 1788 1948 1774
f 1666 2133 2143
f 1666 2143 2145
f 568 569 2179
f 568 2179 2073
f 565 1508 1507
f 565 1507 1882
f 1798 1796 2211
f 2147 2141 2192
f 569 548 2225
f 569 2225 2188
f 548 549 2280
f 548 2280 2292
f 2425 2283 2570
f 2425 2570 2418
f 2281 2272 2511
f 2281 2511 2566
f 548 2292 2291
f 548 2291 2274
f 548 2274 2225
f 552 2221 2270
f 2233 2278 2252
f 2215 2190 2229
f 2215 2229 2231
f 552 565 2197
f 552 2197 2221
f 568 2073 2072
f 568 2072 2083
f 568 2083 2194
f 2079 2175 2186
f 2079 2186 2065
f 1882 1507 1887
f 1882 1887 1876
f 1509 552 1524
f 1509 1524 1512
f 1451 1416 1464
f 1416 2235 2239
f 1454 1456 2236
f 1454 2236 2235
f 1438 2218 2217
f 1438 2217 1478
f 1438 1468 2206
f 1122 1116 1526
f 1122 1526 2589
f 1498 1499 605
f 1665 1666 1667
f 1665 1667 585
f 1795 1796 1791
f 1795 1791 649
f 1886 1887 1883
f 1886 1883 629
f 1941 1942 618
f 1981 1982 1983
f 1981 1983 603
f 1991 1992 604
f 2071 2072 615
f 2076 2077 573
f 2136 2137 2132
f 2136 2132 586
f 2142 2143 2138
f 2142 2138 583
f 2149 2144 584
f 2178 2179 574
f 2185 2186 2181
f 2185 2181 571
f 2191 2192 2187
f 2191 2187 570
f 2202 2203 561
f 2206 2207 560
f 2212 2213 2214
f 2212 2214 559
f 2218 2212 559
f 2226 2227 2228
f 2226 2228 547
f 2277 2278 2273
f 2277 2273 534
f 2282 2283 2284
f 2282 2284 502
f 2290 2291 543
f 2309 2310 2311
f 2309 2311 531
f 2415 2416 2417
f 2415 2417 545
f 2565 2566 2567
f 2565 2567 501
f 1122 1121 1117
f 1122 1117 1116
f 707 1460 1457
f 707 1457 706
f 1513 1512 1524
f 1513 1524 1523
f 1797 1802 1792
f 1797 1792 1791
f 1943 1948 1937
f 1943 1937 1936
f 1989 1988 2063
f 1989 2063 2062
f 1994 1993 1982
f 1994 1982 1981
f 1992 1991 1498
f 1992 1498 605
f 2138 2143 2133
f 2138 2133 2132
f 2181 2186 2175
f 2181 2175 2174
f 2142 2141 2147
f 2142 2147 2146
f 2183 2182 2137
f 2183 2137 2136
f 2187 2192 2141
f 2187 2141 2140
f 2205 2211 1796
f 2205 1796 1795
f 2212 2218 2149
f 2212 2149 2148
f 567 2193 2222
f 567 2222 550
f 2216 2215 2231
f 2216 2231 2230
f 2202 2201 2245
f 2202 2245 2244
f 2234 2233 2252
f 2234 2252 2251
f 2226 2225 2274
f 2226 2274 2273
f 2317 2316 2416
f 2317 2416 2415
f 2452 2457 2310
f 2452 2310 2309
f 2315 2314 2291
f 2315 2291 2290
f 2272 511 2506
f 2272 2506 2511
f 2425 2424 2284
f 2425 2284 2283
f 1532 1531 1527
f 1532 1527 1526
f 2325 2330 2320
f 2325 2320 2319
f 2724 2725 470
f 2320 2330 2730
f 2320 2730 2453
f 2320 2321 530
f 2729 2730 469
f 2731 2730 2724
f 2731 2724 2723
f 2723 2724 470
f 2330 2718 2724
f 2330 2724 2730
f 2319 2320 530
f 2730 2731 469
f 2730 2729 2454
f 2730 2454 2453
f 2718 2717 2773
f 2718 2773 2772
f 2718 2719 472
f 2718 2772 2784
f 2718 2784 2724
f 2690 2684 456
f 2784 2785 455
f 2785 2784 2689
f 2785 2689 2688
f 2717 2718 472
f 2688 2689 456
f 2689 2690 456
f 2783 2784 455
f 2784 2783 2725
f 2784 2725 2724
f 2772 2771 2767
f 2772 2767 2766
f 2556 2555 2551
f 2556 2551 2550
f 2765 2766 460
f 2421 2415 545
f 2556 2550 2420
f 2556 2420 2568
f 2421 2420 2550
f 2421 2550 2623
f 2421 2623 2690
f 2421 2690 2689
f 2421 2689 2766
f 2421 2766 2429
f 2420 2421 545
f 2766 2767 460
f 2569 2568 2420
f 2569 2420 2419
f 2608 2607 2623
f 2608 2623 2622
f 2772 2773 459
f 2604 2605 500
f 2772 2766 2689
f 2772 2689 2784
f 2605 2690 2623
f 2605 2623 2607
f 2419 2420 545
f 2605 2600 500
f 2771 2772 459
f 2605 2604 2684
f 2605 2684 2690
f 2766 2765 2430
f 2766 2430 2429
f 2266 2265 2261
f 2266 2261 2260
f 2696 2695 2686
f 2696 2686 2685
f 2270 490 2598
f 2270 2598 2597
f 2603 2602 2297
f 2603 2297 2296
f 553 2220 2269
f 553 2269 490
f 564 2196 2219
f 564 2219 553
f 627 1882 1876
f 627 1876 1875
f 2695 2696 2691
f 2695 2691 457
f 2598 2599 2594
f 2598 2594 487
f 2515 2516 2512
f 2515 2512 513
f 2456 2457 2452
f 2456 2452 532
f 2295 2296 2297
f 2295 2297 499
f 2265 2266 2267
f 2265 2267 467
f 2258 2259 468
f 2248 2249 556
f 1527 1528 1523
f 1527 1523 489
f 1942 1881 1880
f 1942 1880 1944
f 2247 2262 2264
f 2591 1525 2270
f 2591 2270 2597
f 2298 2601 2599
f 2298 2599 2269
f 1526 1527 489
f 2219 2220 553
f 2249 2250 556
f 2259 2260 2261
f 2259 2261 468
f 2267 2268 467
f 2454 2455 2456
f 2454 2456 532
f 2596 2597 2598
f 2596 2598 487
f 2684 2685 2686
f 2684 2686 456
f 1881 627 1875
f 1881 1875 1880
f 2197 564 553
f 2197 553 2221
f 2249 2248 2263
f 2249 2263 2268
f 513 2513 2589
f 513 2589 488
f 2604 2603 2685
f 2604 2685 2684
f 2592 2591 2597
f 2592 2597 2596
f 2590 2589 1526
f 2590 1526 489
f 2267 2266 2722
f 2267 2722 2721
f 2265 2264 2262
f 2265 2262 2261
f 2729 2728 2455
f 2729 2455 2454
f 2727 2732 2260
f 2727 2260 2259
f 490 2269 2599
f 490 2599 2598
f 2602 2601 2298
f 2602 2298 2297
f 2691 2696 2296
f 2691 2296 2295
f 1531 1530 1528
f 1531 1528 1527
f 2221 553 490
f 2221 490 2270
f 2247 2246 2242
f 2247 2242 2241
f 2195 564 627
f 2195 627 1881
f 2731 2732 2727
f 2731 2727 469
f 2600 2601 2602
f 2600 2602 500
f 2590 2591 2592
f 2590 2592 488
f 2297 2298 499
f 2263 2264 2265
f 2263 2265 467
f 2257 2258 468
f 2246 2247 2248
f 2246 2248 556
f 2195 2196 564
f 1523 1524 489
f 2603 2296 2696
f 2603 2696 2685
f 2732 2722 2266
f 2732 2266 2260
f 2247 2241 2262
f 1524 1525 489
f 2244 2245 2246
f 2244 2246 556
f 2250 2244 556
f 2261 2262 2257
f 2261 2257 468
f 2268 2263 467
f 2298 2299 499
f 2512 2513 513
f 2589 2590 488
f 2602 2603 2604
f 2602 2604 500
f 2727 2728 2729
f 2727 2729 469
f 564 2197 1882
f 564 1882 627
f 2248 2247 2264
f 2248 2264 2263
f 2601 2600 2594
f 2601 2594 2599
f 2591 2590 489
f 2591 489 1525
f 2268 2267 2721
f 2268 2721 2726
f 2732 2731 2723
f 2732 2723 2722
f 2609 2608 2622
f 2609 2622 2621
f 2613 2612 2606
f 2613 2606 2611
f 2612 2613 2614
f 2612 2614 485
f 2610 2611 2606
f 2610 2606 498
f 2620 2621 2622
f 2620 2622 497
f 2614 2615 2616
f 2614 2616 485
f 2608 2609 2610
f 2608 2610 498
f 2618 2619 2620
f 2618 2620 497
f 2619 2618 2549
f 2619 2549 2548
f 2607 2608 498
f 2595 2605 2607
f 2595 2607 2617
f 2617 2612 485
f 2585 2584 2617
f 2585 2617 2616
f 2612 2617 2607
f 2612 2607 2606
f 2606 2607 498
f 2593 2595 2617
f 2593 2617 2584
f 2616 2617 485
f 2514 513 488
f 2514 488 2593
f 2622 2623 497
f 2592 2593 488
f 2584 2497 2514
f 2584 2514 2593
f 2584 2585 486
f 2623 2618 497
f 2600 2605 2595
f 2600 2595 2594
f 2594 2595 487
f 2514 2515 513
f 2583 2584 486
f 2595 2596 487
f 2584 2583 2498
f 2584 2498 2497
f 2593 2592 2596
f 2593 2596 2595
f 2491 2490 2557
f 2491 2557 2556
f 2568 2569 501
f 2497 2491 2509
f 2497 2509 2514
f 2490 2491 516
f 2567 2568 501
f 2491 2556 2568
f 2491 2568 2509
f 2491 2492 516
f 2497 2496 2492
f 2497 2492 2491
f 2568 2567 2510
f 2568 2510 2509
f 2516 2515 2508
f 2516 2508 2507
f 1485 1484 1496
f 1485 1496 1495
f 1110 1109 1105
f 1110 1105 1104
f 1531 1532 512
f 1110 1104 2513
f 1110 2513 1532
f 551 1480 1520
f 551 1520 1534
f 566 551 2222
f 566 2222 2193
f 551 1534 1533
f 551 1533 2271
f 2082 1497 1496
f 2082 1496 566
f 1481 566 1496
f 1481 1496 1484
f 1103 1104 779
f 1533 1534 512
f 2512 2516 1533
f 2512 1533 512
f 1529 1530 1531
f 1529 1531 512
f 1104 1122 2589
f 1104 2589 2513
f 566 2193 2082
f 551 2271 2222
f 2271 1533 2516
f 2271 2516 2507
f 1993 1497 2082
f 1993 2082 1982
f 551 566 1481
f 551 1481 1480
f 1104 1105 779
f 1534 1529 512
f 1104 1103 1123
f 1104 1123 1122
f 2513 2512 512
f 2513 512 1532
f 2715 2716 2717
f 2715 2717 472
f 2333 2334 2335
f 2333 2335 542
f 2323 2324 2319
f 2323 2319 530
f 2325 2326 2327
f 2325 2327 471
f 2339 2340 2341
f 2339 2341 529
f 2326 2325 2319
f 2326 2319 2324
f 2334 2333 2428
f 2334 2428 2433
f 2329 2328 2720
f 2329 2720 2719
f 2322 2321 2341
f 2322 2341 2340
f 2338 2337 2331
f 2338 2331 2336
f 2719 2720 2715
f 2719 2715 472
f 2335 2336 2331
f 2335 2331 542
f 2321 2322 2323
f 2321 2323 530
f 2327 2328 2329
f 2327 2329 471
f 2337 2338 2339
f 2337 2339 529
f 2321 2320 2342
f 2321 2342 2341
f 2341 2342 529
f 2308 2318 2332
f 2308 2332 2342
f 2332 2333 542
f 2453 2452 2309
f 2453 2309 2308
f 2342 2337 529
f 2453 2308 2342
f 2453 2342 2320
f 2331 2332 542
f 2337 2342 2332
f 2337 2332 2331
f 2333 2332 2429
f 2333 2429 2428
f 2317 2318 546
f 2318 2313 546
f 2318 2317 2415
f 2318 2415 2421
f 2429 2430 541
f 2318 2421 2429
f 2318 2429 2332
f 2428 2429 541
f 2300 2306 2294
f 2300 2294 2293
f 2691 2692 457
f 2294 2306 2692
f 2299 2293 499
f 2695 2694 2687
f 2695 2687 2686
f 2301 2300 2293
f 2301 2293 2299
f 2293 2294 2295
f 2293 2295 499
f 2686 2687 2688
f 2686 2688 456
f 2692 2693 457
f 2692 2691 2295
f 2692 2295 2294
f 1883 1887 1507
f 1883 1507 628
f 1128 1127 1147
f 1128 1147 1146
f 1140 1139 1135
f 1140 1135 1134
f 1507 1508 628
f 1127 1128 775
f 1146 1140 1884
f 1146 1884 1506
f 1128 1146 1506
f 1128 1506 1498
f 1128 1129 775
f 1508 1503 628
f 1492 1491 1503
f 1492 1503 1508
f 1884 1883 628
f 1884 628 1506
f 1486 1485 1495
f 1486 1495 1500
f 1505 1506 628
f 1140 1134 1991
f 1140 1991 1884
f 1490 1486 1500
f 1490 1500 1504
f 1134 1128 1498
f 1134 1498 1991
f 1503 1504 1505
f 1503 1505 628
f 1134 1133 1129
f 1134 1129 1128
f 1146 1145 1141
f 1146 1141 1140
f 1491 1490 1504
f 1491 1504 1503
f 1499 1498 1506
f 1499 1506 1505
f 1593 1598 1538
f 1593 1538 681
f 684 1535 1582
f 684 1582 1581
f 1571 1576 1540
f 1571 1540 683
f 1587 1588 1589
f 1587 1589 679
f 1535 1538 1541
f 1535 1541 1540
f 1540 1576 1582
f 1540 1582 1535
f 1597 1598 1593
f 1597 1593 680
f 1541 682 683
f 1541 683 1540
f 1581 1582 1577
f 1581 1577 685
f 1541 1538 1598
f 1541 1598 1588
f 1575 1576 1571
f 1575 1571 686
f 681 1538 1535
f 681 1535 684
f 1577 1582 1576
f 1577 1576 1575
f 682 1541 1588
f 682 1588 1587
f 1589 1588 1598
f 1589 1598 1597
f 2198 2204 1800
f 2198 1800 1799
f 1801 1800 1656
f 1801 1656 1655
f 1673 1672 1654
f 1673 1654 1653
f 1661 1660 1772
f 1661 1772 1771
f 1799 1800 650
f 1783 1784 1778
f 1783 1778 659
f 1778 1779 1780
f 1778 1780 659
f 1655 1656 1651
f 1655 1651 647
f 1642 1643 665
f 1630 1631 663
f 1618 1619 669
f 1781 1658 1656
f 1781 1656 1800
f 1786 1784 1939
f 1642 1636 2203
f 1642 2203 2250
f 1617 1618 669
f 1629 1630 663
f 1641 1642 665
f 1653 1654 1655
f 1653 1655 647
f 1782 1783 659
f 1785 1786 660
f 1800 1801 650
f 1630 1629 1649
f 1630 1649 1648
f 1786 1785 1778
f 1786 1778 1784
f 1802 1801 1655
f 1802 1655 1654
f 1784 1783 1940
f 1784 1940 1939
f 1790 1789 1773
f 1790 1773 1772
f 1658 1657 1651
f 1658 1651 1656
f 1642 1641 1637
f 1642 1637 1636
f 1797 1798 1799
f 1797 1799 650
f 1786 1787 660
f 1780 1781 659
f 1647 1648 664
f 1635 1636 666
f 1623 1624 668
f 1611 1612 670
f 1672 1792 1802
f 1672 1802 1654
f 1790 1772 1660
f 1790 1660 1779
f 1612 1613 670
f 1624 1625 668
f 1636 1637 666
f 1648 1649 664
f 1771 1772 1773
f 1771 1773 661
f 1781 1782 659
f 1789 1790 1785
f 1789 1785 660
f 1801 1802 1797
f 1801 1797 650
f 1785 1790 1779
f 1785 1779 1778
f 1659 1658 1781
f 1659 1781 1780
f 1787 1786 1939
f 1787 1939 1938
f 2185 2184 2067
f 2185 2067 2066
f 2116 2117 588
f 2066 2067 572
f 2067 2068 572
f 2184 2185 571
f 2184 2183 2136
f 2184 2136 2135
f 2117 2116 2166
f 2117 2166 2165
f 2117 2118 588
f 2117 2165 2184
f 2117 2184 2135
f 2068 2062 572
f 2183 2184 571
f 2165 2166 575
f 2068 2067 1688
f 2068 1688 1698
f 2068 1698 1777
f 2068 1777 1776
f 2068 1776 1921
f 2068 1921 1978
f 2165 1688 2067
f 2165 2067 2184
f 1990 1985 616
f 1927 1926 1922
f 1927 1922 1921
f 2165 2164 1689
f 2165 1689 1688
f 1990 1989 2062
f 1990 2062 2068
f 2164 2165 575
f 1990 2068 1978
f 1990 1978 2003
f 1927 1921 1776
f 1927 1776 1946
f 1989 1990 616
f 1665 1664 2135
f 1665 2135 2134
f 1681 1686 1676
f 1681 1676 1675
f 2134 2135 586
f 1808 1803 646
f 1676 1677 658
f 1663 1664 585
f 1674 1652 1686
f 1674 1686 1808
f 1652 1662 1676
f 1652 1676 1686
f 1673 1674 648
f 1686 1681 645
f 2123 2124 587
f 1674 1673 1653
f 1674 1653 1652
f 1808 1807 2124
f 1808 2124 2123
f 2123 2122 2118
f 2123 2118 2117
f 2135 2136 586
f 1807 1808 646
f 1675 1676 658
f 1664 1665 585
f 2123 2117 2135
f 2123 2135 1664
f 1664 1674 1808
f 1664 1808 2123
f 1674 1669 648
f 1685 1686 645
f 2122 2123 587
f 1669 1674 1664
f 1669 1664 1663
f 1803 1808 1686
f 1803 1686 1685
f 2008 2009 2010
f 2008 2010 601
f 2006 2007 2002
f 2006 2002 614
f 2009 2008 2002
f 2009 2002 2007
f 2010 2011 2012
f 2010 2012 601
f 2004 2005 2006
f 2004 2006 614
f 1998 1997 2013
f 1998 2013 2012
f 1867 1866 1997
f 1867 1997 1996
f 1947 1946 1776
f 1947 1776 1775
f 1693 1698 1688
f 1693 1688 1687
f 2003 2004 614
f 1994 1995 604
f 1946 1947 617
f 1920 1921 620
f 1776 1777 661
f 1687 1688 576
f 1860 1927 1946
f 1860 1946 1878
f 1995 1980 2013
f 1995 2013 1997
f 1866 1860 1878
f 1866 1878 1885
f 1662 1657 662
f 1697 1698 657
f 1777 1771 661
f 1885 1886 629
f 1927 1928 619
f 1977 1978 613
f 2002 2003 614
f 1662 1661 1771
f 1662 1771 1777
f 1921 1920 1973
f 1921 1973 1978
f 1946 1945 1879
f 1946 1879 1878
f 1995 1994 1981
f 1995 1981 1980
f 2004 2003 1978
f 2004 1978 1977
f 1860 1859 1928
f 1860 1928 1927
f 1866 1865 1861
f 1866 1861 1860
f 2013 2008 601
f 1996 1997 602
f 1945 1946 617
f 1921 1922 620
f 1859 1860 632
f 1775 1776 661
f 1688 1689 576
f 1662 1777 1698
f 1662 1698 1676
f 1885 1995 1997
f 1885 1997 1866
f 1980 1990 2003
f 1980 2003 2013
f 1661 1662 662
f 1698 1693 657
f 1860 1861 632
f 1926 1927 619
f 1978 1973 613
f 1997 1998 602
f 2012 2013 601
f 1677 1676 1698
f 1677 1698 1697
f 604 1995 1885
f 604 1885 629
f 2008 2013 2003
f 2008 2003 2002
f 2005 2004 1977
f 2005 1977 1976
f 2124 2125 2120
f 2124 2120 587
f 1695 1696 1697
f 1695 1697 657
f 1677 1678 1679
f 1677 1679 658
f 1683 1684 1685
f 1683 1685 645
f 1803 1804 1805
f 1803 1805 646
f 1682 1681 1675
f 1682 1675 1680
f 1804 1803 1685
f 1804 1685 1684
f 1678 1677 1697
f 1678 1697 1696
f 2120 2121 2122
f 2120 2122 587
f 1693 1694 1695
f 1693 1695 657
f 1679 1680 1675
f 1679 1675 658
f 1681 1682 1683
f 1681 1683 645
f 1805 1806 1807
f 1805 1807 646
f 1807 1806 2125
f 1807 2125 2124
f 1623 1622 1620
f 1623 1620 1619
f 675 1583 1622
f 675 1622 1621
f 682 1542 1539
f 682 1539 683
f 1621 1622 1623
f 1621 1623 668
f 1571 1572 1573
f 1571 1573 686
f 1550 1551 671
f 1539 1549 1548
f 1539 1548 1583
f 1539 1583 1572
f 1583 1548 1620
f 1583 1620 1622
f 1539 1542 1551
f 1539 1551 1549
f 1549 1543 676
f 1619 1620 1615
f 1619 1615 669
f 1551 1550 1543
f 1551 1543 1549
f 1542 682 1587
f 1542 1587 1592
f 1548 1547 1615
f 1548 1615 1620
f 1602 672 1639
f 1602 1639 1644
f 1592 1591 672
f 1592 672 1602
f 1572 1571 683
f 1572 683 1539
f 1643 1644 1639
f 1643 1639 665
f 1551 1552 671
f 1547 1548 676
f 1552 1551 1542
f 1552 1542 1592
f 1552 1592 1602
f 1552 1602 1644
f 1552 1644 1646
f 1548 1549 676
f 1552 1553 671
f 1591 1592 1587
f 1591 1587 679
f 1645 1646 1647
f 1645 1647 664
f 1573 1572 1583
f 1573 1583 675
f 1553 1552 1646
f 1553 1646 1645
f 1647 1646 1644
f 1647 1644 1643
f 1641 1640 1638
f 1641 1638 1637
f 1591 1590 1601
f 1591 1601 672
f 1595 1596 1597
f 1595 1597 680
f 1596 1600 1601
f 1596 1601 1590
f 1637 1638 1633
f 1637 1633 666
f 1596 1595 673
f 1596 673 1600
f 1600 673 1633
f 1600 1633 1638
f 1590 1589 1597
f 1590 1597 1596
f 1589 1590 1591
f 1589 1591 679
f 1601 1600 1638
f 1601 1638 1640
f 1639 1640 1641
f 1639 1641 665
f 672 1601 1640
f 672 1640 1639
f 1635 1634 1632
f 1635 1632 1631
f 673 1599 1634
f 673 1634 1633
f 1595 1594 1599
f 1595 1599 673
f 1609 1610 1611
f 1609 1611 670
f 1569 1570 674
f 1537 1570 1569
f 1537 1569 1599
f 1537 1599 1594
f 1599 1569 1632
f 1599 1632 1634
f 1568 1569 674
f 1593 1594 1595
f 1593 1595 680
f 1631 1632 1627
f 1631 1627 663
f 1536 684 1581
f 1536 1581 1580
f 1594 1593 681
f 1594 681 1537
f 1569 1568 1627
f 1569 1627 1632
f 1586 678 1603
f 1586 1603 1608
f 1580 1579 678
f 1580 678 1586
f 1537 681 684
f 1537 684 1536
f 1607 1608 1603
f 1607 1603 667
f 1570 1564 674
f 1537 1536 1558
f 1537 1558 1570
f 1559 1586 1608
f 1559 1608 1610
f 1559 1558 1536
f 1559 1536 1580
f 1559 1580 1586
f 1579 1580 1581
f 1579 1581 685
f 1633 1634 1635
f 1633 1635 666
f 1560 1559 1610
f 1560 1610 1609
f 1611 1610 1608
f 1611 1608 1607
f 1629 1628 1650
f 1629 1650 1649
f 1627 1628 1629
f 1627 1629 663
f 1567 1554 1650
f 1567 1650 1628
f 1649 1650 1645
f 1649 1645 664
f 1554 1553 1645
f 1554 1645 1650
f 1567 1566 1555
f 1567 1555 1554
f 1553 1554 1555
f 1553 1555 671
f 1566 1567 1568
f 1566 1568 674
f 1568 1567 1628
f 1568 1628 1627
f 1617 1616 1614
f 1617 1614 1613
f 1615 1616 1617
f 1615 1617 669
f 1546 1561 1614
f 1546 1614 1616
f 1613 1614 1609
f 1613 1609 670
f 1561 1560 1609
f 1561 1609 1614
f 1546 1545 1562
f 1546 1562 1561
f 1560 1561 1562
f 1560 1562 677
f 1545 1546 1547
f 1545 1547 676
f 1547 1546 1616
f 1547 1616 1615
f 678 1585 1604
f 678 1604 1603
f 1603 1604 1605
f 1603 1605 667
f 1574 1584 1585
f 1574 1585 1578
f 1577 1578 1579
f 1577 1579 685
f 1578 1577 1575
f 1578 1575 1574
f 1584 675 1621
f 1584 1621 1626
f 1574 1573 675
f 1574 675 1584
f 1625 1626 1621
f 1625 1621 668
f 1573 1574 1575
f 1573 1575 686
f 1585 1584 1626
f 1585 1626 1604
f 1579 1578 1585
f 1579 1585 678
f 1605 1604 1626
f 1605 1626 1625
f 1545 1544 1563
f 1545 1563 1562
f 1562 1563 1557
f 1562 1557 677
f 1563 1544 1556
f 1563 1556 1565
f 1564 1565 1566
f 1564 1566 674
f 1565 1564 1557
f 1565 1557 1563
f 1543 1544 1545
f 1543 1545 676
f 1555 1556 1550
f 1555 1550 671
f 1550 1556 1544
f 1550 1544 1543
f 1566 1565 1556
f 1566 1556 1555
f 696 1463 1452
f 696 1452 710
f 698 1477 1466
f 698 1466 704
f 700 1471 1475
f 700 1475 699
f 702 1467 1469
f 702 1469 695
f 705 1461 1463
f 705 1463 696
f 708 1453 1455
f 708 1455 697
f 1385 1384 1436
f 1385 1436 1435
f 703 1437 1438
f 1352 1309 1453
f 1352 1453 1414
f 1428 1426 1457
f 1428 1457 1460
f 1325 1386 1440
f 1325 1440 1466
f 1447 1445 1471
f 1447 1471 1474
f 1449 1447 1474
f 1449 1474 1455
f 1441 1325 1466
f 1441 1466 1477
f 1430 1428 1460
f 1430 1460 1469
f 1422 1421 1452
f 1422 1452 1463
f 1439 1440 1435
f 1439 1435 703
f 1454 708 697
f 1454 697 1456
f 1462 705 696
f 1462 696 1464
f 1468 702 695
f 1468 695 1470
f 1472 700 699
f 1472 699 1476
f 1478 698 704
f 1478 704 1465
f 1464 696 710
f 1464 710 1451
f 1470 695 707
f 1470 707 1459
f 1456 697 701
f 1456 701 1473
f 1476 699 698
f 1476 698 1478
f 1473 701 700
f 1473 700 1472
f 1465 704 1439
f 1465 1439 1438
f 1458 706 705
f 1458 705 1462
f 1451 710 1417
f 1451 1417 1416
f 1435 1436 1437
f 1435 1437 703
f 1426 1424 1461
f 1426 1461 1457
f 1384 1433 1432
f 1384 1432 1467
f 1384 1467 1436
f 1445 1443 1475
f 1445 1475 1471
f 1309 1449 1455
f 1309 1455 1453
f 1443 1441 1477
f 1443 1477 1475
f 1432 1430 1469
f 1432 1469 1467
f 1424 1422 1463
f 1424 1463 1461
f 1438 1439 703
f 1353 1352 1414
f 1353 1414 1413
f 710 1452 1418
f 710 1418 1417
f 706 1457 1461
f 706 1461 705
f 704 1466 1440
f 704 1440 1439
f 701 1474 1471
f 701 1471 700
f 699 1475 1477
f 699 1477 698
f 697 1455 1474
f 697 1474 701
f 695 1469 1460
f 695 1460 707
f 1417 1418 1413
f 1417 1413 709
f 1421 1420 1354
f 1421 1354 1418
f 1421 1418 1452
f 1416 1417 709
f 1386 1385 1435
f 1386 1435 1440
f 709 1415 1416
f 1413 1414 1415
f 1413 1415 709
f 1143 1144 1145
f 1143 1145 776
f 1141 1142 1137
f 1141 1137 777
f 1145 1144 1142
f 1145 1142 1141
f 1036 1035 1144
f 1036 1144 1143
f 1035 1066 1142
f 1035 1142 1144
f 1066 1065 1137
f 1066 1137 1142
f 912 911 1131
f 912 1131 1136
f 1064 912 1136
f 1064 1136 1138
f 1065 1064 1138
f 1065 1138 1137
f 1139 1138 1136
f 1139 1136 1135
f 1135 1136 1131
f 1135 1131 778
f 1137 1138 1139
f 1137 1139 777
f 1129 1130 1125
f 1129 1125 775
f 1131 1132 1133
f 1131 1133 778
f 1133 1132 1130
f 1133 1130 1129
f 911 910 1132
f 911 1132 1131
f 910 1045 1130
f 910 1130 1132
f 1045 1044 1125
f 1045 1125 1130
f 1037 1036 1143
f 1037 1143 1148
f 1125 1126 1127
f 1125 1127 775
f 1044 1043 1126
f 1044 1126 1125
f 1127 1126 1148
f 1127 1148 1147
f 1147 1148 1143
f 1147 1143 776
f 1043 1037 1148
f 1043 1148 1126
f 1117 1118 1113
f 1117 1113 781
f 1119 1120 1121
f 1119 1121 780
f 1121 1120 1118
f 1121 1118 1117
f 1097 1096 1120
f 1097 1120 1119
f 1096 1027 1118
f 1096 1118 1120
f 1027 1026 1113
f 1027 1113 1118
f 1019 1018 1107
f 1019 1107 1112
f 1025 1019 1112
f 1025 1112 1114
f 1026 1025 1114
f 1026 1114 1113
f 1115 1114 1112
f 1115 1112 1111
f 1113 1114 1115
f 1113 1115 781
f 1111 1112 1107
f 1111 1107 782
f 1107 1108 1109
f 1107 1109 782
f 1105 1106 1101
f 1105 1101 779
f 1109 1108 1106
f 1109 1106 1105
f 1018 1017 1108
f 1018 1108 1107
f 1017 862 1106
f 1017 1106 1108
f 862 861 1101
f 862 1101 1106
f 1098 1097 1119
f 1098 1119 1124
f 1101 1102 1103
f 1101 1103 779
f 861 860 1102
f 861 1102 1101
f 1103 1102 1124
f 1103 1124 1123
f 860 1098 1124
f 860 1124 1102
f 1123 1124 1119
f 1123 1119 780
f 1115 1116 781
f 1110 1111 782
f 1122 1123 780
f 1116 1117 781
f 1109 1110 782
f 1121 1122 780
f 1146 1147 776
f 1134 1135 778
f 1139 1140 777
f 1145 1146 776
f 1133 1134 778
f 1140 1141 777
f 1559 1560 677
f 1558 1559 677
f 1557 1558 677
f 1564 1570 1558
f 1564 1558 1557
f 1652 1653 647
f 1651 1652 647
f 1657 1662 1652
f 1657 1652 1651
f 1659 1660 1661
f 1659 1661 662
f 1660 1659 1780
f 1660 1780 1779
f 1657 1658 1659
f 1657 1659 662
f 1669 1670 1671
f 1669 1671 648
f 1672 1671 1793
f 1672 1793 1792
f 1671 1672 1673
f 1671 1673 648
f 2164 2163 1690
f 2164 1690 1689
f 1691 1692 1687
f 1691 1687 576
f 2166 2167 2162
f 2166 2162 575
f 1694 1693 1687
f 1694 1687 1692
f 1689 1690 1691
f 1689 1691 576
f 2162 2163 2164
f 2162 2164 575
f 2116 2115 2167
f 2116 2167 2166
f 1789 1788 1774
f 1789 1774 1773
f 1773 1774 1775
f 1773 1775 661
f 1788 1787 1938
f 1788 1938 1937
f 1787 1788 1789
f 1787 1789 660
f 1859 1858 1929
f 1859 1929 1928
f 1928 1929 1924
f 1928 1924 619
f 1918 1919 1920
f 1918 1920 620
f 1924 1925 1926
f 1924 1926 619
f 1922 1923 1918
f 1922 1918 620
f 1926 1925 1923
f 1926 1923 1922
f 1865 1864 1862
f 1865 1862 1861
f 1861 1862 1857
f 1861 1857 632
f 1857 1858 1859
f 1857 1859 632
f 1863 1864 1865
f 1863 1865 631
f 1998 1999 2000
f 1998 2000 602
f 1999 1998 2012
f 1999 2012 2011
f 1868 1867 1996
f 1868 1996 2001
f 1867 1868 1863
f 1867 1863 631
f 2000 2001 1996
f 2000 1996 602
f 1866 1867 631
f 1865 1866 631
f 1886 1885 1878
f 1886 1878 1877
f 1877 1878 630
f 1878 1879 630
f 1920 1919 1974
f 1920 1974 1973
f 1973 1974 1975
f 1973 1975 613
f 1975 1976 1977
f 1975 1977 613
f 1985 1990 1980
f 1985 1980 1979
f 1980 1981 603
f 1979 1980 603
f 2079 2078 2176
f 2079 2176 2175
f 2078 2079 2080
f 2078 2080 573
f 2118 2119 2114
f 2118 2114 588
f 2114 2115 2116
f 2114 2116 588
f 2122 2121 2119
f 2122 2119 2118
f 2307 2308 531
f 2308 2309 531
f 2313 2318 2308
f 2313 2308 2307
f 2453 2454 532
f 2330 2325 471
f 2452 2453 532
f 2329 2330 471
f 2330 2329 2719
f 2330 2719 2718
f 2430 2431 2432
f 2430 2432 541
f 2765 2764 2431
f 2765 2431 2430
f 2432 2433 2428
f 2432 2428 541
f 2551 2552 2547
f 2551 2547 504
f 2553 2554 2555
f 2553 2555 503
f 2555 2554 2552
f 2555 2552 2551
f 2490 2489 2558
f 2490 2558 2557
f 2557 2558 2553
f 2557 2553 503
f 2547 2548 2549
f 2547 2549 504
f 2488 2489 2490
f 2488 2490 516
f 2496 2495 2493
f 2496 2493 2492
f 2492 2493 2488
f 2492 2488 516
f 2585 2586 2587
f 2585 2587 486
f 2498 2499 2494
f 2498 2494 515
f 2583 2588 2499
f 2583 2499 2498
f 2587 2588 2583
f 2587 2583 486
f 2494 2495 2496
f 2494 2496 515
f 2586 2585 2616
f 2586 2616 2615
f 2497 2498 515
f 2496 2497 515
f 2509 2510 514
f 2515 2514 2509
f 2515 2509 2508
f 2508 2509 514
f 2549 2550 504
f 2618 2623 2550
f 2618 2550 2549
f 2550 2551 504
f 2555 2556 503
f 2556 2557 503
f 2773 2774 2769
f 2773 2769 459
f 2763 2764 2765
f 2763 2765 460
f 2771 2770 2768
f 2771 2768 2767
f 2717 2716 2774
f 2717 2774 2773
f 2769 2770 2771
f 2769 2771 459
f 2767 2768 2763
f 2767 2763 460
f 1354 1353 1413
f 1354 1413 1418
f 2702 2701 2753
f 2702 2753 2752
f 2752 2751 2745
f 2752 2745 2750
f 2704 2703 2697
f 2704 2697 2702
f 2755 2756 2751
f 2755 2751 465
f 2737 2738 2733
f 2737 2733 466
f 2699 2700 2701
f 2699 2701 478
f 2391 2392 2393
f 2391 2393 524
f 2398 2396 2410
f 2398 2410 2408
f 2398 2408 2451
f 2398 2451 2736
f 2398 2736 2754
f 2398 2754 2700
f 2393 2394 2395
f 2393 2395 524
f 2701 2702 2697
f 2701 2697 478
f 2753 2754 2755
f 2753 2755 465
f 2396 2395 2411
f 2396 2411 2410
f 2739 2744 2734
f 2739 2734 2733
f 2399 2398 2700
f 2399 2700 2699
f 2701 2700 2754
f 2701 2754 2753
f 2755 2754 2736
f 2755 2736 2735
f 2751 2756 2746
f 2751 2746 2745
f 2703 2708 2698
f 2703 2698 2697
f 2398 2397 2391
f 2398 2391 2396
f 2735 2736 2737
f 2735 2737 466
f 2697 2698 2699
f 2697 2699 478
f 2702 2752 2750
f 2702 2750 2704
f 2756 2734 2744
f 2756 2744 2746
f 2395 2396 2391
f 2395 2391 524
f 2733 2734 2735
f 2733 2735 466
f 2751 2752 2753
f 2751 2753 465
f 2397 2402 2392
f 2397 2392 2391
f 2740 2739 2733
f 2740 2733 2738
f 2756 2755 2735
f 2756 2735 2734
f 2402 2401 2375
f 2402 2375 2374
f 2394 2393 2371
f 2394 2371 2370
f 2395 2394 2412
f 2395 2412 2411
f 2409 2414 2404
f 2409 2404 2403
f 2407 2408 2403
f 2407 2403 536
f 2399 2400 2401
f 2399 2401 477
f 2372 2392 2402
f 2372 2402 2374
f 2406 2382 2445
f 2406 2445 2447
f 2397 2398 2399
f 2397 2399 477
f 2405 2406 2407
f 2405 2407 536
f 2413 2414 2409
f 2413 2409 523
f 2408 2407 2446
f 2408 2446 2451
f 2393 2392 2372
f 2393 2372 2371
f 2401 2400 2376
f 2401 2376 2375
f 2387 2386 2414
f 2387 2414 2413
f 2406 2405 2383
f 2406 2383 2382
f 2410 2409 2403
f 2410 2403 2408
f 2409 2410 2411
f 2409 2411 523
f 2401 2402 2397
f 2401 2397 477
f 2384 2404 2414
f 2384 2414 2386
f 2394 2370 2388
f 2394 2388 2412
f 2400 2698 2708
f 2400 2708 2376
f 2403 2404 2405
f 2403 2405 536
f 2411 2412 2413
f 2411 2413 523
f 2407 2406 2447
f 2407 2447 2446
f 2405 2404 2384
f 2405 2384 2383
f 2388 2387 2413
f 2388 2413 2412
f 2400 2399 2699
f 2400 2699 2698
f 2450 2451 2446
f 2450 2446 535
f 2738 2449 2443
f 2738 2443 2740
f 2444 2443 2449
f 2444 2449 2448
f 2737 2736 2451
f 2737 2451 2450
f 2448 2449 2450
f 2448 2450 535
f 2446 2447 2448
f 2446 2448 535
f 2738 2737 2450
f 2738 2450 2449
f 2657 2656 2676
f 2657 2676 2675
f 2645 2644 2682
f 2645 2682 2681
f 2665 2664 2674
f 2665 2674 2673
f 2673 2672 2666
f 2673 2666 2671
f 2682 2683 2678
f 2682 2678 491
f 2674 2675 2676
f 2674 2676 479
f 2666 2667 2668
f 2666 2668 492
f 2519 2520 2521
f 2519 2521 510
f 2669 2651 2645
f 2669 2645 2681
f 2653 2667 2677
f 2653 2677 2655
f 2521 2522 2517
f 2521 2517 510
f 2664 2665 2660
f 2664 2660 480
f 2672 2673 2674
f 2672 2674 479
f 2680 2681 2682
f 2680 2682 491
f 2539 2538 2520
f 2539 2520 2519
f 2678 2683 2522
f 2678 2522 2521
f 2664 2663 2675
f 2664 2675 2674
f 2644 2643 2683
f 2644 2683 2682
f 2656 2655 2677
f 2656 2677 2676
f 2668 2667 2653
f 2668 2653 2652
f 2670 2669 2681
f 2670 2681 2680
f 2672 2677 2667
f 2672 2667 2666
f 2523 2528 2518
f 2523 2518 2517
f 2676 2677 2672
f 2676 2672 479
f 2668 2669 2670
f 2668 2670 492
f 2660 2661 2662
f 2660 2662 480
f 2517 2518 2519
f 2517 2519 510
f 2663 2574 2657
f 2663 2657 2675
f 2524 2522 2683
f 2524 2683 2643
f 2662 2663 2664
f 2662 2664 480
f 2670 2671 2666
f 2670 2666 492
f 2678 2679 2680
f 2678 2680 491
f 2524 2523 2517
f 2524 2517 2522
f 2671 2670 2680
f 2671 2680 2679
f 2669 2668 2652
f 2669 2652 2651
f 2663 2662 2575
f 2663 2575 2574
f 2479 2478 2660
f 2479 2660 2665
f 2478 2479 2480
f 2478 2480 521
f 2477 2475 2576
f 2477 2576 2661
f 2480 2481 2476
f 2480 2476 521
f 2462 2461 2538
f 2462 2538 2537
f 2662 2661 2576
f 2662 2576 2575
f 2478 2477 2661
f 2478 2661 2660
f 2476 2481 2471
f 2476 2471 2470
f 2476 2477 2478
f 2476 2478 521
f 2671 2679 2520
f 2671 2520 2538
f 2671 2538 2461
f 2671 2461 2479
f 2671 2479 2665
f 2671 2665 2673
f 2477 2476 2470
f 2477 2470 2475
f 2679 2678 2521
f 2679 2521 2520
f 2540 2539 2519
f 2540 2519 2518
f 2536 2535 2529
f 2536 2529 2534
f 2539 2540 2535
f 2539 2535 509
f 2460 2461 2462
f 2460 2462 522
f 2463 2536 2534
f 2463 2534 2465
f 2458 2459 2460
f 2458 2460 522
f 2537 2538 2539
f 2537 2539 509
f 2535 2540 2530
f 2535 2530 2529
f 2480 2479 2461
f 2480 2461 2460
f 2464 2469 2459
f 2464 2459 2458
f 2462 2463 2458
f 2462 2458 522
f 2540 2518 2528
f 2540 2528 2530
f 2481 2459 2469
f 2481 2469 2471
f 2535 2536 2537
f 2535 2537 509
f 2465 2464 2458
f 2465 2458 2463
f 2481 2480 2460
f 2481 2460 2459
f 2463 2462 2537
f 2463 2537 2536
f 2088 2087 2159
f 2088 2159 2158
f 2106 2105 2087
f 2106 2087 2086
f 1727 1726 1762
f 1727 1762 1761
f 2090 2095 2085
f 2090 2085 2084
f 1825 1824 1818
f 1825 1818 1817
f 1749 1748 1740
f 1749 1740 1739
f 1751 1750 1768
f 1751 1768 1767
f 1753 1758 1748
f 1753 1748 1747
f 2104 2105 2106
f 2104 2106 593
f 2084 2085 2086
f 2084 2086 594
f 1767 1768 1769
f 1767 1769 651
f 1759 1760 1761
f 1759 1761 582
f 1751 1752 1747
f 1751 1747 652
f 1740 1748 1758
f 1740 1758 1742
f 2161 1762 1726
f 2161 1726 2151
f 2107 2085 2095
f 2107 2095 2097
f 1770 1730 1728
f 1770 1728 1760
f 1754 1752 1766
f 1754 1766 1764
f 1754 1764 2159
f 1754 2159 2087
f 1754 2087 2105
f 1754 2105 1822
f 1753 1754 1755
f 1753 1755 639
f 1761 1762 1763
f 1761 1763 582
f 1769 1770 1765
f 1769 1765 651
f 1825 1826 1821
f 1825 1821 640
f 2102 2103 2104
f 2102 2104 593
f 2156 2157 2158
f 2156 2158 581
f 1754 1753 1747
f 1754 1747 1752
f 1752 1751 1767
f 1752 1767 1766
f 1750 1749 1739
f 1750 1739 1738
f 1826 1825 1817
f 1826 1817 1816
f 2091 2090 2084
f 2091 2084 2089
f 1728 1727 1761
f 1728 1761 1760
f 2107 2106 2086
f 2107 2086 2085
f 2089 2088 2158
f 2089 2158 2157
f 1824 1823 2104
f 1824 2104 2103
f 2161 2160 1763
f 2161 1763 1762
f 2157 2156 2150
f 2157 2150 2155
f 2103 2102 2096
f 2103 2096 2101
f 1744 1743 1757
f 1744 1757 1756
f 1732 1731 1769
f 1732 1769 1768
f 1822 1821 1755
f 1822 1755 1754
f 1766 1765 1759
f 1766 1759 1764
f 2160 2161 2156
f 2160 2156 581
f 2106 2107 2102
f 2106 2102 593
f 2086 2087 2088
f 2086 2088 594
f 1821 1822 1823
f 1821 1823 640
f 1765 1766 1767
f 1765 1767 651
f 1757 1758 1753
f 1757 1753 639
f 1749 1750 1751
f 1749 1751 652
f 1824 2103 2101
f 1824 2101 1818
f 1826 1816 1744
f 1826 1744 1756
f 2089 2157 2155
f 2089 2155 2091
f 1750 1738 1732
f 1750 1732 1768
f 1747 1748 1749
f 1747 1749 652
f 1755 1756 1757
f 1755 1757 639
f 1763 1764 1759
f 1763 1759 582
f 1823 1824 1825
f 1823 1825 640
f 2088 2089 2084
f 2088 2084 594
f 2158 2159 2160
f 2158 2160 581
f 1765 1770 1760
f 1765 1760 1759
f 1821 1826 1756
f 1821 1756 1755
f 1731 1730 1770
f 1731 1770 1769
f 1743 1742 1758
f 1743 1758 1757
f 2102 2107 2097
f 2102 2097 2096
f 2156 2161 2151
f 2156 2151 2150
f 2160 2159 1764
f 2160 1764 1763
f 1823 1822 2105
f 1823 2105 2104
f 2052 2051 2043
f 2052 2043 2042
f 2056 2061 2051
f 2056 2051 2050
f 2054 2055 2050
f 2054 2050 608
f 1957 1958 1959
f 1957 1959 596
f 2043 2051 2061
f 2043 2061 2045
f 1959 1960 1955
f 1959 1955 596
f 2056 2057 2058
f 2056 2058 595
f 2057 2056 2050
f 2057 2050 2055
f 1958 1957 2036
f 1958 2036 2035
f 2047 2046 2060
f 2047 2060 2059
f 1960 1959 2058
f 1960 2058 2057
f 2060 2061 2056
f 2060 2056 595
f 2052 2053 2054
f 2052 2054 608
f 1955 1956 1957
f 1955 1957 596
f 1958 2035 2047
f 1958 2047 2059
f 2050 2051 2052
f 2050 2052 608
f 2058 2059 2060
f 2058 2060 595
f 1959 1958 2059
f 1959 2059 2058
f 2046 2045 2061
f 2046 2061 2060
f 1963 1962 1954
f 1963 1954 1953
f 1953 1954 1949
f 1953 1949 607
f 2053 2041 1964
f 2053 1964 1952
f 2053 2052 2042
f 2053 2042 2041
f 1964 1963 1953
f 1964 1953 1952
f 1951 1952 1953
f 1951 1953 607
f 1949 1950 1951
f 1949 1951 607
f 2054 2053 1952
f 2054 1952 1951
f 1957 1956 2037
f 1957 2037 2036
f 1831 1830 1909
f 1831 1909 1908
f 1845 1850 1840
f 1845 1840 1839
f 1846 1844 2037
f 1846 2037 1956
f 1845 1846 1847
f 1845 1847 637
f 1846 1845 1839
f 1846 1839 1844
f 2055 2054 1951
f 2055 1951 1950
f 1956 1955 1847
f 1956 1847 1846
f 1849 1850 1845
f 1849 1845 637
f 2055 1950 1891
f 2055 1891 1909
f 2055 1909 1830
f 2055 1830 1848
f 2055 1848 1960
f 2055 1960 2057
f 1847 1848 1849
f 1847 1849 637
f 1892 1891 1950
f 1892 1950 1949
f 1955 1960 1848
f 1955 1848 1847
f 1849 1848 1830
f 1849 1830 1829
f 1833 1838 1828
f 1833 1828 1827
f 1831 1832 1827
f 1831 1827 638
f 1832 1907 1905
f 1832 1905 1834
f 1829 1830 1831
f 1829 1831 638
f 1910 1911 1906
f 1910 1906 625
f 1907 1906 1900
f 1907 1900 1905
f 1832 1831 1908
f 1832 1908 1907
f 1911 1910 1890
f 1911 1890 1889
f 1834 1833 1827
f 1834 1827 1832
f 1906 1907 1908
f 1906 1908 625
f 1911 1889 1899
f 1911 1899 1901
f 1827 1828 1829
f 1827 1829 638
f 1908 1909 1910
f 1908 1910 625
f 1906 1911 1901
f 1906 1901 1900
f 1894 1899 1889
f 1894 1889 1888
f 1895 1893 1954
f 1895 1954 1962
f 1892 1893 1888
f 1892 1888 626
f 1893 1892 1949
f 1893 1949 1954
f 1895 1894 1888
f 1895 1888 1893
f 1888 1889 1890
f 1888 1890 626
f 1890 1891 1892
f 1890 1892 626
f 1910 1909 1891
f 1910 1891 1890
f 1850 1828 1838
f 1850 1838 1840
f 1850 1849 1829
f 1850 1829 1828
f 2445 2444 2448
f 2445 2448 2447
f 2440 2441 537
f 2444 2445 2440
f 2444 2440 537
f 2741 2740 2443
f 2741 2443 2442
f 2441 2442 537
f 2442 2443 2444
f 2442 2444 537
f 2780 2779 2759
f 2780 2759 2758
f 2716 2715 2709
f 2716 2709 2714
f 2709 2710 2711
f 2709 2711 474
f 2714 2776 2774
f 2714 2774 2716
f 2775 2776 2777
f 2775 2777 461
f 2775 2780 2770
f 2775 2770 2769
f 2715 2720 2710
f 2715 2710 2709
f 2713 2714 2709
f 2713 2709 474
f 2780 2758 2768
f 2780 2768 2770
f 2779 2780 2775
f 2779 2775 461
f 2776 2775 2769
f 2776 2769 2774
f 2714 2713 2777
f 2714 2777 2776
f 2432 2431 2437
f 2432 2437 2436
f 2762 2437 2431
f 2762 2431 2764
f 2762 2761 2438
f 2762 2438 2437
f 2366 2365 2327
f 2366 2327 2326
f 2358 2357 2323
f 2358 2323 2322
f 2359 2358 2352
f 2359 2352 2351
f 2361 2366 2356
f 2361 2356 2355
f 2363 2364 2365
f 2363 2365 473
f 2351 2352 2353
f 2351 2353 527
f 2324 2356 2366
f 2324 2366 2326
f 2346 2334 2433
f 2346 2433 2435
f 2353 2354 2349
f 2353 2349 527
f 2365 2366 2361
f 2365 2361 473
f 2346 2345 2335
f 2346 2335 2334
f 2339 2338 2354
f 2339 2354 2353
f 2365 2364 2328
f 2365 2328 2327
f 2357 2356 2324
f 2357 2324 2323
f 2434 2435 2436
f 2434 2436 539
f 2357 2358 2359
f 2357 2359 528
f 2336 2344 2354
f 2336 2354 2338
f 2358 2322 2340
f 2358 2340 2352
f 2364 2710 2720
f 2364 2720 2328
f 2355 2356 2357
f 2355 2357 528
f 2436 2437 2438
f 2436 2438 539
f 2347 2346 2435
f 2347 2435 2434
f 2345 2344 2336
f 2345 2336 2335
f 2340 2339 2353
f 2340 2353 2352
f 2364 2363 2711
f 2364 2711 2710
f 2742 2741 2442
f 2742 2442 2441
f 2381 2380 2441
f 2381 2441 2440
f 2348 2343 540
f 2348 2439 2441
f 2348 2441 2380
f 2748 2742 2760
f 2748 2760 2778
f 2438 2439 539
f 2348 2347 2434
f 2348 2434 2439
f 2761 2760 2439
f 2761 2439 2438
f 2350 2349 2343
f 2350 2343 2348
f 2347 2348 540
f 2742 2441 2439
f 2742 2439 2760
f 2350 2348 2380
f 2350 2380 2390
f 2439 2434 539
f 2748 2747 2743
f 2748 2743 2742
f 2378 2377 2707
f 2378 2707 2706
f 2385 2390 2380
f 2385 2380 2379
f 2712 2713 474
f 2385 2386 2387
f 2385 2387 525
f 2379 2380 538
f 2373 2374 2375
f 2373 2375 475
f 2367 2368 526
f 2359 2360 528
f 2362 2360 2368
f 2362 2368 2378
f 2360 2355 528
f 2368 2369 526
f 2375 2376 2377
f 2375 2377 475
f 2380 2381 538
f 2387 2388 2389
f 2387 2389 525
f 2711 2712 474
f 2374 2373 2367
f 2374 2367 2372
f 2382 2381 2440
f 2382 2440 2445
f 2370 2369 2389
f 2370 2389 2388
f 2363 2362 2712
f 2363 2712 2711
f 2377 2376 2708
f 2377 2708 2707
f 2360 2359 2351
f 2360 2351 2350
f 2386 2385 2379
f 2386 2379 2384
f 2362 2361 2355
f 2362 2355 2360
f 2390 2385 525
f 2383 2384 2379
f 2383 2379 538
f 2378 2373 475
f 2371 2372 2367
f 2371 2367 526
f 2362 2363 473
f 2378 2706 2712
f 2378 2712 2362
f 2360 2350 2390
f 2360 2390 2368
f 2361 2362 473
f 2369 2370 2371
f 2369 2371 526
f 2377 2378 475
f 2381 2382 2383
f 2381 2383 538
f 2389 2390 525
f 2373 2378 2368
f 2373 2368 2367
f 2369 2368 2390
f 2369 2390 2389
f 2777 2778 461
f 2706 2707 476
f 2706 2748 2778
f 2706 2778 2712
f 2707 2708 2703
f 2707 2703 476
f 2778 2779 461
f 2713 2712 2778
f 2713 2778 2777
f 2779 2778 2760
f 2779 2760 2759
f 2759 2760 462
f 2705 2706 476
f 2703 2704 2705
f 2703 2705 476
f 2760 2761 462
f 2706 2705 2749
f 2706 2749 2748
f 2655 2654 2648
f 2655 2648 2653
f 2659 2654 481
f 2652 2653 2648
f 2652 2648 494
f 2647 2642 493
f 2642 2643 2644
f 2642 2644 493
f 2648 2649 494
f 2654 2655 2656
f 2654 2656 481
f 2654 2659 2649
f 2654 2649 2648
f 2650 2649 2647
f 2650 2647 2646
f 2658 2659 481
f 2650 2651 2652
f 2650 2652 494
f 2646 2647 493
f 2644 2645 2646
f 2644 2646 493
f 2649 2650 494
f 2656 2657 2658
f 2656 2658 481
f 2643 2642 2525
f 2643 2525 2524
f 2651 2650 2646
f 2651 2646 2645
f 2582 2631 2659
f 2582 2659 2572
f 2573 2572 2659
f 2573 2659 2658
f 2615 2614 2634
f 2615 2634 2633
f 2621 2620 2640
f 2621 2640 2639
f 2548 2547 2541
f 2548 2541 2546
f 2632 2633 2634
f 2632 2634 483
f 2577 2578 2579
f 2577 2579 484
f 2611 2625 2635
f 2611 2635 2613
f 2627 2609 2621
f 2627 2621 2639
f 2541 2542 2543
f 2541 2543 506
f 2626 2627 2628
f 2626 2628 496
f 2640 2641 2636
f 2640 2636 495
f 2630 2635 2625
f 2630 2625 2624
f 2628 2627 2639
f 2628 2639 2638
f 2626 2625 2611
f 2626 2611 2610
f 2614 2613 2635
f 2614 2635 2634
f 2620 2619 2641
f 2620 2641 2640
f 2581 2580 2633
f 2581 2633 2632
f 2636 2641 2546
f 2636 2546 2545
f 2547 2552 2542
f 2547 2542 2541
f 2634 2635 2630
f 2634 2630 483
f 2579 2580 2581
f 2579 2581 484
f 2548 2546 2641
f 2548 2641 2619
f 2580 2586 2615
f 2580 2615 2633
f 2545 2546 2541
f 2545 2541 506
f 2624 2625 2626
f 2624 2626 496
f 2638 2639 2640
f 2638 2640 495
f 2627 2626 2610
f 2627 2610 2609
f 2580 2579 2587
f 2580 2587 2586
f 2582 2581 2632
f 2582 2632 2631
f 2637 2636 2545
f 2637 2545 2544
f 2572 2571 2474
f 2572 2474 2473
f 2636 2637 495
f 2628 2629 496
f 2532 2526 2544
f 2532 2544 2562
f 2631 2629 2649
f 2631 2649 2659
f 2572 2473 2503
f 2572 2503 2582
f 2629 2624 496
f 2637 2638 495
f 2631 2632 483
f 2582 2577 484
f 2629 2637 2647
f 2629 2647 2649
f 2637 2544 2526
f 2637 2526 2647
f 2581 2582 484
f 2630 2631 483
f 2532 2531 2527
f 2532 2527 2526
f 2631 2630 2624
f 2631 2624 2629
f 2629 2628 2638
f 2629 2638 2637
f 2573 2574 2575
f 2573 2575 482
f 2474 2475 2470
f 2474 2470 519
f 2470 2471 2472
f 2470 2472 519
f 2572 2573 482
f 2571 2576 2475
f 2571 2475 2474
f 2575 2576 2571
f 2575 2571 482
f 2473 2474 519
f 2472 2473 519
f 2571 2572 482
f 2574 2573 2658
f 2574 2658 2657
f 2501 2500 2494
f 2501 2494 2499
f 2500 2505 2495
f 2500 2495 2494
f 2579 2578 2588
f 2579 2588 2587
f 2501 2499 2588
f 2501 2588 2578
f 2578 2577 2502
f 2578 2502 2501
f 2487 2486 2561
f 2487 2561 2560
f 2560 2559 2553
f 2560 2553 2558
f 2559 2560 2561
f 2559 2561 505
f 2482 2483 2484
f 2482 2484 518
f 2564 2542 2552
f 2564 2552 2554
f 2488 2493 2483
f 2488 2483 2482
f 2559 2564 2554
f 2559 2554 2553
f 2563 2564 2559
f 2563 2559 505
f 2487 2560 2558
f 2487 2558 2489
f 2486 2487 2482
f 2486 2482 518
f 2489 2488 2482
f 2489 2482 2487
f 2564 2563 2543
f 2564 2543 2542
f 2467 2466 2533
f 2467 2533 2532
f 2562 2563 505
f 2467 2468 520
f 2467 2532 2562
f 2467 2562 2485
f 2466 2467 520
f 2544 2545 506
f 2472 2471 2469
f 2472 2469 2468
f 2486 2485 2562
f 2486 2562 2561
f 2563 2562 2544
f 2563 2544 2543
f 2561 2562 505
f 2468 2469 2464
f 2468 2464 520
f 2473 2467 2485
f 2473 2485 2503
f 2464 2465 2466
f 2464 2466 520
f 2543 2544 506
f 2473 2472 2468
f 2473 2468 2467
f 2504 2505 2500
f 2504 2500 517
f 2505 2483 2493
f 2505 2493 2495
f 2500 2501 2502
f 2500 2502 517
f 2505 2504 2484
f 2505 2484 2483
f 2168 2173 2163
f 2168 2163 2162
f 2114 2119 2109
f 2114 2109 2108
f 2168 2169 2170
f 2168 2170 577
f 1722 1694 1692
f 1722 1692 1712
f 2173 1714 1690
f 2173 1690 2163
f 2172 2173 2168
f 2172 2168 577
f 1692 1691 1713
f 1692 1713 1712
f 2173 2172 1715
f 2173 1715 1714
f 2113 2112 2170
f 2113 2170 2169
f 2169 2168 2162
f 2169 2162 2167
f 2115 2114 2108
f 2115 2108 2113
f 2112 2113 2108
f 2112 2108 590
f 2113 2169 2167
f 2113 2167 2115
f 2108 2109 2110
f 2108 2110 590
f 1695 1694 1722
f 1695 1722 1721
f 1691 1690 1714
f 1691 1714 1713
f 2172 2171 1716
f 2172 1716 1715
f 2171 2172 577
f 2092 2093 592
f 2099 2093 2111
f 2099 2111 2129
f 1716 1711 578
f 2093 2094 592
f 1718 1717 1711
f 1718 1711 1716
f 2093 2092 2154
f 2093 2154 2153
f 2099 2098 2094
f 2099 2094 2093
f 2170 2171 577
f 2090 2091 2092
f 2090 2092 592
f 2093 2153 2171
f 2093 2171 2111
f 1715 1716 578
f 2094 2095 2090
f 2094 2090 592
f 2098 2097 2095
f 2098 2095 2094
f 2112 2111 2171
f 2112 2171 2170
f 1811 1810 2129
f 1811 2129 2128
f 2092 2091 2155
f 2092 2155 2154
f 2130 2129 2111
f 2130 2111 2110
f 1737 1736 1734
f 1737 1734 1733
f 1729 1734 1724
f 1729 1724 1723
f 2152 2153 579
f 2111 2112 590
f 2098 2099 591
f 1817 1818 1819
f 1817 1819 642
f 1745 1746 641
f 1737 1738 1739
f 1737 1739 654
f 1733 1734 653
f 1725 1726 1727
f 1725 1727 580
f 1717 1718 655
f 1718 1716 1724
f 1718 1724 1734
f 1810 1706 1746
f 1810 1746 1820
f 1704 1718 1734
f 1704 1734 1736
f 1703 1704 656
f 1724 1725 580
f 1731 1732 1733
f 1731 1733 653
f 1736 1737 654
f 1743 1744 1745
f 1743 1745 641
f 1809 1810 644
f 1819 1820 642
f 2099 2100 591
f 2129 2130 589
f 2153 2154 579
f 1730 1729 1723
f 1730 1723 1728
f 1704 1703 1719
f 1704 1719 1718
f 1810 1809 1707
f 1810 1707 1706
f 2153 2152 1725
f 2153 1725 1724
f 1820 1819 2100
f 1820 2100 2099
f 1816 1815 1745
f 1816 1745 1744
f 1738 1737 1733
f 1738 1733 1732
f 1742 1741 1735
f 1742 1735 1740
f 1706 1705 1699
f 1706 1699 1704
f 2150 2151 2152
f 2150 2152 579
f 2110 2111 590
f 2096 2097 2098
f 2096 2098 591
f 1815 1816 1817
f 1815 1817 642
f 1746 1741 641
f 1739 1740 1735
f 1739 1735 654
f 1734 1729 653
f 1727 1728 1723
f 1727 1723 580
f 1718 1719 655
f 1820 2099 2129
f 1820 2129 1810
f 2153 1724 1716
f 2153 1716 2171
f 1706 1704 1736
f 1706 1736 1746
f 1704 1699 656
f 1723 1724 580
f 1729 1730 1731
f 1729 1731 653
f 1735 1736 654
f 1741 1742 1743
f 1741 1743 641
f 1810 1811 644
f 1820 1815 642
f 2100 2101 2096
f 2100 2096 591
f 2128 2129 589
f 2154 2155 2150
f 2154 2150 579
f 1741 1746 1736
f 1741 1736 1735
f 1815 1820 1746
f 1815 1746 1745
f 2152 2151 1726
f 2152 1726 1725
f 1819 1818 2101
f 1819 2101 2100
f 1683 1682 1710
f 1683 1710 1709
f 1701 1700 1680
f 1701 1680 1679
f 1703 1702 1720
f 1703 1720 1719
f 1705 1710 1700
f 1705 1700 1699
f 1813 1814 1809
f 1813 1809 644
f 1711 1712 1713
f 1711 1713 578
f 1701 1702 1703
f 1701 1703 656
f 2131 2109 2119
f 2131 2119 2121
f 1812 2127 2125
f 1812 2125 1806
f 1699 1700 1701
f 1699 1701 656
f 1713 1714 1715
f 1713 1715 578
f 1811 1812 1813
f 1811 1813 644
f 1702 1701 1679
f 1702 1679 1678
f 1814 1813 1805
f 1814 1805 1804
f 2127 2126 2120
f 2127 2120 2125
f 1812 1811 2128
f 1812 2128 2127
f 2131 2130 2110
f 2131 2110 2109
f 1684 1683 1709
f 1684 1709 1708
f 1696 1695 1721
f 1696 1721 1720
f 2126 2127 2128
f 2126 2128 589
f 1721 1722 1717
f 1721 1717 655
f 1709 1710 1705
f 1709 1705 643
f 1680 1700 1710
f 1680 1710 1682
f 1814 1804 1684
f 1814 1684 1708
f 1702 1678 1696
f 1702 1696 1720
f 1707 1708 1709
f 1707 1709 643
f 1719 1720 1721
f 1719 1721 655
f 2130 2131 2126
f 2130 2126 589
f 1717 1722 1712
f 1717 1712 1711
f 1809 1814 1708
f 1809 1708 1707
f 1813 1812 1806
f 1813 1806 1805
f 2126 2131 2121
f 2126 2121 2120
f 2044 2049 2039
f 2044 2039 2038
f 2044 2045 2046
f 2044 2046 597
f 2038 2039 610
f 2042 2043 2038
f 2042 2038 610
f 2049 2044 597
f 2045 2044 2038
f 2045 2038 2043
f 2046 2047 2048
f 2046 2048 597
f 2039 2040 610
f 2040 2041 2042
f 2040 2042 610
f 2048 2049 597
f 2034 2033 2049
f 2034 2049 2048
f 2033 2034 598
f 1841 1842 635
f 1839 1840 1841
f 1839 1841 635
f 2032 2033 598
f 1844 1843 2032
f 1844 2032 2037
f 2035 2034 2048
f 2035 2048 2047
f 2031 2030 2022
f 2031 2022 2021
f 2034 2035 2036
f 2034 2036 598
f 1842 1843 635
f 2031 2021 2049
f 2031 2049 2033
f 1843 1844 1839
f 1843 1839 635
f 2036 2037 2032
f 2036 2032 598
f 2016 2015 2007
f 2016 2007 2006
f 2020 2025 2015
f 2020 2015 2014
f 2024 2025 2020
f 2024 2020 599
f 2029 1999 2011
f 2029 2011 2023
f 2016 2017 2018
f 2016 2018 612
f 2026 2027 2028
f 2026 2028 600
f 2011 2010 2024
f 2011 2024 2023
f 2029 2028 2000
f 2029 2000 1999
f 2022 2023 2024
f 2022 2024 599
f 2007 2015 2025
f 2007 2025 2009
f 2014 2015 2016
f 2014 2016 612
f 2028 2029 2030
f 2028 2030 600
f 2030 2029 2023
f 2030 2023 2022
f 2010 2009 2025
f 2010 2025 2024
f 2041 2040 1965
f 2041 1965 1964
f 2019 2018 1969
f 2019 1969 1968
f 1896 1895 1962
f 1896 1962 1961
f 1967 1968 611
f 1961 1962 1963
f 1961 1963 609
f 1894 1895 1896
f 1894 1896 624
f 2021 2019 2039
f 2021 2039 2049
f 1897 1966 1968
f 1897 1968 1915
f 1898 1899 1894
f 1898 1894 624
f 1966 1961 609
f 1903 1902 1898
f 1903 1898 1897
f 1897 1896 1961
f 1897 1961 1966
f 1968 1969 611
f 1963 1964 1965
f 1963 1965 609
f 1896 1897 624
f 2019 1968 1966
f 2019 1966 2039
f 1903 1897 1915
f 1903 1915 1933
f 1897 1898 624
f 1965 1966 609
f 1902 1901 1899
f 1902 1899 1898
f 1916 1915 1968
f 1916 1968 1967
f 2040 2039 1966
f 2040 1966 1965
f 1969 1970 1971
f 1969 1971 611
f 1971 1972 1967
f 1971 1967 611
f 2017 2016 2006
f 2017 2006 2005
f 1976 1975 1971
f 1976 1971 1970
f 2018 2017 1970
f 2018 1970 1969
f 2017 2005 1976
f 2017 1976 1970
f 1975 1974 1972
f 1975 1972 1971
f 1930 1935 1925
f 1930 1925 1924
f 1934 1935 1930
f 1934 1930 621
f 1851 1852 1853
f 1851 1853 634
f 1935 1913 1923
f 1935 1923 1925
f 1858 1857 1851
f 1858 1851 1856
f 1935 1934 1914
f 1935 1914 1913
f 1856 1855 1932
f 1856 1932 1931
f 1931 1930 1924
f 1931 1924 1929
f 1930 1931 1932
f 1930 1932 621
f 1856 1931 1929
f 1856 1929 1858
f 1855 1856 1851
f 1855 1851 634
f 1857 1862 1852
f 1857 1852 1851
f 1912 1913 1914
f 1912 1914 622
f 1916 1917 1912
f 1916 1912 622
f 1917 1916 1967
f 1917 1967 1972
f 1919 1918 1912
f 1919 1912 1917
f 1919 1917 1972
f 1919 1972 1974
f 1918 1923 1913
f 1918 1913 1912
f 1871 1870 2027
f 1871 2027 2026
f 1870 1868 2001
f 1870 2001 2027
f 1870 1869 1863
f 1870 1863 1868
f 1869 1874 1864
f 1869 1864 1863
f 2028 2027 2001
f 2028 2001 2000
f 1843 1842 2033
f 1843 2033 2032
f 1872 2031 2033
f 1872 2033 1842
f 1855 1854 1933
f 1855 1933 1932
f 1841 1840 1838
f 1841 1838 1837
f 1915 1916 622
f 1835 1836 636
f 1836 1903 1933
f 1836 1933 1854
f 1836 1837 636
f 1933 1934 621
f 1836 1835 1904
f 1836 1904 1903
f 1842 1841 1837
f 1842 1837 1836
f 1914 1915 622
f 1833 1834 1835
f 1833 1835 636
f 1842 1836 1854
f 1842 1854 1872
f 1837 1838 1833
f 1837 1833 636
f 1932 1933 621
f 1934 1933 1915
f 1934 1915 1914
f 1869 1870 1871
f 1869 1871 633
f 1874 1873 1853
f 1874 1853 1852
f 1874 1852 1862
f 1874 1862 1864
f 1873 1874 1869
f 1873 1869 633
f 1705 1706 643
f 1706 1707 643
f 1835 1834 1905
f 1835 1905 1904
f 1902 1903 623
f 1903 1904 623
f 1900 1901 1902
f 1900 1902 623
f 1904 1905 1900
f 1904 1900 623
f 1873 1872 1854
f 1873 1854 1853
f 1854 1855 634
f 1853 1854 634
f 1871 1872 633
f 1872 1871 2026
f 1872 2026 2031
f 1872 1873 633
f 2031 2026 600
f 2019 2014 612
f 2020 2021 599
f 2021 2020 2014
f 2021 2014 2019
f 2030 2031 600
f 2018 2019 612
f 2021 2022 599
f 2349 2354 2344
f 2349 2344 2343
f 2343 2344 2345
f 2343 2345 540
f 2345 2346 2347
f 2345 2347 540
f 2350 2351 527
f 2349 2350 527
f 2757 2758 2759
f 2757 2759 462
f 2433 2432 2436
f 2433 2436 2435
f 2763 2768 2758
f 2763 2758 2757
f 2761 2762 2757
f 2761 2757 462
f 2764 2763 2757
f 2764 2757 2762
f 2529 2530 2531
f 2529 2531 507
f 2533 2534 2529
f 2533 2529 507
f 2466 2465 2534
f 2466 2534 2533
f 2531 2532 507
f 2532 2533 507
f 2485 2486 518
f 2504 2503 2485
f 2504 2485 2484
f 2484 2485 518
f 2503 2504 517
f 2577 2582 2503
f 2577 2503 2502
f 2502 2503 517
f 2527 2528 2523
f 2527 2523 508
f 2523 2524 2525
f 2523 2525 508
f 2531 2530 2528
f 2531 2528 2527
f 2642 2647 2526
f 2642 2526 2525
f 2526 2527 508
f 2525 2526 508
f 2745 2746 2747
f 2745 2747 463
f 2739 2740 2741
f 2739 2741 464
f 2743 2744 2739
f 2743 2739 464
f 2749 2750 2745
f 2749 2745 463
f 2705 2704 2750
f 2705 2750 2749
f 2747 2746 2744
f 2747 2744 2743
f 2747 2748 463
f 2741 2742 464
f 2742 2743 464
f 2748 2749 463
f 970 969 791
f 970 791 1030
f 835 834 872
f 835 872 799
f 1075 1076 1077
f 1075 1077 802
f 970 965 811
f 854 871 872
f 854 872 834
f 1013 972 970
f 1013 970 1030
f 1030 1088 870
f 1030 870 1013
f 969 970 811
f 1087 1088 794
f 973 972 1013
f 973 1013 792
f 1089 1088 1030
f 1089 1030 791
f 792 1013 870
f 792 870 869
f 1077 1076 1088
f 1077 1088 1087
f 961 960 972
f 961 972 971
f 971 972 814
f 952 947 822
f 872 871 870
f 872 870 1088
f 872 1088 1076
f 952 970 972
f 952 972 960
f 951 952 822
f 972 973 814
f 1088 1089 794
f 952 951 965
f 952 965 970
f 1076 1075 799
f 1076 799 872
f 1511 1516 1510
f 1511 1510 690
f 691 1502 1494
f 691 1494 1493
f 1483 1488 1482
f 1483 1482 694
f 1491 1492 1493
f 1491 1493 692
f 1483 1484 1485
f 1483 1485 693
f 1510 1516 1522
f 1510 1522 1479
f 1485 1486 1487
f 1485 1487 693
f 1493 1494 1489
f 1493 1489 692
f 1484 1483 694
f 1484 694 1481
f 1501 691 1493
f 1501 1493 1492
f 1512 1511 690
f 1512 690 1509
f 1480 687 1521
f 1480 1521 1520
f 1509 690 691
f 1509 691 1501
f 1490 1489 1487
f 1490 1487 1486
f 1481 694 687
f 1481 687 1480
f 1489 1490 1491
f 1489 1491 692
f 1479 1482 1502
f 1479 1502 1510
f 1482 1488 1494
f 1482 1494 1502
f 1487 1488 1483
f 1487 1483 693
f 694 1482 1479
f 694 1479 687
f 1489 1494 1488
f 1489 1488 1487
f 690 1510 1502
f 690 1502 691
f 687 1479 1522
f 687 1522 1521
f 1517 1522 1516
f 1517 1516 1515
f 1517 1518 1519
f 1517 1519 688
f 1511 1512 1513
f 1511 1513 689
f 1519 1520 1521
f 1519 1521 688
f 1518 1517 1515
f 1518 1515 1514
f 1515 1516 1511
f 1515 1511 689
f 1513 1514 1515
f 1513 1515 689
f 1521 1522 1517
f 1521 1517 688
f 1376 1377 737
f 1392 1394 1396
f 1392 1396 1398
f 1392 1398 1400
f 1392 1400 1376
f 1392 1376 1335
f 1392 1335 1402
f 1392 1402 1404
f 1392 1404 1406
f 1392 1406 1408
f 1392 1408 1410
f 1392 1410 1299
f 1392 1299 1362
f 1392 1362 1412
f 1392 1412 1389
f 1375 1376 737
f 741 1394 1392
f 741 1392 742
f 739 1398 1396
f 739 1396 740
f 1377 1376 1400
f 1377 1400 738
f 734 1404 1402
f 734 1402 735
f 732 1408 1406
f 732 1406 733
f 1300 1299 1410
f 1300 1410 731
f 727 1389 1412
f 727 1412 728
f 728 1412 1362
f 728 1362 1361
f 731 1410 1408
f 731 1408 732
f 733 1406 1404
f 733 1404 734
f 735 1402 1335
f 735 1335 1334
f 738 1400 1398
f 738 1398 739
f 740 1396 1394
f 740 1394 741
f 742 1392 1389
f 742 1389 727
f 1362 1357 729
f 1361 1362 729
f 996 997 810
f 901 902 796
f 1031 996 994
f 1031 994 1048
f 942 952 960
f 942 960 958
f 902 903 796
f 995 996 810
f 903 902 1048
f 903 1048 797
f 943 942 996
f 943 996 995
f 993 994 807
f 900 901 796
f 1074 1031 1048
f 1074 1048 902
f 958 994 996
f 958 996 942
f 994 989 807
f 994 993 797
f 994 797 1048
f 712 1450 1448
f 712 1448 713
f 714 1446 1444
f 714 1444 715
f 716 1442 1327
f 716 1327 1326
f 720 1431 1429
f 720 1429 721
f 722 1427 1425
f 722 1425 723
f 724 1423 1419
f 724 1419 725
f 1409 731 732
f 1409 732 1407
f 1405 733 734
f 1405 734 1403
f 1401 735 1334
f 1401 1334 1333
f 1399 1434 1433
f 1399 1433 1384
f 1399 1384 1378
f 1409 1407 1448
f 1409 1448 1450
f 1407 1405 1446
f 1407 1446 1448
f 1300 1301 1302
f 1300 1302 730
f 1379 1378 1384
f 1379 1384 1383
f 1422 724 725
f 1422 725 1421
f 1426 722 723
f 1426 723 1424
f 1430 720 721
f 1430 721 1428
f 1441 716 1326
f 1441 1326 1325
f 1445 714 715
f 1445 715 1443
f 1449 712 713
f 1449 713 1447
f 1309 1308 712
f 1309 712 1449
f 1447 713 714
f 1447 714 1445
f 1443 715 716
f 1443 716 1441
f 1432 719 720
f 1432 720 1430
f 1428 721 722
f 1428 722 1426
f 1424 723 724
f 1424 724 1422
f 1302 1301 1307
f 1302 1307 1306
f 1432 1433 719
f 1403 1401 1442
f 1403 1442 1444
f 1301 1409 1450
f 1301 1450 1307
f 1405 1403 1444
f 1405 1444 1446
f 1433 1434 719
f 1403 734 735
f 1403 735 1401
f 1407 732 733
f 1407 733 1405
f 1301 1300 731
f 1301 731 1409
f 723 1425 1423
f 723 1423 724
f 721 1429 1427
f 721 1427 722
f 719 1434 1431
f 719 1431 720
f 715 1444 1442
f 715 1442 716
f 713 1448 1446
f 713 1446 714
f 1308 1307 1450
f 1308 1450 712
f 1390 727 728
f 1390 728 1411
f 1411 728 1361
f 1411 1361 1360
f 1399 738 739
f 1399 739 1397
f 1395 740 741
f 1395 741 1393
f 1391 742 727
f 1391 727 1390
f 1385 1386 1387
f 1385 1387 718
f 1393 1391 1425
f 1393 1425 1427
f 1390 1411 1419
f 1390 1419 1423
f 1399 1397 1431
f 1399 1431 1434
f 1391 1390 1423
f 1391 1423 1425
f 1384 1385 718
f 1419 1420 725
f 1381 1382 1383
f 1381 1383 718
f 1395 1393 1427
f 1395 1427 1429
f 1420 1419 1411
f 1420 1411 1360
f 1420 1360 1354
f 1397 1395 1429
f 1397 1429 1431
f 1383 1384 718
f 1420 1421 725
f 1393 741 742
f 1393 742 1391
f 1397 739 740
f 1397 740 1395
f 1378 1377 738
f 1378 738 1399
f 1360 1359 1355
f 1360 1355 1354
f 1274 1275 1276
f 1274 1276 749
f 1280 1281 1282
f 1280 1282 750
f 1347 1348 1343
f 1347 1343 748
f 1276 1275 1281
f 1276 1281 1280
f 1339 1338 1348
f 1339 1348 1347
f 1343 1348 1275
f 1343 1275 1274
f 1282 1281 1338
f 1282 1338 1337
f 1337 1338 1339
f 1337 1339 747
f 1281 1275 1348
f 1281 1348 1338
f 1352 1351 711
f 1352 711 1309
f 1340 1339 1347
f 1340 1347 1346
f 1339 1340 1341
f 1339 1341 747
f 1306 1307 1308
f 1306 1308 711
f 1401 1333 1327
f 1401 1327 1442
f 1325 1326 717
f 1359 1360 1361
f 1359 1361 729
f 1325 717 1387
f 1325 1387 1386
f 1341 1340 1358
f 1341 1358 1357
f 1332 1333 1334
f 1332 1334 736
f 1308 1309 711
f 1340 1346 1356
f 1340 1356 1358
f 1326 1327 1328
f 1326 1328 717
f 1357 1358 1359
f 1357 1359 729
f 1333 1332 1328
f 1333 1328 1327
f 1373 1374 1369
f 1373 1369 745
f 1368 1374 1255
f 1368 1255 1249
f 1367 1368 1363
f 1367 1363 746
f 1369 1374 1368
f 1369 1368 1367
f 1250 1249 1255
f 1250 1255 1254
f 1256 1255 1374
f 1256 1374 1373
f 1363 1368 1249
f 1363 1249 1248
f 1248 1249 1250
f 1248 1250 743
f 1254 1255 1256
f 1254 1256 744
f 1318 1317 1315
f 1318 1315 1314
f 1317 1318 1319
f 1317 1319 752
f 1184 1185 1186
f 1184 1186 751
f 1318 1314 1329
f 1318 1329 1331
f 1315 1316 1311
f 1315 1311 753
f 1328 1329 1323
f 1328 1323 717
f 1311 1316 1179
f 1311 1179 1178
f 1186 1185 1322
f 1186 1322 1321
f 1332 1331 1329
f 1332 1329 1328
f 1319 1318 1331
f 1319 1331 1330
f 1317 1322 1316
f 1317 1316 1315
f 1180 1179 1185
f 1180 1185 1184
f 1321 1322 1317
f 1321 1317 752
f 1178 1179 1180
f 1178 1180 754
f 1179 1316 1322
f 1179 1322 1185
f 1313 1314 1315
f 1313 1315 753
f 1330 1331 1332
f 1330 1332 736
f 1314 1313 1323
f 1314 1323 1329
f 1372 1371 1381
f 1372 1381 1388
f 1312 1311 1178
f 1312 1178 1177
f 1158 1157 763
f 1158 763 1168
f 1323 1324 717
f 1177 1176 1168
f 1177 1168 1242
f 1177 1242 1258
f 1257 1372 1388
f 1257 1388 1324
f 1157 1158 1159
f 1157 1159 774
f 1256 1257 744
f 1311 1312 1313
f 1311 1313 753
f 1387 1388 1381
f 1387 1381 718
f 1163 1176 1175
f 1313 1312 1324
f 1313 1324 1323
f 1163 1162 1176
f 1371 1372 1373
f 1371 1373 745
f 1258 1252 744
f 1161 1162 1163
f 1161 1163 773
f 1158 1168 1176
f 1158 1176 1162
f 1177 1258 1257
f 1177 1257 1324
f 1177 1324 1312
f 1257 1258 744
f 1162 1161 1159
f 1162 1159 1158
f 1168 763 1243
f 1168 1243 1242
f 1257 1256 1373
f 1257 1373 1372
f 717 1324 1388
f 717 1388 1387
f 1370 1369 1367
f 1370 1367 1366
f 1369 1370 1371
f 1369 1371 745
f 1377 1378 1379
f 1377 1379 737
f 1371 1370 1382
f 1371 1382 1381
f 1370 1366 1380
f 1370 1380 1382
f 1379 1380 1375
f 1379 1375 737
f 1380 1379 1383
f 1380 1383 1382
f 1286 1285 1220
f 1286 1220 1219
f 1200 1199 759
f 1200 759 1210
f 1363 1364 1365
f 1363 1365 746
f 1334 1335 736
f 1297 1298 730
f 1203 1204 1205
f 1203 1205 769
f 1189 1188 1187
f 1189 1187 1246
f 1189 1246 1234
f 1247 1246 1187
f 1247 1187 1320
f 1247 1320 1336
f 1299 1298 1283
f 1299 1283 1342
f 1299 1342 1362
f 1200 1210 1218
f 1200 1218 1204
f 1335 1336 736
f 1205 1218 1217
f 1287 1286 1298
f 1287 1298 1297
f 1365 1364 1376
f 1365 1376 1375
f 1235 1234 1246
f 1235 1246 1245
f 1205 1204 1218
f 1298 1299 730
f 1219 1218 1210
f 1219 1210 1268
f 1219 1268 1284
f 1247 1336 1335
f 1247 1335 1376
f 1247 1376 1364
f 1219 1284 1283
f 1219 1283 1298
f 1219 1298 1286
f 1199 1200 1201
f 1199 1201 770
f 1285 1286 1287
f 1285 1287 757
f 1299 1300 730
f 1336 1330 736
f 1204 1203 1201
f 1204 1201 1200
f 1210 759 1269
f 1210 1269 1268
f 1364 1363 1248
f 1364 1248 1247
f 1294 1293 1304
f 1294 1304 1310
f 1343 1344 1345
f 1343 1345 748
f 1293 1294 1295
f 1293 1295 756
f 1345 1344 1350
f 1345 1350 1349
f 1351 1350 1310
f 1351 1310 711
f 1344 1273 1310
f 1344 1310 1350
f 1310 1304 711
f 1349 1350 1351
f 1349 1351 726
f 1344 1343 1274
f 1344 1274 1273
f 1303 1302 1306
f 1303 1306 1305
f 1292 1291 1289
f 1292 1289 1288
f 1289 1290 1285
f 1289 1285 757
f 1221 1290 1296
f 1221 1296 1227
f 1226 1227 1228
f 1226 1228 755
f 1291 1292 1293
f 1291 1293 756
f 1304 1305 1306
f 1304 1306 711
f 1285 1290 1221
f 1285 1221 1220
f 1228 1227 1296
f 1228 1296 1295
f 1293 1292 1305
f 1293 1305 1304
f 1291 1296 1290
f 1291 1290 1289
f 1222 1221 1227
f 1222 1227 1226
f 1295 1296 1291
f 1295 1291 756
f 1287 1288 1289
f 1287 1289 757
f 1292 1288 1303
f 1292 1303 1305
f 1220 1221 1222
f 1220 1222 758
f 1302 1303 1297
f 1302 1297 730
f 1288 1287 1297
f 1288 1297 1303
f 1251 1250 1254
f 1251 1254 1253
f 1240 1239 1237
f 1240 1237 1236
f 1156 1155 1149
f 1156 1149 1154
f 1239 1240 1241
f 1239 1241 764
f 1155 1156 1157
f 1155 1157 774
f 1190 1238 1244
f 1190 1244 1167
f 1153 1154 1149
f 1153 1149 771
f 1243 1244 1239
f 1243 1239 764
f 1157 1156 1167
f 1157 1167 763
f 1239 1244 1238
f 1239 1238 1237
f 1241 1240 1253
f 1241 1253 1252
f 763 1167 1244
f 763 1244 1243
f 1233 1238 1190
f 1233 1190 766
f 1252 1253 1254
f 1252 1254 744
f 1237 1238 1233
f 1237 1233 765
f 1240 1236 1251
f 1240 1251 1253
f 1167 1156 1154
f 1167 1154 1190
f 1235 1236 1237
f 1235 1237 765
f 1250 1251 1245
f 1250 1245 743
f 1154 1153 766
f 1154 766 1190
f 1236 1235 1245
f 1236 1245 1251
f 1272 1273 749
f 1228 1229 755
f 1231 1230 1229
f 1231 1229 1272
f 1231 1272 1260
f 1271 1272 749
f 1261 1260 1272
f 1261 1272 1271
f 1273 1274 749
f 1229 1230 755
f 1273 1272 1229
f 1273 1229 1294
f 1273 1294 1310
f 1230 1224 755
f 1229 1228 1295
f 1229 1295 1294
f 1262 1261 1271
f 1262 1271 1277
f 1196 1195 762
f 1196 762 1232
f 1278 1279 1280
f 1278 1280 750
f 1263 1264 1259
f 1263 1259 761
f 1209 1198 1196
f 1209 1196 1232
f 1232 1264 1270
f 1232 1270 1209
f 1261 1262 1263
f 1261 1263 761
f 1276 1277 1271
f 1276 1271 749
f 1259 1264 1232
f 1259 1232 762
f 759 1209 1270
f 759 1270 1269
f 1267 1266 1279
f 1267 1279 1278
f 1265 1270 1264
f 1265 1264 1263
f 1199 1198 1209
f 1199 1209 759
f 1265 1266 1267
f 1265 1267 760
f 1197 1198 1199
f 1197 1199 770
f 1266 1262 1277
f 1266 1277 1279
f 1195 1196 1191
f 1195 1191 767
f 1269 1270 1265
f 1269 1265 760
f 1198 1197 1191
f 1198 1191 1196
f 1266 1265 1263
f 1266 1263 1262
f 1277 1276 1280
f 1277 1280 1279
f 1202 1208 1216
f 1202 1216 1192
f 1201 1202 1197
f 1201 1197 770
f 1197 1202 1192
f 1197 1192 1191
f 1211 1216 1208
f 1211 1208 1207
f 1193 1192 1216
f 1193 1216 1215
f 1203 1208 1202
f 1203 1202 1201
f 1215 1216 1211
f 1215 1211 768
f 1191 1192 1193
f 1191 1193 767
f 1207 1208 1203
f 1207 1203 769
f 1159 1160 1155
f 1159 1155 774
f 1160 1166 1174
f 1160 1174 1150
f 1155 1160 1150
f 1155 1150 1149
f 1169 1174 1166
f 1169 1166 1165
f 1151 1150 1174
f 1151 1174 1173
f 1161 1166 1160
f 1161 1160 1159
f 1165 1166 1161
f 1165 1161 773
f 1149 1150 1151
f 1149 1151 771
f 1173 1174 1169
f 1173 1169 772
f 1230 1214 1213
f 1259 1260 1261
f 1259 1261 761
f 1214 1230 1231
f 1214 1231 1194
f 1195 1194 1231
f 1195 1231 762
f 1213 1214 1215
f 1213 1215 768
f 1213 1224 1230
f 1260 1259 762
f 1260 762 1231
f 1206 1205 1217
f 1206 1217 1223
f 1224 1225 1226
f 1224 1226 755
f 1205 1206 1207
f 1205 1207 769
f 1222 1223 1217
f 1222 1217 758
f 1213 1212 1225
f 1213 1225 1224
f 1211 1212 1213
f 1211 1213 768
f 1212 1206 1223
f 1212 1223 1225
f 1212 1211 1207
f 1212 1207 1206
f 1223 1222 1226
f 1223 1226 1225
f 1188 1172 1171
f 1172 1188 1189
f 1172 1189 1152
f 1233 1234 1235
f 1233 1235 765
f 1153 1152 1189
f 1153 1189 766
f 1171 1172 1173
f 1171 1173 772
f 1171 1182 1188
f 1234 1233 766
f 1234 766 1189
f 1164 1163 1175
f 1164 1175 1181
f 1180 1181 1175
f 1180 1175 754
f 1163 1164 1165
f 1163 1165 773
f 1182 1183 1184
f 1182 1184 751
f 1171 1170 1183
f 1171 1183 1182
f 1170 1164 1181
f 1170 1181 1183
f 1169 1170 1171
f 1169 1171 772
f 1170 1169 1165
f 1170 1165 1164
f 1181 1180 1184
f 1181 1184 1183
f 1097 1098 1099
f 1097 1099 787
f 859 860 861
f 859 861 790
f 860 859 1099
f 860 1099 1098
f 1014 792 869
f 1014 869 868
f 980 979 975
f 980 975 974
f 1015 1016 789
f 1017 1016 1014
f 1017 1014 868
f 1017 868 862
f 861 862 790
f 1016 1017 789
f 981 980 1016
f 981 1016 1015
f 867 868 869
f 867 869 793
f 974 1014 1016
f 974 1016 980
f 862 863 790
f 1017 1018 789
f 974 973 792
f 974 792 1014
f 868 867 863
f 868 863 862
f 1085 1086 1081
f 1085 1081 801
f 835 836 831
f 835 831 827
f 873 1080 1086
f 873 1086 849
f 838 837 831
f 838 831 836
f 1075 1080 873
f 1075 873 799
f 800 849 1086
f 800 1086 1085
f 836 835 799
f 836 799 873
f 837 838 839
f 837 839 830
f 849 838 836
f 849 836 873
f 1081 1082 1083
f 1081 1083 801
f 839 838 849
f 839 849 800
f 1092 1091 1095
f 1092 1095 1094
f 1095 1096 787
f 1028 1022 788
f 1029 1028 1027
f 1029 1027 1096
f 1029 1096 1090
f 1027 1028 788
f 1093 1094 1095
f 1093 1095 787
f 1083 1082 1094
f 1083 1094 1093
f 1091 1090 1096
f 1091 1096 1095
f 1096 1097 787
f 1089 1090 1091
f 1089 1091 794
f 1082 1078 1092
f 1082 1092 1094
f 1026 1027 788
f 1091 1092 1087
f 1091 1087 794
f 1082 1081 1079
f 1082 1079 1078
f 880 881 882
f 880 882 826
f 892 881 879
f 892 879 916
f 881 880 874
f 881 874 879
f 1051 1050 1060
f 1051 1060 1059
f 806 892 1050
f 806 1050 1049
f 878 879 874
f 878 874 823
f 892 916 1060
f 892 1060 1050
f 882 881 892
f 882 892 806
f 1045 1046 786
f 903 904 905
f 903 905 796
f 1047 1046 1045
f 1047 1045 910
f 1047 910 904
f 1044 1045 786
f 993 992 1047
f 993 1047 797
f 905 904 910
f 905 910 909
f 1046 1040 786
f 909 910 785
f 1010 1046 1047
f 1010 1047 992
f 910 911 785
f 904 903 797
f 904 797 1047
f 1032 798 1073
f 1032 1073 1072
f 998 997 798
f 998 798 1032
f 1069 1070 1071
f 1069 1071 795
f 1049 1050 1051
f 1049 1051 803
f 1035 1034 1032
f 1035 1032 1072
f 1035 1072 1066
f 998 1032 1034
f 998 1034 1004
f 1035 1036 783
f 1065 1066 784
f 1071 1072 1073
f 1071 1073 795
f 1053 1052 1070
f 1053 1070 1069
f 1071 1070 1068
f 1071 1068 1067
f 1005 1004 1034
f 1005 1034 1033
f 1067 1068 1061
f 1067 1061 784
f 1051 1052 1053
f 1051 1053 803
f 1033 1034 783
f 1052 1058 1068
f 1052 1068 1070
f 1034 1035 783
f 1066 1067 784
f 1004 1003 999
f 1004 999 998
f 1052 1051 1059
f 1052 1059 1058
f 1072 1071 1067
f 1072 1067 1066
f 851 856 848
f 851 848 847
f 837 842 832
f 837 832 831
f 847 848 843
f 847 843 829
f 831 832 833
f 831 833 827
f 841 842 837
f 841 837 830
f 842 848 856
f 842 856 832
f 855 856 851
f 855 851 828
f 843 848 842
f 843 842 841
f 833 832 856
f 833 856 855
f 1084 1083 1093
f 1084 1093 1100
f 845 844 858
f 845 858 857
f 843 844 845
f 843 845 829
f 850 1084 1100
f 850 1100 858
f 857 858 790
f 1099 1100 1093
f 1099 1093 787
f 840 839 800
f 840 800 850
f 859 858 1100
f 859 1100 1099
f 844 843 841
f 844 841 840
f 1083 1084 1085
f 1083 1085 801
f 840 850 858
f 840 858 844
f 839 840 841
f 839 841 830
f 858 859 790
f 850 800 1085
f 850 1085 1084
f 914 907 785
f 897 914 915
f 897 915 877
f 913 914 785
f 1061 1062 1063
f 1061 1063 784
f 878 877 915
f 878 915 805
f 1063 1062 914
f 1063 914 913
f 1057 1056 1062
f 1057 1062 1061
f 897 896 907
f 897 907 914
f 1055 1056 1057
f 1055 1057 804
f 896 897 898
f 896 898 824
f 1056 915 914
f 1056 914 1062
f 1056 1055 805
f 1056 805 915
f 894 899 891
f 894 891 890
f 880 885 875
f 880 875 874
f 884 885 880
f 884 880 826
f 885 891 899
f 885 899 875
f 890 891 886
f 890 886 825
f 874 875 876
f 874 876 823
f 898 899 894
f 898 894 824
f 886 891 885
f 886 885 884
f 876 875 899
f 876 899 898
f 1054 1053 1069
f 1054 1069 1074
f 888 887 901
f 888 901 900
f 1053 1054 1049
f 1053 1049 803
f 902 901 893
f 902 893 1054
f 902 1054 1074
f 886 887 888
f 886 888 825
f 887 886 884
f 887 884 883
f 997 996 1031
f 997 1031 798
f 798 1031 1074
f 798 1074 1073
f 883 882 806
f 883 806 893
f 1074 1069 795
f 882 883 884
f 882 884 826
f 883 893 901
f 883 901 887
f 1073 1074 795
f 893 806 1049
f 893 1049 1054
f 1006 1005 1033
f 1006 1033 1039
f 1008 1009 808
f 918 928 936
f 918 936 934
f 934 1006 1008
f 934 1008 918
f 1007 1008 808
f 919 918 1008
f 919 1008 1007
f 1042 1041 1039
f 1042 1039 1038
f 1009 1008 1041
f 1009 1041 1040
f 1040 1041 1042
f 1040 1042 786
f 1005 1006 809
f 1008 1006 1039
f 1008 1039 1041
f 1006 1001 809
f 1038 1039 1033
f 1038 1033 783
f 986 985 1022
f 986 1022 1028
f 986 1028 1029
f 986 1029 968
f 969 968 1029
f 969 1029 791
f 985 986 987
f 985 987 812
f 987 988 983
f 987 983 812
f 1090 1089 791
f 1090 791 1029
f 928 927 977
f 928 977 982
f 984 985 812
f 927 928 820
f 928 982 984
f 928 984 936
f 981 982 813
f 1020 1021 1015
f 1020 1015 789
f 985 984 1023
f 985 1023 1022
f 1024 1023 1021
f 1024 1021 1020
f 937 936 984
f 937 984 983
f 983 984 812
f 928 923 820
f 984 982 1021
f 984 1021 1023
f 982 977 813
f 1022 1023 1024
f 1022 1024 788
f 982 981 1015
f 982 1015 1021
f 1003 1004 1005
f 1003 1005 809
f 929 930 931
f 929 931 816
f 931 932 933
f 931 933 816
f 1001 1002 1003
f 1001 1003 809
f 933 932 1002
f 933 1002 1001
f 1003 1002 1000
f 1003 1000 999
f 935 940 930
f 935 930 929
f 997 998 999
f 997 999 810
f 932 944 1000
f 932 1000 1002
f 999 1000 995
f 999 995 810
f 932 931 945
f 932 945 944
f 956 955 921
f 956 921 920
f 956 920 1012
f 956 1012 990
f 957 956 990
f 957 990 989
f 991 990 1012
f 991 1012 1011
f 989 990 991
f 989 991 807
f 991 992 993
f 991 993 807
f 992 991 1011
f 992 1011 1010
f 926 925 963
f 926 963 962
f 975 976 971
f 975 971 814
f 926 962 976
f 926 976 978
f 973 974 975
f 973 975 814
f 927 926 978
f 927 978 977
f 979 978 976
f 979 976 975
f 977 978 979
f 977 979 813
f 925 926 927
f 925 927 820
f 923 924 925
f 923 925 820
f 979 980 981
f 979 981 813
f 968 967 987
f 968 987 986
f 967 968 969
f 967 969 811
f 965 966 967
f 965 967 811
f 967 966 988
f 967 988 987
f 951 950 966
f 951 966 965
f 950 938 988
f 950 988 966
f 950 949 939
f 950 939 938
f 940 948 946
f 940 946 930
f 931 930 946
f 931 946 945
f 949 950 951
f 949 951 822
f 947 948 949
f 947 949 822
f 924 923 917
f 924 917 922
f 964 924 922
f 964 922 954
f 925 924 964
f 925 964 963
f 955 954 922
f 955 922 921
f 921 922 917
f 921 917 815
f 919 920 921
f 919 921 815
f 920 919 1007
f 920 1007 1012
f 896 895 908
f 896 908 907
f 894 895 896
f 894 896 824
f 895 889 906
f 895 906 908
f 895 894 890
f 895 890 889
f 889 888 900
f 889 900 906
f 905 906 900
f 905 900 796
f 888 889 890
f 888 890 825
f 907 908 909
f 907 909 785
f 906 905 909
f 906 909 908
f 865 866 867
f 865 867 793
f 845 846 847
f 845 847 829
f 863 864 857
f 863 857 790
f 846 845 857
f 846 857 864
f 867 866 864
f 867 864 863
f 852 851 847
f 852 847 846
f 851 852 853
f 851 853 828
f 852 846 864
f 852 864 866
f 853 852 866
f 853 866 865
f 833 834 835
f 833 835 827
f 834 833 855
f 834 855 854
f 854 853 865
f 854 865 871
f 853 854 855
f 853 855 828
f 869 870 793
f 871 865 793
f 870 871 793
f 876 877 878
f 876 878 823
f 877 876 898
f 877 898 897
f 1064 1063 913
f 1064 913 912
f 911 912 913
f 911 913 785
f 1063 1064 1065
f 1063 1065 784
f 936 937 819
f 918 919 815
f 923 928 918
f 923 918 917
f 935 936 819
f 917 918 815
f 936 935 929
f 936 929 934
f 933 934 816
f 934 929 816
f 934 933 1001
f 934 1001 1006
f 938 937 983
f 938 983 988
f 939 940 935
f 939 935 819
f 949 948 940
f 949 940 939
f 937 938 939
f 937 939 819
f 959 960 821
f 941 942 817
f 947 952 942
f 947 942 941
f 960 961 821
f 942 943 817
f 948 947 941
f 948 941 946
f 945 946 941
f 945 941 817
f 943 944 945
f 943 945 817
f 944 943 995
f 944 995 1000
f 953 954 955
f 953 955 818
f 959 964 954
f 959 954 953
f 955 956 957
f 955 957 818
f 958 957 989
f 958 989 994
f 957 958 818
f 958 953 818
f 960 959 953
f 960 953 958
f 962 961 971
f 962 971 976
f 961 962 963
f 961 963 821
f 963 964 959
f 963 959 821
f 1010 1009 1040
f 1010 1040 1046
f 1011 1012 1007
f 1011 1007 808
f 1009 1010 1011
f 1009 1011 808
f 1025 1024 1020
f 1025 1020 1019
f 1024 1025 1026
f 1024 1026 788
f 1018 1019 1020
f 1018 1020 789
f 1043 1042 1038
f 1043 1038 1037
f 1036 1037 1038
f 1036 1038 783
f 1042 1043 1044
f 1042 1044 786
f 1058 1057 1061
f 1058 1061 1068
f 1057 1058 1059
f 1057 1059 804
f 1059 1060 1055
f 1059 1055 804
f 1077 1078 1079
f 1077 1079 802
f 1081 1086 1080
f 1081 1080 1079
f 1079 1080 1075
f 1079 1075 802
f 1078 1077 1087
f 1078 1087 1092
f 1152 1151 1173
f 1152 1173 1172
f 1151 1152 1153
f 1151 1153 771
f 1177 1178 754
f 1176 1177 754
f 1175 1176 754
f 1187 1186 1321
f 1187 1321 1320
f 1245 1246 743
f 1186 1187 751
f 1246 1247 743
f 1187 1188 751
f 1188 1182 751
f 1247 1248 743
f 1193 1194 1195
f 1193 1195 767
f 1194 1193 1215
f 1194 1215 1214
f 1217 1218 758
f 1219 1220 758
f 1218 1219 758
f 1242 1241 1252
f 1242 1252 1258
f 1241 1242 1243
f 1241 1243 764
f 1267 1268 1269
f 1267 1269 760
f 1268 1267 1278
f 1268 1278 1284
f 1342 1341 1357
f 1342 1357 1362
f 1283 1284 750
f 1284 1278 750
f 1341 1342 1337
f 1341 1337 747
f 1282 1283 750
f 1283 1282 1337
f 1283 1337 1342
f 1319 1320 1321
f 1319 1321 752
f 1320 1319 1330
f 1320 1330 1336
f 1346 1345 1349
f 1346 1349 1356
f 1345 1346 1347
f 1345 1347 748
f 1354 1355 726
f 1353 1354 726
f 1359 1358 1356
f 1359 1356 1355
f 1355 1356 1349
f 1355 1349 726
f 1351 1352 1353
f 1351 1353 726
f 1365 1366 1367
f 1365 1367 746
f 1366 1365 1375
f 1366 1375 1380
f 879 878 805
f 879 805 916
f 1055 1060 916
f 1055 916 805
f 3118 3117 3124
f 3118 3124 3125
f 3112 3111 3119
f 3112 3119 3120
f 3108 3107 3115
f 3108 3115 3116
f 3104 3103 3111
f 3104 3111 3112
f 3100 3099 3107
f 3100 3107 3108
f 3096 3095 3103
f 3096 3103 3104
f 3092 3091 3099
f 3092 3099 3100
f 3088 3087 3095
f 3088 3095 3096
f 3084 3083 3091
f 3084 3091 3092
f 3080 3079 3087
f 3080 3087 3088
f 3076 3075 3083
f 3076 3083 3084
f 3114 3121 3071
f 3114 3071 3073
f 3122 3065 3070
f 3126 3066 3064
f 3076 3077 3060
f 3076 3060 3061
f 3080 3081 3056
f 3080 3056 3057
f 3051 3052 3060
f 3051 3060 3059
f 3055 3048 3056
f 3055 3056 3063
f 3042 3043 3035
f 3042 3035 3027
f 3036 3037 3029
f 3036 3029 3028
f 3008 3009 3028
f 3008 3028 3029
f 2962 2961 3021
f 2962 3021 3020
f 2965 2964 3018
f 2965 3018 3017
f 3013 3012 3004
f 3013 3004 3005
f 3009 3008 3000
f 3009 3000 3001
f 3003 3002 2994
f 3003 2994 2995
f 2997 2996 2988
f 2997 2988 2989
f 2993 2992 2984
f 2993 2984 2985
f 2987 2986 2978
f 2987 2978 2979
f 2981 2980 2972
f 2981 2972 2973
f 2977 2976 2968
f 2977 2968 2969
f 2970 2969 2962
f 2970 2962 2963
f 2954 2955 2869
f 2954 2869 2868
f 2943 2942 2949
f 2943 2949 2950
f 2937 2936 2944
f 2937 2944 2945
f 2933 2932 2940
f 2933 2940 2941
f 2929 2928 2936
f 2929 2936 2937
f 2925 2924 2932
f 2925 2932 2933
f 2921 2920 2928
f 2921 2928 2929
f 2917 2916 2924
f 2917 2924 2925
f 2913 2912 2920
f 2913 2920 2921
f 2909 2908 2916
f 2909 2916 2917
f 2905 2904 2912
f 2905 2912 2913
f 2901 2900 2908
f 2901 2908 2909
f 2947 2946 2898
f 2947 2898 2897
f 2950 2949 2895
f 2950 2895 2894
f 2907 2900 2889
f 2907 2889 2882
f 2904 2905 2884
f 2904 2884 2885
f 2880 2881 2889
f 2880 2889 2888
f 2875 2876 2884
f 2875 2884 2883
f 2873 2872 2867
f 2873 2867 2866
f 2864 2865 2857
f 2864 2857 2856
f 2859 2860 2852
f 2859 2852 2851
f 2834 2835 2854
f 2834 2854 2855
f 2839 2832 2857
f 2839 2857 2850
f 2789 2788 2846
f 2789 2846 2845
f 2787 2794 2793
f 2787 2793 2841
f 2787 2841 2849
f 2832 2839 2831
f 2832 2831 2824
f 2836 2835 2827
f 2836 2827 2828
f 2824 2831 2823
f 2824 2823 2816
f 2828 2827 2819
f 2828 2819 2820
f 2816 2823 2815
f 2816 2815 2808
f 2820 2819 2811
f 2820 2811 2812
f 2808 2815 2807
f 2808 2807 2800
f 2812 2811 2803
f 2812 2803 2804
f 2800 2807 2799
f 2800 2799 2792
f 2804 2803 2795
f 2804 2795 2796
f 2798 2797 2790
f 2798 2790 2791
f 2795 2794 2787
f 2795 2787 2788
f 2801 2800 2792
f 2801 2792 2793
f 2805 2804 2796
f 2805 2796 2797
f 2809 2808 2800
f 2809 2800 2801
f 2813 2812 2804
f 2813 2804 2805
f 2817 2816 2808
f 2817 2808 2809
f 2821 2820 2812
f 2821 2812 2813
f 2825 2824 2816
f 2825 2816 2817
f 2829 2828 2820
f 2829 2820 2821
f 2833 2832 2824
f 2833 2824 2825
f 2837 2836 2828
f 2837 2828 2829
f 2799 2798 2791
f 2799 2791 2848
f 2799 2848 2840
f 2791 2790 2844
f 2791 2844 2843
f 2788 2787 2847
f 2788 2847 2846
f 2837 2838 2851
f 2837 2851 2852
f 2833 2834 2855
f 2833 2855 2856
f 2861 2862 2854
f 2861 2854 2853
f 2865 2858 2850
f 2865 2850 2857
f 2872 2873 2879
f 2872 2879 2887
f 2876 2877 2885
f 2876 2885 2884
f 2905 2906 2883
f 2905 2883 2884
f 2901 2902 2887
f 2901 2887 2888
f 2952 2892 2890
f 2948 2891 2896
f 2940 2947 2897
f 2940 2897 2899
f 2902 2901 2909
f 2902 2909 2910
f 2906 2905 2913
f 2906 2913 2914
f 2910 2909 2917
f 2910 2917 2918
f 2914 2913 2921
f 2914 2921 2922
f 2918 2917 2925
f 2918 2925 2926
f 2922 2921 2929
f 2922 2929 2930
f 2926 2925 2933
f 2926 2933 2934
f 2930 2929 2937
f 2930 2937 2938
f 2934 2933 2941
f 2934 2941 2942
f 2938 2937 2945
f 2938 2945 2946
f 2944 2943 2950
f 2944 2950 2951
f 2969 2968 2961
f 2969 2961 2962
f 2978 2977 2969
f 2978 2969 2970
f 2986 2985 2977
f 2986 2977 2978
f 2994 2993 2985
f 2994 2985 2986
f 3002 3001 2993
f 3002 2993 2994
f 3010 3009 3001
f 3010 3001 3002
f 2961 2968 2967
f 2961 2967 3015
f 2961 3015 3023
f 2963 2962 3020
f 2963 3020 3019
f 3012 3013 3024
f 3012 3024 3025
f 3009 3010 3027
f 3009 3027 3028
f 3035 3036 3028
f 3035 3028 3027
f 3046 3047 3053
f 3046 3053 3061
f 3050 3051 3059
f 3050 3059 3058
f 3079 3080 3057
f 3079 3057 3058
f 3075 3076 3061
f 3075 3061 3062
f 3126 3125 3067
f 3126 3067 3066
f 3123 3122 3070
f 3123 3070 3069
f 3122 3115 3114
f 3122 3114 3073
f 3122 3073 3065
f 3077 3076 3084
f 3077 3084 3085
f 3081 3080 3088
f 3081 3088 3089
f 3085 3084 3092
f 3085 3092 3093
f 3089 3088 3096
f 3089 3096 3097
f 3093 3092 3100
f 3093 3100 3101
f 3097 3096 3104
f 3097 3104 3105
f 3101 3100 3108
f 3101 3108 3109
f 3105 3104 3112
f 3105 3112 3113
f 3109 3108 3116
f 3109 3116 3117
f 3113 3112 3120
f 3113 3120 3121
f 3119 3118 3125
f 3119 3125 3126
f 3117 3116 3123
f 3117 3123 3124
f 3111 3110 3118
f 3111 3118 3119
f 3107 3106 3114
f 3107 3114 3115
f 3103 3102 3110
f 3103 3110 3111
f 3099 3098 3106
f 3099 3106 3107
f 3095 3094 3102
f 3095 3102 3103
f 3091 3090 3098
f 3091 3098 3099
f 3087 3086 3094
f 3087 3094 3095
f 3083 3082 3090
f 3083 3090 3091
f 3079 3078 3086
f 3079 3086 3087
f 3075 3074 3082
f 3075 3082 3083
f 3121 3120 3072
f 3121 3072 3071
f 3124 3123 3069
f 3124 3069 3068
f 3074 3075 3062
f 3074 3062 3063
f 3077 3078 3059
f 3077 3059 3060
f 3053 3054 3062
f 3053 3062 3061
f 3048 3049 3057
f 3048 3057 3056
f 3044 3045 3060
f 3044 3060 3052
f 3032 3033 3025
f 3032 3025 3024
f 3011 3012 3025
f 3011 3025 3026
f 2961 3023 3021
f 2965 3017 3022
f 3012 3011 3003
f 3012 3003 3004
f 3004 3003 2995
f 3004 2995 2996
f 2996 2995 2987
f 2996 2987 2988
f 2988 2987 2979
f 2988 2979 2980
f 2980 2979 2971
f 2980 2971 2972
f 2971 2970 2963
f 2971 2963 2964
f 2958 2959 3045
f 2958 3045 3044
f 2942 2941 2948
f 2942 2948 2949
f 2936 2935 2943
f 2936 2943 2944
f 2932 2939 2947
f 2932 2947 2940
f 2928 2927 2935
f 2928 2935 2936
f 2924 2931 2939
f 2924 2939 2932
f 2920 2919 2927
f 2920 2927 2928
f 2916 2923 2931
f 2916 2931 2924
f 2912 2911 2919
f 2912 2919 2920
f 2908 2915 2923
f 2908 2923 2916
f 2904 2903 2911
f 2904 2911 2912
f 2900 2907 2915
f 2900 2915 2908
f 2946 2945 2952
f 2946 2952 2890
f 2946 2890 2898
f 2951 2950 2894
f 2951 2894 2893
f 2900 2901 2888
f 2900 2888 2889
f 2903 2904 2885
f 2903 2885 2886
f 2879 2880 2888
f 2879 2888 2887
f 2874 2875 2883
f 2874 2883 2882
f 2868 2869 2861
f 2868 2861 2853
f 2863 2864 2856
f 2863 2856 2855
f 2858 2859 2851
f 2858 2851 2850
f 2835 2836 2853
f 2835 2853 2854
f 2838 2839 2850
f 2838 2850 2851
f 2790 2789 2845
f 2790 2845 2844
f 2793 2792 2842
f 2793 2842 2841
f 2839 2838 2830
f 2839 2830 2831
f 2835 2834 2826
f 2835 2826 2827
f 2831 2830 2822
f 2831 2822 2823
f 2827 2826 2818
f 2827 2818 2819
f 2823 2822 2814
f 2823 2814 2815
f 2819 2818 2810
f 2819 2810 2811
f 2815 2814 2806
f 2815 2806 2807
f 2811 2810 2802
f 2811 2802 2803
f 2807 2806 2798
f 2807 2798 2799
f 2803 2802 2794
f 2803 2794 2795
f 2797 2796 2789
f 2797 2789 2790
f 2796 2795 2788
f 2796 2788 2789
f 2802 2801 2793
f 2802 2793 2794
f 2806 2805 2797
f 2806 2797 2798
f 2810 2809 2801
f 2810 2801 2802
f 2814 2813 2805
f 2814 2805 2806
f 2818 2817 2809
f 2818 2809 2810
f 2822 2821 2813
f 2822 2813 2814
f 2826 2825 2817
f 2826 2817 2818
f 2830 2829 2821
f 2830 2821 2822
f 2834 2833 2825
f 2834 2825 2826
f 2838 2837 2829
f 2838 2829 2830
f 2792 2799 2840
f 2792 2840 2842
f 2791 2843 2848
f 2787 2849 2847
f 2836 2837 2852
f 2836 2852 2853
f 2832 2833 2856
f 2832 2856 2857
f 2862 2863 2855
f 2862 2855 2854
f 2866 2867 2852
f 2866 2852 2860
f 2881 2874 2882
f 2881 2882 2889
f 2877 2878 2886
f 2877 2886 2885
f 2906 2907 2882
f 2906 2882 2883
f 2902 2903 2886
f 2902 2886 2887
f 2952 2951 2893
f 2952 2893 2892
f 2949 2948 2896
f 2949 2896 2895
f 2948 2941 2940
f 2948 2940 2899
f 2948 2899 2891
f 2903 2902 2910
f 2903 2910 2911
f 2907 2906 2914
f 2907 2914 2915
f 2911 2910 2918
f 2911 2918 2919
f 2915 2914 2922
f 2915 2922 2923
f 2919 2918 2926
f 2919 2926 2927
f 2923 2922 2930
f 2923 2930 2931
f 2927 2926 2934
f 2927 2934 2935
f 2931 2930 2938
f 2931 2938 2939
f 2935 2934 2942
f 2935 2942 2943
f 2939 2938 2946
f 2939 2946 2947
f 2945 2944 2951
f 2945 2951 2952
f 2958 3044 2869
f 2958 2869 2955
f 2972 2971 2964
f 2972 2964 2965
f 2979 2978 2970
f 2979 2970 2971
f 2985 2984 2976
f 2985 2976 2977
f 2989 2988 2980
f 2989 2980 2981
f 2995 2994 2986
f 2995 2986 2987
f 3001 3000 2992
f 3001 2992 2993
f 3005 3004 2996
f 3005 2996 2997
f 3011 3010 3002
f 3011 3002 3003
f 2973 2972 2965
f 2973 2965 3022
f 2973 3022 3014
f 2964 2963 3019
f 2964 3019 3018
f 3010 3011 3026
f 3010 3026 3027
f 3033 3034 3026
f 3033 3026 3025
f 3040 3041 3026
f 3040 3026 3034
f 3041 3040 3047
f 3041 3047 3046
f 3049 3050 3058
f 3049 3058 3057
f 3054 3055 3063
f 3054 3063 3062
f 3078 3079 3058
f 3078 3058 3059
f 3081 3074 3063
f 3081 3063 3056
f 3125 3124 3068
f 3125 3068 3067
f 3120 3119 3126
f 3120 3126 3064
f 3120 3064 3072
f 3074 3081 3089
f 3074 3089 3082
f 3078 3077 3085
f 3078 3085 3086
f 3082 3089 3097
f 3082 3097 3090
f 3086 3085 3093
f 3086 3093 3094
f 3090 3097 3105
f 3090 3105 3098
f 3094 3093 3101
f 3094 3101 3102
f 3098 3105 3113
f 3098 3113 3106
f 3102 3101 3109
f 3102 3109 3110
f 3106 3113 3121
f 3106 3121 3114
f 3110 3109 3117
f 3110 3117 3118
f 3116 3115 3122
f 3116 3122 3123
f 3023 3015 3016
f 3023 3016 3014
f 3023 3014 3022
f 2890 2892 2893
f 2890 2893 2894
f 2890 2894 2895
f 2890 2895 2896
f 2890 2896 2891
f 2849 2841 2842
f 2849 2842 2840
f 2849 2840 2848
f 3044 3043 2870
f 3044 2870 2869
f 2848 2846 2847
f 2848 2847 2849
f 2848 2843 2844
f 2848 2844 2845
f 2848 2845 2846
f 2891 2899 2897
f 2891 2897 2898
f 2891 2898 2890
f 3022 3020 3021
f 3022 3021 3023
f 3022 3017 3018
f 3022 3018 3019
f 3022 3019 3020
f 2863 2862 2861
f 2863 2861 2860
f 2863 2860 2859
f 2863 2859 2858
f 2863 2858 2865
f 2863 2865 2864
f 2873 2870 2878
f 2873 2878 2879
f 2881 2880 2879
f 2881 2879 2878
f 2881 2878 2877
f 2881 2877 2876
f 2881 2876 2875
f 2881 2875 2874
f 2870 2873 2866
f 2870 2866 2869
f 2869 2866 2860
f 2869 2860 2861
f 2960 2959 2958
f 2960 2958 2957
f 2871 2872 2887
f 2871 2887 2886
f 2867 2868 2853
f 2867 2853 2852
f 2953 2954 2868
f 2953 2868 2871
f 3041 3042 3027
f 3041 3027 3026
f 3042 3041 3046
f 3042 3046 3045
f 2957 2958 2955
f 2957 2955 2956
f 2872 2871 2868
f 2872 2868 2867
f 2954 2953 2956
f 2954 2956 2955
f 2959 2960 3042
f 2959 3042 3045
f 3045 3046 3061
f 3045 3061 3060
f 2960 2957 3043
f 2960 3043 3042
f 2870 2871 2886
f 2870 2886 2878
f 2956 2953 2871
f 2956 2871 2870
f 3043 2957 2956
f 3043 2956 2870
f 3038 3039 3031
f 3038 3031 3030
f 3013 3006 3031
f 3013 3031 3024
f 3007 3006 2998
f 3007 2998 2999
f 2991 2990 2982
f 2991 2982 2983
f 2975 2974 2966
f 2975 2966 2967
f 2974 2981 2973
f 2974 2973 2966
f 2982 2989 2981
f 2982 2981 2974
f 2990 2997 2989
f 2990 2989 2982
f 2998 3005 2997
f 2998 2997 2990
f 3006 3013 3005
f 3006 3005 2998
f 3007 3008 3029
f 3007 3029 3030
f 3039 3032 3024
f 3039 3024 3031
f 3037 3038 3030
f 3037 3030 3029
f 2966 2973 3014
f 2966 3014 3016
f 3008 3007 2999
f 3008 2999 3000
f 3000 2999 2991
f 3000 2991 2992
f 2992 2991 2983
f 2992 2983 2984
f 2984 2983 2975
f 2984 2975 2976
f 2976 2975 2967
f 2976 2967 2968
f 2983 2982 2974
f 2983 2974 2975
f 2999 2998 2990
f 2999 2990 2991
f 2967 2966 3016
f 2967 3016 3015
f 3006 3007 3030
f 3006 3030 3031
f 3047 3044 3052
f 3047 3052 3053
f 3043 3040 3034
f 3043 3034 3035
f 3055 3054 3053
f 3055 3053 3052
f 3055 3052 3051
f 3055 3051 3050
f 3055 3050 3049
f 3055 3049 3048
f 3040 3043 3044
f 3040 3044 3047
f 3037 3036 3035
f 3037 3035 3034
f 3037 3034 3033
f 3037 3033 3032
f 3037 3032 3039
f 3037 3039 3038
f 3064 3066 3067
f 3064 3067 3068
f 3064 3068 3069
f 3064 3069 3070
f 3064 3070 3065
f 3065 3073 3071
f 3065 3071 3072
f 3065 3072 3064
f 3175 3174 3195
f 3175 3195 3194
f 3172 3179 3190
f 3172 3190 3197
f 3128 3129 3185
f 3128 3185 3186
f 3133 3134 3127
f 3133 3127 3189
f 3133 3189 3181
f 3179 3172 3164
f 3179 3164 3171
f 3175 3176 3168
f 3175 3168 3167
f 3171 3164 3156
f 3171 3156 3163
f 3167 3168 3160
f 3167 3160 3159
f 3163 3156 3148
f 3163 3148 3155
f 3159 3160 3152
f 3159 3152 3151
f 3155 3148 3140
f 3155 3140 3147
f 3151 3152 3144
f 3151 3144 3143
f 3147 3140 3132
f 3147 3132 3139
f 3143 3144 3136
f 3143 3136 3135
f 3137 3138 3131
f 3137 3131 3130
f 3134 3135 3128
f 3134 3128 3127
f 3140 3141 3133
f 3140 3133 3132
f 3144 3145 3137
f 3144 3137 3136
f 3148 3149 3141
f 3148 3141 3140
f 3152 3153 3145
f 3152 3145 3144
f 3156 3157 3149
f 3156 3149 3148
f 3160 3161 3153
f 3160 3153 3152
f 3164 3165 3157
f 3164 3157 3156
f 3168 3169 3161
f 3168 3161 3160
f 3172 3173 3165
f 3172 3165 3164
f 3176 3177 3169
f 3176 3169 3168
f 3131 3138 3139
f 3131 3139 3180
f 3131 3180 3188
f 3130 3131 3183
f 3130 3183 3184
f 3127 3128 3186
f 3127 3186 3187
f 3178 3177 3192
f 3178 3192 3191
f 3174 3173 3196
f 3174 3196 3195
f 3176 3175 3194
f 3176 3194 3193
f 3179 3178 3191
f 3179 3191 3190
f 3129 3130 3184
f 3129 3184 3185
f 3132 3133 3181
f 3132 3181 3182
f 3178 3179 3171
f 3178 3171 3170
f 3174 3175 3167
f 3174 3167 3166
f 3170 3171 3163
f 3170 3163 3162
f 3166 3167 3159
f 3166 3159 3158
f 3162 3163 3155
f 3162 3155 3154
f 3158 3159 3151
f 3158 3151 3150
f 3154 3155 3147
f 3154 3147 3146
f 3150 3151 3143
f 3150 3143 3142
f 3146 3147 3139
f 3146 3139 3138
f 3142 3143 3135
f 3142 3135 3134
f 3136 3137 3130
f 3136 3130 3129
f 3135 3136 3129
f 3135 3129 3128
f 3141 3142 3134
f 3141 3134 3133
f 3145 3146 3138
f 3145 3138 3137
f 3149 3150 3142
f 3149 3142 3141
f 3153 3154 3146
f 3153 3146 3145
f 3157 3158 3150
f 3157 3150 3149
f 3161 3162 3154
f 3161 3154 3153
f 3165 3166 3158
f 3165 3158 3157
f 3169 3170 3162
f 3169 3162 3161
f 3173 3174 3166
f 3173 3166 3165
f 3177 3178 3170
f 3177 3170 3169
f 3139 3132 3182
f 3139 3182 3180
f 3131 3188 3183
f 3127 3187 3189
f 3177 3176 3193
f 3177 3193 3192
f 3173 3172 3197
f 3173 3197 3196
f 3372 3373 3371
f 3367 3368 3371
f 3367 3371 3373
f 3362 3359 3351
f 3362 3351 3353
f 3352 3353 3351
f 3350 3348 3347
f 3350 3347 3346
f 3350 3346 3345
f 3350 3345 3344
f 3350 3344 3349
f 3217 3225 3224
f 3217 3224 3226
f 3217 3226 3218
f 3209 3210 3216
f 3207 3208 3216
f 3207 3216 3210
f 3364 3365 3363
f 3364 3363 3204
f 3364 3204 3202
f 3364 3202 3203
f 3199 3200 3194
f 3199 3194 3196
f 3195 3196 3194
f 3188 3180 3182
f 3188 3182 3181
f 3188 3181 3189
f 3197 3190 3196
f 3198 3199 3196
f 3198 3196 3190
f 3280 3287 3286
f 3280 3286 3364
f 3280 3364 3203
f 3280 3203 3281
f 3208 3205 3214
f 3208 3214 3216
f 3215 3216 3214
f 3358 3351 3357
f 3359 3360 3357
f 3359 3357 3351
f 3366 3367 3373
f 3366 3373 3375
f 3374 3375 3373
f 3370 3371 3377
f 3368 3369 3377
f 3368 3377 3371
f 3361 3362 3353
f 3361 3353 3355
f 3354 3355 3353
f 3211 3212 3210
f 3206 3207 3210
f 3206 3210 3212
f 3363 3285 3284
f 3363 3284 3283
f 3363 3283 3282
f 3363 3282 3204
f 3200 3201 3192
f 3200 3192 3194
f 3193 3194 3192
f 3189 3184 3183
f 3189 3183 3188
f 3189 3187 3186
f 3189 3186 3185
f 3189 3185 3184
f 3191 3192 3190
f 3201 3198 3190
f 3201 3190 3192
f 3205 3206 3212
f 3205 3212 3214
f 3213 3214 3212
f 3218 3220 3219
f 3218 3219 3217
f 3218 3223 3222
f 3218 3222 3221
f 3218 3221 3220
f 3349 3341 3343
f 3349 3343 3342
f 3349 3342 3350
f 3356 3357 3355
f 3360 3361 3355
f 3360 3355 3357
f 3369 3366 3375
f 3369 3375 3377
f 3376 3377 3375
f 3365 3364 3369
f 3365 3369 3368
f 3369 3364 3286
f 3369 3286 3366
f 3200 3206 3282
f 3200 3282 3281
f 3199 3202 3207
f 3199 3207 3206
f 3199 3206 3200
f 3284 3287 3280
f 3284 3280 3283
f 3203 3202 3199
f 3203 3199 3198
f 3203 3198 3201
f 3203 3201 3281
f 3361 3367 3286
f 3361 3286 3285
f 3360 3365 3368
f 3360 3368 3367
f 3360 3367 3361
f 3363 3359 3362
f 3363 3362 3285
f 3363 3365 3360
f 3363 3360 3359
f 3362 3361 3285
f 3367 3366 3286
f 3283 3280 3281
f 3283 3281 3282
f 3208 3204 3282
f 3208 3282 3205
f 3202 3204 3208
f 3202 3208 3207
f 3201 3200 3281
f 3206 3205 3282
f 3287 3284 3285
f 3287 3285 3286
f 3269 3270 3277
f 3269 3277 3276
f 3263 3264 3272
f 3263 3272 3271
f 3259 3260 3268
f 3259 3268 3267
f 3255 3256 3264
f 3255 3264 3263
f 3251 3252 3260
f 3251 3260 3259
f 3247 3248 3256
f 3247 3256 3255
f 3243 3244 3252
f 3243 3252 3251
f 3239 3240 3248
f 3239 3248 3247
f 3235 3236 3244
f 3235 3244 3243
f 3231 3232 3240
f 3231 3240 3239
f 3227 3228 3236
f 3227 3236 3235
f 3273 3274 3224
f 3273 3224 3225
f 3276 3277 3221
f 3276 3221 3222
f 3227 3234 3209
f 3227 3209 3216
f 3232 3231 3212
f 3232 3212 3211
f 3233 3232 3211
f 3233 3211 3210
f 3229 3228 3215
f 3229 3215 3214
f 3279 3217 3219
f 3275 3223 3218
f 3274 3267 3226
f 3274 3226 3224
f 3228 3229 3237
f 3228 3237 3236
f 3232 3233 3241
f 3232 3241 3240
f 3236 3237 3245
f 3236 3245 3244
f 3240 3241 3249
f 3240 3249 3248
f 3244 3245 3253
f 3244 3253 3252
f 3248 3249 3257
f 3248 3257 3256
f 3252 3253 3261
f 3252 3261 3260
f 3256 3257 3265
f 3256 3265 3264
f 3260 3261 3269
f 3260 3269 3268
f 3264 3265 3273
f 3264 3273 3272
f 3270 3271 3278
f 3270 3278 3277
f 3268 3269 3276
f 3268 3276 3275
f 3262 3263 3271
f 3262 3271 3270
f 3266 3259 3267
f 3266 3267 3274
f 3254 3255 3263
f 3254 3263 3262
f 3258 3251 3259
f 3258 3259 3266
f 3246 3247 3255
f 3246 3255 3254
f 3250 3243 3251
f 3250 3251 3258
f 3238 3239 3247
f 3238 3247 3246
f 3242 3235 3243
f 3242 3243 3250
f 3230 3231 3239
f 3230 3239 3238
f 3234 3227 3235
f 3234 3235 3242
f 3279 3272 3273
f 3279 3273 3225
f 3279 3225 3217
f 3277 3278 3220
f 3277 3220 3221
f 3228 3227 3216
f 3228 3216 3215
f 3231 3230 3213
f 3231 3213 3212
f 3234 3233 3210
f 3234 3210 3209
f 3230 3229 3214
f 3230 3214 3213
f 3278 3279 3219
f 3278 3219 3220
f 3275 3276 3222
f 3275 3222 3223
f 3267 3268 3275
f 3267 3275 3218
f 3267 3218 3226
f 3229 3230 3238
f 3229 3238 3237
f 3233 3234 3242
f 3233 3242 3241
f 3237 3238 3246
f 3237 3246 3245
f 3241 3242 3250
f 3241 3250 3249
f 3245 3246 3254
f 3245 3254 3253
f 3249 3250 3258
f 3249 3258 3257
f 3253 3254 3262
f 3253 3262 3261
f 3257 3258 3266
f 3257 3266 3265
f 3261 3262 3270
f 3261 3270 3269
f 3265 3266 3274
f 3265 3274 3273
f 3271 3272 3279
f 3271 3279 3278
f 3334 3333 3358
f 3334 3358 3357
f 3338 3337 3354
f 3338 3354 3353
f 3288 3289 3347
f 3288 3347 3348
f 3291 3292 3344
f 3291 3344 3345
f 3292 3299 3300
f 3292 3300 3341
f 3292 3341 3349
f 3337 3338 3330
f 3337 3330 3329
f 3333 3334 3326
f 3333 3326 3325
f 3329 3330 3322
f 3329 3322 3321
f 3325 3326 3318
f 3325 3318 3317
f 3321 3322 3314
f 3321 3314 3313
f 3317 3318 3310
f 3317 3310 3309
f 3313 3314 3306
f 3313 3306 3305
f 3309 3310 3302
f 3309 3302 3301
f 3305 3306 3298
f 3305 3298 3297
f 3301 3302 3294
f 3301 3294 3293
f 3295 3296 3289
f 3295 3289 3288
f 3298 3299 3292
f 3298 3292 3291
f 3304 3305 3297
f 3304 3297 3296
f 3308 3301 3293
f 3308 3293 3300
f 3312 3313 3305
f 3312 3305 3304
f 3316 3309 3301
f 3316 3301 3308
f 3320 3321 3313
f 3320 3313 3312
f 3324 3317 3309
f 3324 3309 3316
f 3328 3329 3321
f 3328 3321 3320
f 3332 3325 3317
f 3332 3317 3324
f 3336 3337 3329
f 3336 3329 3328
f 3340 3333 3325
f 3340 3325 3332
f 3294 3295 3288
f 3294 3288 3350
f 3294 3350 3342
f 3289 3290 3346
f 3289 3346 3347
f 3340 3339 3352
f 3340 3352 3351
f 3337 3336 3355
f 3337 3355 3354
f 3335 3334 3357
f 3335 3357 3356
f 3339 3338 3353
f 3339 3353 3352
f 3288 3348 3350
f 3292 3349 3344
f 3300 3293 3343
f 3300 3343 3341
f 3338 3339 3331
f 3338 3331 3330
f 3334 3335 3327
f 3334 3327 3326
f 3330 3331 3323
f 3330 3323 3322
f 3326 3327 3319
f 3326 3319 3318
f 3322 3323 3315
f 3322 3315 3314
f 3318 3319 3311
f 3318 3311 3310
f 3314 3315 3307
f 3314 3307 3306
f 3310 3311 3303
f 3310 3303 3302
f 3306 3307 3299
f 3306 3299 3298
f 3302 3303 3295
f 3302 3295 3294
f 3296 3297 3290
f 3296 3290 3289
f 3297 3298 3291
f 3297 3291 3290
f 3303 3304 3296
f 3303 3296 3295
f 3307 3308 3300
f 3307 3300 3299
f 3311 3312 3304
f 3311 3304 3303
f 3315 3316 3308
f 3315 3308 3307
f 3319 3320 3312
f 3319 3312 3311
f 3323 3324 3316
f 3323 3316 3315
f 3327 3328 3320
f 3327 3320 3319
f 3331 3332 3324
f 3331 3324 3323
f 3335 3336 3328
f 3335 3328 3327
f 3339 3340 3332
f 3339 3332 3331
f 3293 3294 3342
f 3293 3342 3343
f 3290 3291 3345
f 3290 3345 3346
f 3333 3340 3351
f 3333 3351 3358
f 3336 3335 3356
f 3336 3356 3355
f 3430 3431 3438
f 3430 3438 3437
f 3424 3425 3433
f 3424 3433 3432
f 3420 3421 3429
f 3420 3429 3428
f 3416 3417 3425
f 3416 3425 3424
f 3412 3413 3421
f 3412 3421 3420
f 3408 3409 3417
f 3408 3417 3416
f 3404 3405 3413
f 3404 3413 3412
f 3400 3401 3409
f 3400 3409 3408
f 3396 3397 3405
f 3396 3405 3404
f 3392 3393 3401
f 3392 3401 3400
f 3388 3389 3397
f 3388 3397 3396
f 3434 3435 3385
f 3434 3385 3386
f 3437 3438 3382
f 3437 3382 3383
f 3389 3388 3377
f 3389 3377 3376
f 3392 3391 3374
f 3392 3374 3373
f 3395 3394 3371
f 3395 3371 3370
f 3391 3390 3375
f 3391 3375 3374
f 3440 3378 3380
f 3436 3384 3379
f 3435 3428 3387
f 3435 3387 3385
f 3389 3390 3398
f 3389 3398 3397
f 3393 3394 3402
f 3393 3402 3401
f 3397 3398 3406
f 3397 3406 3405
f 3401 3402 3410
f 3401 3410 3409
f 3405 3406 3414
f 3405 3414 3413
f 3409 3410 3418
f 3409 3418 3417
f 3413 3414 3422
f 3413 3422 3421
f 3417 3418 3426
f 3417 3426 3425
f 3421 3422 3430
f 3421 3430 3429
f 3425 3426 3434
f 3425 3434 3433
f 3431 3432 3439
f 3431 3439 3438
f 3429 3430 3437
f 3429 3437 3436
f 3423 3424 3432
f 3423 3432 3431
f 3427 3420 3428
f 3427 3428 3435
f 3415 3416 3424
f 3415 3424 3423
f 3419 3412 3420
f 3419 3420 3427
f 3407 3408 3416
f 3407 3416 3415
f 3411 3404 3412
f 3411 3412 3419
f 3399 3400 3408
f 3399 3408 3407
f 3403 3396 3404
f 3403 3404 3411
f 3391 3392 3400
f 3391 3400 3399
f 3395 3388 3396
f 3395 3396 3403
f 3440 3433 3434
f 3440 3434 3386
f 3440 3386 3378
f 3438 3439 3381
f 3438 3381 3382
f 3388 3395 3370
f 3388 3370 3377
f 3393 3392 3373
f 3393 3373 3372
f 3394 3393 3372
f 3394 3372 3371
f 3390 3389 3376
f 3390 3376 3375
f 3439 3440 3380
f 3439 3380 3381
f 3436 3437 3383
f 3436 3383 3384
f 3428 3429 3436
f 3428 3436 3379
f 3428 3379 3387
f 3390 3391 3399
f 3390 3399 3398
f 3394 3395 3403
f 3394 3403 3402
f 3398 3399 3407
f 3398 3407 3406
f 3402 3403 3411
f 3402 3411 3410
f 3406 3407 3415
f 3406 3415 3414
f 3410 3411 3419
f 3410 3419 3418
f 3414 3415 3423
f 3414 3423 3422
f 3418 3419 3427
f 3418 3427 3426
f 3422 3423 3431
f 3422 3431 3430
f 3426 3427 3435
f 3426 3435 3434
f 3432 3433 3440
f 3432 3440 3439
f 3378 3386 3385
f 3378 3385 3387
f 3378 3387 3379
f 3379 3381 3380
f 3379 3380 3378
f 3379 3384 3383
f 3379 3383 3382
f 3379 3382 3381
f 3652 3651 3632
f 3652 3632 3633
f 3576 3575 3556
f 3576 3556 3557
f 3500 3499 3480
f 3500 3480 3481
f 3481 3480 3461
f 3481 3461 3462
f 3557 3556 3537
f 3557 3537 3538
f 3633 3632 3613
f 3633 3613 3614
f 3443 3442 3651
f 3443 3651 3652
f 3595 3594 3575
f 3595 3575 3576
f 3519 3518 3499
f 3519 3499 3500
f 3462 3461 3442
f 3462 3442 3443
f 3538 3537 3518
f 3538 3518 3519
f 3614 3613 3594
f 3614 3594 3595
f 3446 3445 3654
f 3446 3654 3655
f 3656 3655 3636
f 3656 3636 3637
f 3638 3637 3618
f 3638 3618 3619
f 3634 3633 3614
f 3634 3614 3615
f 3616 3615 3596
f 3616 3596 3597
f 3598 3597 3578
f 3598 3578 3579
f 3580 3579 3560
f 3580 3560 3561
f 3562 3561 3542
f 3562 3542 3543
f 3558 3557 3538
f 3558 3538 3539
f 3540 3539 3520
f 3540 3520 3521
f 3522 3521 3502
f 3522 3502 3503
f 3504 3503 3484
f 3504 3484 3485
f 3486 3485 3466
f 3486 3466 3467
f 3482 3481 3462
f 3482 3462 3463
f 3465 3464 3445
f 3465 3445 3446
f 3464 3463 3444
f 3464 3444 3445
f 3483 3482 3463
f 3483 3463 3464
f 3501 3500 3481
f 3501 3481 3482
f 3505 3504 3485
f 3505 3485 3486
f 3523 3522 3503
f 3523 3503 3504
f 3541 3540 3521
f 3541 3521 3522
f 3559 3558 3539
f 3559 3539 3540
f 3577 3576 3557
f 3577 3557 3558
f 3581 3580 3561
f 3581 3561 3562
f 3599 3598 3579
f 3599 3579 3580
f 3617 3616 3597
f 3617 3597 3598
f 3635 3634 3615
f 3635 3615 3616
f 3653 3652 3633
f 3653 3633 3634
f 3657 3656 3637
f 3657 3637 3638
f 3447 3446 3655
f 3447 3655 3656
f 3445 3444 3653
f 3445 3653 3654
f 3655 3654 3635
f 3655 3635 3636
f 3637 3636 3617
f 3637 3617 3618
f 3619 3618 3599
f 3619 3599 3600
f 3615 3614 3595
f 3615 3595 3596
f 3597 3596 3577
f 3597 3577 3578
f 3579 3578 3559
f 3579 3559 3560
f 3561 3560 3541
f 3561 3541 3542
f 3543 3542 3523
f 3543 3523 3524
f 3539 3538 3519
f 3539 3519 3520
f 3521 3520 3501
f 3521 3501 3502
f 3503 3502 3483
f 3503 3483 3484
f 3485 3484 3465
f 3485 3465 3466
f 3466 3465 3446
f 3466 3446 3447
f 3463 3462 3443
f 3463 3443 3444
f 3467 3466 3447
f 3467 3447 3448
f 3484 3483 3464
f 3484 3464 3465
f 3502 3501 3482
f 3502 3482 3483
f 3520 3519 3500
f 3520 3500 3501
f 3524 3523 3504
f 3524 3504 3505
f 3542 3541 3522
f 3542 3522 3523
f 3560 3559 3540
f 3560 3540 3541
f 3578 3577 3558
f 3578 3558 3559
f 3596 3595 3576
f 3596 3576 3577
f 3600 3599 3580
f 3600 3580 3581
f 3618 3617 3598
f 3618 3598 3599
f 3636 3635 3616
f 3636 3616 3617
f 3654 3653 3634
f 3654 3634 3635
f 3444 3443 3652
f 3444 3652 3653
f 3448 3447 3656
f 3448 3656 3657
f 3658 3657 3638
f 3658 3638 3639
f 3582 3581 3562
f 3582 3562 3563
f 3506 3505 3486
f 3506 3486 3487
f 3487 3486 3467
f 3487 3467 3468
f 3563 3562 3543
f 3563 3543 3544
f 3639 3638 3619
f 3639 3619 3620
f 3449 3448 3657
f 3449 3657 3658
f 3601 3600 3581
f 3601 3581 3582
f 3525 3524 3505
f 3525 3505 3506
f 3468 3467 3448
f 3468 3448 3449
f 3544 3543 3524
f 3544 3524 3525
f 3620 3619 3600
f 3620 3600 3601
f 3640 3639 3620
f 3640 3620 3621
f 3564 3563 3544
f 3564 3544 3545
f 3488 3487 3468
f 3488 3468 3469
f 3507 3506 3487
f 3507 3487 3488
f 3583 3582 3563
f 3583 3563 3564
f 3659 3658 3639
f 3659 3639 3640
f 3621 3620 3601
f 3621 3601 3602
f 3545 3544 3525
f 3545 3525 3526
f 3469 3468 3449
f 3469 3449 3450
f 3526 3525 3506
f 3526 3506 3507
f 3602 3601 3582
f 3602 3582 3583
f 3450 3449 3658
f 3450 3658 3659
f 3660 3659 3640
f 3660 3640 3641
f 3584 3583 3564
f 3584 3564 3565
f 3508 3507 3488
f 3508 3488 3489
f 3489 3488 3469
f 3489 3469 3470
f 3565 3564 3545
f 3565 3545 3546
f 3641 3640 3621
f 3641 3621 3622
f 3451 3450 3659
f 3451 3659 3660
f 3603 3602 3583
f 3603 3583 3584
f 3527 3526 3507
f 3527 3507 3508
f 3470 3469 3450
f 3470 3450 3451
f 3546 3545 3526
f 3546 3526 3527
f 3622 3621 3602
f 3622 3602 3603
f 3454 3453 3662
f 3454 3662 3663
f 3664 3663 3644
f 3664 3644 3645
f 3646 3645 3626
f 3646 3626 3627
f 3642 3641 3622
f 3642 3622 3623
f 3624 3623 3604
f 3624 3604 3605
f 3606 3605 3586
f 3606 3586 3587
f 3588 3587 3568
f 3588 3568 3569
f 3570 3569 3550
f 3570 3550 3551
f 3566 3565 3546
f 3566 3546 3547
f 3548 3547 3528
f 3548 3528 3529
f 3530 3529 3510
f 3530 3510 3511
f 3512 3511 3492
f 3512 3492 3493
f 3494 3493 3474
f 3494 3474 3475
f 3490 3489 3470
f 3490 3470 3471
f 3473 3472 3453
f 3473 3453 3454
f 3472 3471 3452
f 3472 3452 3453
f 3491 3490 3471
f 3491 3471 3472
f 3509 3508 3489
f 3509 3489 3490
f 3513 3512 3493
f 3513 3493 3494
f 3531 3530 3511
f 3531 3511 3512
f 3549 3548 3529
f 3549 3529 3530
f 3567 3566 3547
f 3567 3547 3548
f 3585 3584 3565
f 3585 3565 3566
f 3589 3588 3569
f 3589 3569 3570
f 3607 3606 3587
f 3607 3587 3588
f 3625 3624 3605
f 3625 3605 3606
f 3643 3642 3623
f 3643 3623 3624
f 3661 3660 3641
f 3661 3641 3642
f 3665 3664 3645
f 3665 3645 3646
f 3455 3454 3663
f 3455 3663 3664
f 3453 3452 3661
f 3453 3661 3662
f 3663 3662 3643
f 3663 3643 3644
f 3645 3644 3625
f 3645 3625 3626
f 3627 3626 3607
f 3627 3607 3608
f 3623 3622 3603
f 3623 3603 3604
f 3605 3604 3585
f 3605 3585 3586
f 3587 3586 3567
f 3587 3567 3568
f 3569 3568 3549
f 3569 3549 3550
f 3551 3550 3531
f 3551 3531 3532
f 3547 3546 3527
f 3547 3527 3528
f 3529 3528 3509
f 3529 3509 3510
f 3511 3510 3491
f 3511 3491 3492
f 3493 3492 3473
f 3493 3473 3474
f 3474 3473 3454
f 3474 3454 3455
f 3471 3470 3451
f 3471 3451 3452
f 3475 3474 3455
f 3475 3455 3456
f 3492 3491 3472
f 3492 3472 3473
f 3510 3509 3490
f 3510 3490 3491
f 3528 3527 3508
f 3528 3508 3509
f 3532 3531 3512
f 3532 3512 3513
f 3550 3549 3530
f 3550 3530 3531
f 3568 3567 3548
f 3568 3548 3549
f 3586 3585 3566
f 3586 3566 3567
f 3604 3603 3584
f 3604 3584 3585
f 3608 3607 3588
f 3608 3588 3589
f 3626 3625 3606
f 3626 3606 3607
f 3644 3643 3624
f 3644 3624 3625
f 3662 3661 3642
f 3662 3642 3643
f 3452 3451 3660
f 3452 3660 3661
f 3456 3455 3664
f 3456 3664 3665
f 3460 3459 3668
f 3460 3668 3669
f 3669 3650 3441
f 3666 3665 3646
f 3666 3646 3647
f 3648 3647 3628
f 3648 3628 3629
f 3630 3629 3610
f 3630 3610 3611
f 3612 3611 3592
f 3612 3592 3593
f 3593 3574 3441
f 3590 3589 3570
f 3590 3570 3571
f 3572 3571 3552
f 3572 3552 3553
f 3554 3553 3534
f 3554 3534 3535
f 3536 3535 3516
f 3536 3516 3517
f 3517 3498 3441
f 3514 3513 3494
f 3514 3494 3495
f 3496 3495 3476
f 3496 3476 3477
f 3478 3477 3458
f 3478 3458 3459
f 3477 3476 3457
f 3477 3457 3458
f 3495 3494 3475
f 3495 3475 3476
f 3498 3479 3441
f 3517 3516 3497
f 3517 3497 3498
f 3535 3534 3515
f 3535 3515 3516
f 3553 3552 3533
f 3553 3533 3534
f 3571 3570 3551
f 3571 3551 3552
f 3574 3555 3441
f 3593 3592 3573
f 3593 3573 3574
f 3611 3610 3591
f 3611 3591 3592
f 3629 3628 3609
f 3629 3609 3610
f 3647 3646 3627
f 3647 3627 3628
f 3650 3631 3441
f 3669 3668 3649
f 3669 3649 3650
f 3459 3458 3667
f 3459 3667 3668
f 3460 3669 3441
f 3457 3456 3665
f 3457 3665 3666
f 3667 3666 3647
f 3667 3647 3648
f 3649 3648 3629
f 3649 3629 3630
f 3631 3630 3611
f 3631 3611 3612
f 3612 3593 3441
f 3609 3608 3589
f 3609 3589 3590
f 3591 3590 3571
f 3591 3571 3572
f 3573 3572 3553
f 3573 3553 3554
f 3555 3554 3535
f 3555 3535 3536
f 3536 3517 3441
f 3533 3532 3513
f 3533 3513 3514
f 3515 3514 3495
f 3515 3495 3496
f 3497 3496 3477
f 3497 3477 3478
f 3479 3478 3459
f 3479 3459 3460
f 3476 3475 3456
f 3476 3456 3457
f 3479 3460 3441
f 3498 3497 3478
f 3498 3478 3479
f 3516 3515 3496
f 3516 3496 3497
f 3534 3533 3514
f 3534 3514 3515
f 3552 3551 3532
f 3552 3532 3533
f 3555 3536 3441
f 3574 3573 3554
f 3574 3554 3555
f 3592 3591 3572
f 3592 3572 3573
f 3610 3609 3590
f 3610 3590 3591
f 3628 3627 3608
f 3628 3608 3609
f 3631 3612 3441
f 3650 3649 3630
f 3650 3630 3631
f 3668 3667 3648
f 3668 3648 3649
f 3458 3457 3666
f 3458 3666 3667
f 3461 3480 3499
f 3461 3499 3518
f 3461 3518 3537
f 3461 3537 3556
f 3461 3556 3575
f 3461 3575 3594
f 3461 3594 3613
f 3461 3613 3632
f 3461 3632 3651
f 3461 3651 3442
f 4048 4058 4068
f 4048 4068 4078
f 4048 4078 4088
f 4048 4088 4098
f 4048 4098 4108
f 4048 4108 4118
f 4048 4118 4128
f 4048 4128 4038
f 3864 3874 3884
f 3864 3884 3894
f 3864 3894 3904
f 3864 3904 3914
f 3864 3914 3924
f 3864 3924 3934
f 3864 3934 3944
f 3864 3944 3854
f 3680 3690 3700
f 3680 3700 3710
f 3680 3710 3720
f 3680 3720 3730
f 3680 3730 3740
f 3680 3740 3750
f 3680 3750 3760
f 3680 3760 3670
f 3741 3740 3730
f 3741 3730 3731
f 3701 3700 3690
f 3701 3690 3691
f 3691 3690 3680
f 3691 3680 3681
f 3731 3730 3720
f 3731 3720 3721
f 3671 3670 3760
f 3671 3760 3761
f 3751 3750 3740
f 3751 3740 3741
f 3711 3710 3700
f 3711 3700 3701
f 3681 3680 3670
f 3681 3670 3671
f 3721 3720 3710
f 3721 3710 3711
f 3761 3760 3750
f 3761 3750 3751
f 3672 3671 3761
f 3672 3761 3762
f 3732 3731 3721
f 3732 3721 3722
f 3692 3691 3681
f 3692 3681 3682
f 3702 3701 3691
f 3702 3691 3692
f 3742 3741 3731
f 3742 3731 3732
f 3762 3761 3751
f 3762 3751 3752
f 3722 3721 3711
f 3722 3711 3712
f 3682 3681 3671
f 3682 3671 3672
f 3712 3711 3701
f 3712 3701 3702
f 3752 3751 3741
f 3752 3741 3742
f 3743 3742 3732
f 3743 3732 3733
f 3703 3702 3692
f 3703 3692 3693
f 3693 3692 3682
f 3693 3682 3683
f 3733 3732 3722
f 3733 3722 3723
f 3673 3672 3762
f 3673 3762 3763
f 3753 3752 3742
f 3753 3742 3743
f 3713 3712 3702
f 3713 3702 3703
f 3683 3682 3672
f 3683 3672 3673
f 3723 3722 3712
f 3723 3712 3713
f 3763 3762 3752
f 3763 3752 3753
f 3674 3673 3763
f 3674 3763 3764
f 3734 3733 3723
f 3734 3723 3724
f 3694 3693 3683
f 3694 3683 3684
f 3704 3703 3693
f 3704 3693 3694
f 3744 3743 3733
f 3744 3733 3734
f 3764 3763 3753
f 3764 3753 3754
f 3724 3723 3713
f 3724 3713 3714
f 3684 3683 3673
f 3684 3673 3674
f 3714 3713 3703
f 3714 3703 3704
f 3754 3753 3743
f 3754 3743 3744
f 3745 3744 3734
f 3745 3734 3735
f 3705 3704 3694
f 3705 3694 3695
f 3695 3694 3684
f 3695 3684 3685
f 3735 3734 3724
f 3735 3724 3725
f 3675 3674 3764
f 3675 3764 3765
f 3755 3754 3744
f 3755 3744 3745
f 3715 3714 3704
f 3715 3704 3705
f 3685 3684 3674
f 3685 3674 3675
f 3725 3724 3714
f 3725 3714 3715
f 3765 3764 3754
f 3765 3754 3755
f 3676 3675 3765
f 3676 3765 3766
f 3736 3735 3725
f 3736 3725 3726
f 3696 3695 3685
f 3696 3685 3686
f 3706 3705 3695
f 3706 3695 3696
f 3746 3745 3735
f 3746 3735 3736
f 3766 3765 3755
f 3766 3755 3756
f 3726 3725 3715
f 3726 3715 3716
f 3686 3685 3675
f 3686 3675 3676
f 3716 3715 3705
f 3716 3705 3706
f 3756 3755 3745
f 3756 3745 3746
f 3747 3746 3736
f 3747 3736 3737
f 3707 3706 3696
f 3707 3696 3697
f 3697 3696 3686
f 3697 3686 3687
f 3737 3736 3726
f 3737 3726 3727
f 3677 3676 3766
f 3677 3766 3767
f 3757 3756 3746
f 3757 3746 3747
f 3717 3716 3706
f 3717 3706 3707
f 3687 3686 3676
f 3687 3676 3677
f 3727 3726 3716
f 3727 3716 3717
f 3767 3766 3756
f 3767 3756 3757
f 3838 3699 3689
f 3838 3689 3839
f 3775 3749 3739
f 3775 3739 3776
f 3838 3837 3799
f 3838 3799 3798
f 3838 3798 3709
f 3838 3709 3699
f 3678 3677 3767
f 3678 3767 3768
f 3758 3757 3747
f 3758 3747 3748
f 3738 3737 3727
f 3738 3727 3728
f 3718 3717 3707
f 3718 3707 3708
f 3698 3697 3687
f 3698 3687 3688
f 3688 3687 3677
f 3688 3677 3678
f 3708 3707 3697
f 3708 3697 3698
f 3728 3727 3717
f 3728 3717 3718
f 3748 3747 3737
f 3748 3737 3738
f 3768 3767 3757
f 3768 3757 3758
f 3759 3819 3818
f 3759 3818 3769
f 3719 3797 3796
f 3719 3796 3729
f 3769 3818 3817
f 3769 3817 3679
f 3679 3840 3839
f 3679 3839 3689
f 3729 3777 3776
f 3729 3776 3739
f 3775 3774 3820
f 3775 3820 3819
f 3775 3819 3759
f 3775 3759 3749
f 3679 3678 3768
f 3679 3768 3769
f 3759 3758 3748
f 3759 3748 3749
f 3739 3738 3728
f 3739 3728 3729
f 3719 3718 3708
f 3719 3708 3709
f 3699 3698 3688
f 3699 3688 3689
f 3689 3688 3678
f 3689 3678 3679
f 3709 3708 3698
f 3709 3698 3699
f 3729 3728 3718
f 3729 3718 3719
f 3749 3748 3738
f 3749 3738 3739
f 3769 3768 3758
f 3769 3758 3759
f 3798 3797 3719
f 3798 3719 3709
f 3795 3778 3777
f 3795 3777 3729
f 3795 3729 3796
f 3816 3841 3840
f 3816 3840 3679
f 3816 3679 3817
f 3935 3934 3924
f 3935 3924 3925
f 3895 3894 3884
f 3895 3884 3885
f 3865 3864 3854
f 3865 3854 3855
f 3905 3904 3894
f 3905 3894 3895
f 3945 3944 3934
f 3945 3934 3935
f 3925 3924 3914
f 3925 3914 3915
f 3885 3884 3874
f 3885 3874 3875
f 3875 3874 3864
f 3875 3864 3865
f 3915 3914 3904
f 3915 3904 3905
f 3855 3854 3944
f 3855 3944 3945
f 3946 3945 3935
f 3946 3935 3936
f 3906 3905 3895
f 3906 3895 3896
f 3866 3865 3855
f 3866 3855 3856
f 3896 3895 3885
f 3896 3885 3886
f 3936 3935 3925
f 3936 3925 3926
f 3856 3855 3945
f 3856 3945 3946
f 3916 3915 3905
f 3916 3905 3906
f 3876 3875 3865
f 3876 3865 3866
f 3886 3885 3875
f 3886 3875 3876
f 3926 3925 3915
f 3926 3915 3916
f 3937 3936 3926
f 3937 3926 3927
f 3897 3896 3886
f 3897 3886 3887
f 3867 3866 3856
f 3867 3856 3857
f 3907 3906 3896
f 3907 3896 3897
f 3947 3946 3936
f 3947 3936 3937
f 3927 3926 3916
f 3927 3916 3917
f 3887 3886 3876
f 3887 3876 3877
f 3877 3876 3866
f 3877 3866 3867
f 3917 3916 3906
f 3917 3906 3907
f 3857 3856 3946
f 3857 3946 3947
f 3948 3947 3937
f 3948 3937 3938
f 3908 3907 3897
f 3908 3897 3898
f 3868 3867 3857
f 3868 3857 3858
f 3898 3897 3887
f 3898 3887 3888
f 3938 3937 3927
f 3938 3927 3928
f 3858 3857 3947
f 3858 3947 3948
f 3918 3917 3907
f 3918 3907 3908
f 3878 3877 3867
f 3878 3867 3868
f 3888 3887 3877
f 3888 3877 3878
f 3928 3927 3917
f 3928 3917 3918
f 3939 3938 3928
f 3939 3928 3929
f 3899 3898 3888
f 3899 3888 3889
f 3869 3868 3858
f 3869 3858 3859
f 3909 3908 3898
f 3909 3898 3899
f 3949 3948 3938
f 3949 3938 3939
f 3929 3928 3918
f 3929 3918 3919
f 3889 3888 3878
f 3889 3878 3879
f 3879 3878 3868
f 3879 3868 3869
f 3919 3918 3908
f 3919 3908 3909
f 3859 3858 3948
f 3859 3948 3949
f 3950 3949 3939
f 3950 3939 3940
f 3910 3909 3899
f 3910 3899 3900
f 3870 3869 3859
f 3870 3859 3860
f 3900 3899 3889
f 3900 3889 3890
f 3940 3939 3929
f 3940 3929 3930
f 3860 3859 3949
f 3860 3949 3950
f 3920 3919 3909
f 3920 3909 3910
f 3880 3879 3869
f 3880 3869 3870
f 3890 3889 3879
f 3890 3879 3880
f 3930 3929 3919
f 3930 3919 3920
f 3941 3940 3930
f 3941 3930 3931
f 3901 3900 3890
f 3901 3890 3891
f 3871 3870 3860
f 3871 3860 3861
f 3911 3910 3900
f 3911 3900 3901
f 3951 3950 3940
f 3951 3940 3941
f 3931 3930 3920
f 3931 3920 3921
f 3891 3890 3880
f 3891 3880 3881
f 3881 3880 3870
f 3881 3870 3871
f 3921 3920 3910
f 3921 3910 3911
f 3861 3860 3950
f 3861 3950 3951
f 3863 4024 4023
f 3863 4023 3873
f 3913 3961 3960
f 3913 3960 3923
f 3959 3958 4004
f 3959 4004 4003
f 3959 4003 3943
f 3959 3943 3933
f 3982 3981 3903
f 3982 3903 3893
f 3952 3951 3941
f 3952 3941 3942
f 3932 3931 3921
f 3932 3921 3922
f 3912 3911 3901
f 3912 3901 3902
f 3892 3891 3881
f 3892 3881 3882
f 3872 3871 3861
f 3872 3861 3862
f 3882 3881 3871
f 3882 3871 3872
f 3902 3901 3891
f 3902 3891 3892
f 3922 3921 3911
f 3922 3911 3912
f 3942 3941 3931
f 3942 3931 3932
f 3862 3861 3951
f 3862 3951 3952
f 3979 3962 3961
f 3979 3961 3913
f 3979 3913 3980
f 4000 4025 4024
f 4000 4024 3863
f 4000 3863 4001
f 4022 3883 3873
f 4022 3873 4023
f 3959 3933 3923
f 3959 3923 3960
f 4022 4021 3983
f 4022 3983 3982
f 4022 3982 3893
f 4022 3893 3883
f 3953 3952 3942
f 3953 3942 3943
f 3933 3932 3922
f 3933 3922 3923
f 3913 3912 3902
f 3913 3902 3903
f 3893 3892 3882
f 3893 3882 3883
f 3873 3872 3862
f 3873 3862 3863
f 3883 3882 3872
f 3883 3872 3873
f 3903 3902 3892
f 3903 3892 3893
f 3923 3922 3912
f 3923 3912 3913
f 3943 3942 3932
f 3943 3932 3933
f 3863 3862 3952
f 3863 3952 3953
f 3943 4003 4002
f 3943 4002 3953
f 3903 3981 3980
f 3903 3980 3913
f 3953 4002 4001
f 3953 4001 3863
f 4109 4108 4098
f 4109 4098 4099
f 4069 4068 4058
f 4069 4058 4059
f 4059 4058 4048
f 4059 4048 4049
f 4099 4098 4088
f 4099 4088 4089
f 4039 4038 4128
f 4039 4128 4129
f 4119 4118 4108
f 4119 4108 4109
f 4079 4078 4068
f 4079 4068 4069
f 4049 4048 4038
f 4049 4038 4039
f 4089 4088 4078
f 4089 4078 4079
f 4129 4128 4118
f 4129 4118 4119
f 4040 4039 4129
f 4040 4129 4130
f 4100 4099 4089
f 4100 4089 4090
f 4060 4059 4049
f 4060 4049 4050
f 4070 4069 4059
f 4070 4059 4060
f 4110 4109 4099
f 4110 4099 4100
f 4130 4129 4119
f 4130 4119 4120
f 4090 4089 4079
f 4090 4079 4080
f 4050 4049 4039
f 4050 4039 4040
f 4080 4079 4069
f 4080 4069 4070
f 4120 4119 4109
f 4120 4109 4110
f 4111 4110 4100
f 4111 4100 4101
f 4071 4070 4060
f 4071 4060 4061
f 4061 4060 4050
f 4061 4050 4051
f 4101 4100 4090
f 4101 4090 4091
f 4041 4040 4130
f 4041 4130 4131
f 4121 4120 4110
f 4121 4110 4111
f 4081 4080 4070
f 4081 4070 4071
f 4051 4050 4040
f 4051 4040 4041
f 4091 4090 4080
f 4091 4080 4081
f 4131 4130 4120
f 4131 4120 4121
f 4042 4041 4131
f 4042 4131 4132
f 4102 4101 4091
f 4102 4091 4092
f 4062 4061 4051
f 4062 4051 4052
f 4072 4071 4061
f 4072 4061 4062
f 4112 4111 4101
f 4112 4101 4102
f 4132 4131 4121
f 4132 4121 4122
f 4092 4091 4081
f 4092 4081 4082
f 4052 4051 4041
f 4052 4041 4042
f 4082 4081 4071
f 4082 4071 4072
f 4122 4121 4111
f 4122 4111 4112
f 4113 4112 4102
f 4113 4102 4103
f 4073 4072 4062
f 4073 4062 4063
f 4063 4062 4052
f 4063 4052 4053
f 4103 4102 4092
f 4103 4092 4093
f 4043 4042 4132
f 4043 4132 4133
f 4123 4122 4112
f 4123 4112 4113
f 4083 4082 4072
f 4083 4072 4073
f 4053 4052 4042
f 4053 4042 4043
f 4093 4092 4082
f 4093 4082 4083
f 4133 4132 4122
f 4133 4122 4123
f 4044 4043 4133
f 4044 4133 4134
f 4104 4103 4093
f 4104 4093 4094
f 4064 4063 4053
f 4064 4053 4054
f 4074 4073 4063
f 4074 4063 4064
f 4114 4113 4103
f 4114 4103 4104
f 4134 4133 4123
f 4134 4123 4124
f 4094 4093 4083
f 4094 4083 4084
f 4054 4053 4043
f 4054 4043 4044
f 4084 4083 4073
f 4084 4073 4074
f 4124 4123 4113
f 4124 4113 4114
f 4115 4114 4104
f 4115 4104 4105
f 4075 4074 4064
f 4075 4064 4065
f 4065 4064 4054
f 4065 4054 4055
f 4105 4104 4094
f 4105 4094 4095
f 4045 4044 4134
f 4045 4134 4135
f 4125 4124 4114
f 4125 4114 4115
f 4085 4084 4074
f 4085 4074 4075
f 4055 4054 4044
f 4055 4044 4045
f 4095 4094 4084
f 4095 4084 4085
f 4135 4134 4124
f 4135 4124 4125
f 4206 4067 4057
f 4206 4057 4207
f 4143 4117 4107
f 4143 4107 4144
f 4206 4205 4167
f 4206 4167 4166
f 4206 4166 4077
f 4206 4077 4067
f 4137 4136 4126
f 4137 4126 4127
f 4117 4116 4106
f 4117 4106 4107
f 4097 4096 4086
f 4097 4086 4087
f 4077 4076 4066
f 4077 4066 4067
f 4057 4056 4046
f 4057 4046 4047
f 4067 4066 4056
f 4067 4056 4057
f 4087 4086 4076
f 4087 4076 4077
f 4107 4106 4096
f 4107 4096 4097
f 4127 4126 4116
f 4127 4116 4117
f 4047 4046 4136
f 4047 4136 4137
f 4127 4187 4186
f 4127 4186 4137
f 4087 4165 4164
f 4087 4164 4097
f 4137 4186 4185
f 4137 4185 4047
f 4047 4208 4207
f 4047 4207 4057
f 4097 4145 4144
f 4097 4144 4107
f 4143 4142 4188
f 4143 4188 4187
f 4143 4187 4127
f 4143 4127 4117
f 4166 4165 4087
f 4166 4087 4077
f 4136 4135 4125
f 4136 4125 4126
f 4116 4115 4105
f 4116 4105 4106
f 4096 4095 4085
f 4096 4085 4086
f 4076 4075 4065
f 4076 4065 4066
f 4056 4055 4045
f 4056 4045 4046
f 4066 4065 4055
f 4066 4055 4056
f 4086 4085 4075
f 4086 4075 4076
f 4106 4105 4095
f 4106 4095 4096
f 4126 4125 4115
f 4126 4115 4116
f 4046 4045 4135
f 4046 4135 4136
f 4163 4146 4145
f 4163 4145 4097
f 4163 4097 4164
f 4184 4209 4208
f 4184 4208 4047
f 4184 4047 4185
f 4215 4214 4216
f 4211 4210 4212
f 4201 4205 4209
f 4201 4209 4202
f 4195 4196 4194
f 4190 4189 4191
f 4180 4184 4188
f 4180 4188 4181
f 4174 4175 4173
f 4169 4168 4170
f 4159 4163 4167
f 4159 4167 4160
f 4152 4151 4153
f 4148 4147 4149
f 4138 4142 4146
f 4138 4146 4139
f 4205 4206 4207
f 4167 4163 4164
f 4164 4165 4167
f 4179 4157 4155
f 4179 4155 4177
f 4219 4176 4174
f 4219 4174 4217
f 4175 4151 4173
f 4196 4214 4194
f 4215 4170 4213
f 4152 4191 4150
f 4192 4210 4190
f 4171 4147 4169
f 4211 4168 4161
f 4211 4161 4204
f 4183 4203 4202
f 4183 4202 4180
f 4138 4181 4188
f 4138 4188 4142
f 4180 4202 4209
f 4180 4209 4184
f 4204 4161 4160
f 4204 4160 4201
f 4169 4147 4140
f 4169 4140 4162
f 4213 4168 4211
f 4150 4189 4148
f 4173 4149 4171
f 4194 4212 4192
f 4154 4193 4152
f 4217 4172 4215
f 4177 4155 4153
f 4177 4153 4175
f 4158 4199 4197
f 4158 4197 4156
f 4142 4143 4144
f 4188 4184 4185
f 4185 4186 4188
f 4148 4141 4140
f 4148 4140 4147
f 4152 4150 4151
f 4162 4159 4160
f 4162 4160 4161
f 4171 4170 4172
f 4177 4175 4174
f 4177 4174 4176
f 4190 4183 4182
f 4190 4182 4189
f 4194 4192 4193
f 4204 4201 4202
f 4204 4202 4203
f 4213 4212 4214
f 4219 4217 4216
f 4219 4216 4218
f 4215 4213 4214
f 4211 4204 4203
f 4211 4203 4210
f 4198 4196 4195
f 4198 4195 4197
f 4192 4191 4193
f 4183 4180 4181
f 4183 4181 4182
f 4173 4171 4172
f 4169 4162 4161
f 4169 4161 4168
f 4156 4154 4153
f 4156 4153 4155
f 4150 4149 4151
f 4141 4138 4139
f 4141 4139 4140
f 4186 4187 4188
f 4144 4145 4142
f 4145 4146 4142
f 4221 4178 4176
f 4221 4176 4219
f 4198 4218 4216
f 4198 4216 4196
f 4217 4174 4172
f 4154 4195 4193
f 4194 4214 4212
f 4173 4151 4149
f 4150 4191 4189
f 4213 4170 4168
f 4190 4210 4203
f 4190 4203 4183
f 4141 4182 4181
f 4141 4181 4138
f 4159 4139 4146
f 4159 4146 4163
f 4201 4160 4167
f 4201 4167 4205
f 4162 4140 4139
f 4162 4139 4159
f 4148 4189 4182
f 4148 4182 4141
f 4171 4149 4147
f 4192 4212 4210
f 4152 4193 4191
f 4215 4172 4170
f 4196 4216 4214
f 4175 4153 4151
f 4156 4197 4195
f 4156 4195 4154
f 4200 4220 4218
f 4200 4218 4198
f 4165 4166 4167
f 4207 4208 4205
f 4208 4209 4205
f 4150 4148 4149
f 4154 4152 4153
f 4158 4156 4155
f 4158 4155 4157
f 4171 4169 4170
f 4173 4172 4174
f 4179 4177 4176
f 4179 4176 4178
f 4192 4190 4191
f 4194 4193 4195
f 4200 4198 4197
f 4200 4197 4199
f 4213 4211 4212
f 4217 4215 4216
f 4221 4219 4218
f 4221 4218 4220
f 3847 3846 3848
f 3843 3842 3844
f 3833 3837 3841
f 3833 3841 3834
f 3827 3828 3826
f 3822 3821 3823
f 3812 3816 3820
f 3812 3820 3813
f 3806 3807 3805
f 3801 3800 3802
f 3791 3795 3799
f 3791 3799 3792
f 3784 3783 3785
f 3780 3779 3781
f 3770 3774 3778
f 3770 3778 3771
f 3837 3838 3839
f 3799 3795 3796
f 3796 3797 3799
f 3811 3789 3787
f 3811 3787 3809
f 3851 3808 3806
f 3851 3806 3849
f 3807 3783 3805
f 3828 3846 3826
f 3847 3802 3845
f 3784 3823 3782
f 3824 3842 3822
f 3803 3779 3801
f 3843 3800 3793
f 3843 3793 3836
f 3815 3835 3834
f 3815 3834 3812
f 3770 3813 3820
f 3770 3820 3774
f 3812 3834 3841
f 3812 3841 3816
f 3836 3793 3792
f 3836 3792 3833
f 3801 3779 3772
f 3801 3772 3794
f 3845 3800 3843
f 3782 3821 3780
f 3805 3781 3803
f 3826 3844 3824
f 3786 3825 3784
f 3849 3804 3847
f 3809 3787 3785
f 3809 3785 3807
f 3790 3831 3829
f 3790 3829 3788
f 3774 3775 3776
f 3820 3816 3817
f 3817 3818 3820
f 3780 3773 3772
f 3780 3772 3779
f 3784 3782 3783
f 3794 3791 3792
f 3794 3792 3793
f 3803 3802 3804
f 3809 3807 3806
f 3809 3806 3808
f 3822 3815 3814
f 3822 3814 3821
f 3826 3824 3825
f 3836 3833 3834
f 3836 3834 3835
f 3845 3844 3846
f 3851 3849 3848
f 3851 3848 3850
f 3847 3845 3846
f 3843 3836 3835
f 3843 3835 3842
f 3830 3828 3827
f 3830 3827 3829
f 3824 3823 3825
f 3815 3812 3813
f 3815 3813 3814
f 3805 3803 3804
f 3801 3794 3793
f 3801 3793 3800
f 3788 3786 3785
f 3788 3785 3787
f 3782 3781 3783
f 3773 3770 3771
f 3773 3771 3772
f 3818 3819 3820
f 3776 3777 3774
f 3777 3778 3774
f 3853 3810 3808
f 3853 3808 3851
f 3830 3850 3848
f 3830 3848 3828
f 3849 3806 3804
f 3786 3827 3825
f 3826 3846 3844
f 3805 3783 3781
f 3782 3823 3821
f 3845 3802 3800
f 3822 3842 3835
f 3822 3835 3815
f 3773 3814 3813
f 3773 3813 3770
f 3791 3771 3778
f 3791 3778 3795
f 3833 3792 3799
f 3833 3799 3837
f 3794 3772 3771
f 3794 3771 3791
f 3780 3821 3814
f 3780 3814 3773
f 3803 3781 3779
f 3824 3844 3842
f 3784 3825 3823
f 3847 3804 3802
f 3828 3848 3846
f 3807 3785 3783
f 3788 3829 3827
f 3788 3827 3786
f 3832 3852 3850
f 3832 3850 3830
f 3797 3798 3799
f 3839 3840 3837
f 3840 3841 3837
f 3782 3780 3781
f 3786 3784 3785
f 3790 3788 3787
f 3790 3787 3789
f 3803 3801 3802
f 3805 3804 3806
f 3811 3809 3808
f 3811 3808 3810
f 3824 3822 3823
f 3826 3825 3827
f 3832 3830 3829
f 3832 3829 3831
f 3845 3843 3844
f 3849 3847 3848
f 3853 3851 3850
f 3853 3850 3852
f 3789 3811 3810
f 3789 3810 3853
f 3789 3853 3852
f 3789 3852 3832
f 3789 3832 3831
f 3789 3831 3790
f 3973 3995 3994
f 3973 3994 4037
f 3973 4037 4036
f 3973 4036 4016
f 3973 4016 4015
f 3973 4015 3974
f 4157 4179 4178
f 4157 4178 4221
f 4157 4221 4220
f 4157 4220 4200
f 4157 4200 4199
f 4157 4199 4158
f 4035 4033 4032
f 4035 4032 4034
f 4031 4029 4030
f 4020 4017 4018
f 4020 4018 4019
f 4009 4010 4008
f 4006 3999 3998
f 4006 3998 4005
f 3993 3991 3990
f 3993 3990 3992
f 3987 3986 3988
f 3978 3975 3976
f 3978 3976 3977
f 3966 3965 3967
f 3964 3957 3956
f 3964 3956 3963
f 4004 4000 4001
f 4001 4002 4004
f 3958 3959 3960
f 3974 4015 4013
f 3974 4013 3972
f 3993 3971 3969
f 3993 3969 3991
f 4033 3990 3988
f 3970 4011 4009
f 4010 4030 4028
f 3989 3967 3965
f 3966 4007 4005
f 4029 3986 3984
f 3985 3963 3956
f 3985 3956 3978
f 4020 3977 3976
f 4020 3976 4017
f 3996 4018 4025
f 3996 4025 4000
f 3954 3997 4004
f 3954 4004 3958
f 3999 4019 4018
f 3999 4018 3996
f 4027 3984 3977
f 4027 3977 4020
f 3987 3965 3963
f 4008 4028 4026
f 3968 4009 4007
f 4031 3988 3986
f 4012 4032 4030
f 3991 3969 3967
f 4035 3992 3990
f 4035 3990 4033
f 3995 3973 3971
f 3995 3971 3993
f 3983 3979 3980
f 3980 3981 3983
f 4021 4022 4023
f 3954 3958 3962
f 3954 3962 3955
f 3966 3964 3965
f 3970 3968 3969
f 3975 3979 3983
f 3975 3983 3976
f 3987 3985 3986
f 3991 3989 3990
f 3996 4000 4004
f 3996 4004 3997
f 4008 4006 4007
f 4012 4010 4011
f 4017 4021 4025
f 4017 4025 4018
f 4029 4027 4028
f 4033 4031 4032
f 4037 4035 4034
f 4037 4034 4036
f 4031 4030 4032
f 4027 4026 4028
f 4016 4014 4013
f 4016 4013 4015
f 4010 4009 4011
f 4006 4005 4007
f 3995 3993 3992
f 3995 3992 3994
f 3989 3988 3990
f 3985 3984 3986
f 3974 3972 3971
f 3974 3971 3973
f 3968 3967 3969
f 3964 3963 3965
f 4023 4024 4021
f 4024 4025 4021
f 3981 3982 3983
f 4016 4036 4034
f 4016 4034 4014
f 3972 4013 4011
f 3972 4011 3970
f 3991 3967 3989
f 4012 4030 4010
f 4031 3986 4029
f 3968 4007 3966
f 4008 4026 4006
f 3987 3963 3985
f 3964 4005 3998
f 3964 3998 3957
f 3978 3956 3955
f 3978 3955 3975
f 4017 3976 3983
f 4017 3983 4021
f 3975 3955 3962
f 3975 3962 3979
f 3957 3998 3997
f 3957 3997 3954
f 4006 4026 4019
f 4006 4019 3999
f 4029 3984 4027
f 3966 4005 3964
f 3989 3965 3987
f 4010 4028 4008
f 3970 4009 3968
f 4033 3988 4031
f 4014 4034 4032
f 4014 4032 4012
f 4037 3994 3992
f 4037 3992 4035
f 3960 3961 3958
f 3961 3962 3958
f 4002 4003 4004
f 3957 3954 3955
f 3957 3955 3956
f 3968 3966 3967
f 3972 3970 3969
f 3972 3969 3971
f 3985 3978 3977
f 3985 3977 3984
f 3988 3989 3987
f 3999 3996 3997
f 3999 3997 3998
f 4008 4007 4009
f 4014 4012 4011
f 4014 4011 4013
f 4027 4020 4019
f 4027 4019 4026
f 4029 4028 4030
f 4263 4238 4240
f 4263 4230 4232
f 4262 4260 4242
f 4262 4252 4254
f 4262 4244 4246
f 4255 4257 4256
f 4255 4256 4254
f 4247 4249 4248
f 4247 4248 4246
f 4240 4238 4239
f 4240 4239 4241
f 4232 4230 4231
f 4232 4231 4233
f 4222 4224 4225
f 4222 4225 4223
f 4241 4239 4255
f 4241 4255 4253
f 4233 4231 4243
f 4233 4243 4261
f 4263 4224 4222
f 4231 4229 4245
f 4231 4245 4243
f 4239 4237 4257
f 4239 4257 4255
f 4227 4223 4249
f 4227 4249 4247
f 4230 4228 4229
f 4230 4229 4231
f 4238 4236 4237
f 4238 4237 4239
f 4245 4247 4246
f 4245 4246 4244
f 4253 4255 4254
f 4253 4254 4252
f 4261 4243 4242
f 4261 4242 4260
f 4262 4250 4252
f 4262 4258 4260
f 4263 4228 4230
f 4263 4236 4238
f 4263 4240 4224
f 4263 4232 4234
f 4263 4222 4226
f 4262 4254 4256
f 4262 4246 4248
f 4257 4259 4258
f 4257 4258 4256
f 4249 4251 4250
f 4249 4250 4248
f 4224 4240 4241
f 4224 4241 4225
f 4234 4232 4233
f 4234 4233 4235
f 4226 4222 4223
f 4226 4223 4227
f 4225 4241 4253
f 4225 4253 4251
f 4235 4233 4261
f 4235 4261 4259
f 4262 4242 4244
f 4229 4227 4247
f 4229 4247 4245
f 4237 4235 4259
f 4237 4259 4257
f 4223 4225 4251
f 4223 4251 4249
f 4228 4226 4227
f 4228 4227 4229
f 4236 4234 4235
f 4236 4235 4237
f 4243 4245 4244
f 4243 4244 4242
f 4251 4253 4252
f 4251 4252 4250
f 4259 4261 4260
f 4259 4260 4258
f 4262 4248 4250
f 4262 4256 4258
f 4263 4226 4228
f 4263 4234 4236
f 4264 4295 4296
f 4264 4291 4292
f 4267 4304 4305
f 4267 4300 4301
f 4277 4275 4268
f 4277 4268 4305
f 4285 4283 4302
f 4285 4302 4301
f 4273 4272 4298
f 4273 4298 4269
f 4296 4295 4280
f 4296 4280 4282
f 4292 4291 4270
f 4292 4270 4274
f 4271 4288 4289
f 4271 4289 4272
f 4282 4280 4281
f 4282 4281 4283
f 4274 4270 4273
f 4274 4273 4275
f 4264 4265 4266
f 4276 4274 4275
f 4276 4275 4277
f 4284 4282 4283
f 4284 4283 4285
f 4266 4265 4286
f 4266 4286 4288
f 4293 4292 4274
f 4293 4274 4276
f 4297 4296 4282
f 4297 4282 4284
f 4272 4289 4299
f 4272 4299 4298
f 4283 4281 4303
f 4283 4303 4302
f 4267 4269 4298
f 4267 4301 4302
f 4267 4305 4268
f 4264 4292 4293
f 4264 4296 4297
f 4264 4294 4295
f 4264 4290 4291
f 4267 4303 4304
f 4267 4299 4300
f 4279 4277 4305
f 4279 4305 4304
f 4287 4285 4301
f 4287 4301 4300
f 4275 4273 4269
f 4275 4269 4268
f 4295 4294 4278
f 4295 4278 4280
f 4291 4290 4271
f 4291 4271 4270
f 4288 4286 4287
f 4288 4287 4289
f 4280 4278 4279
f 4280 4279 4281
f 4270 4271 4272
f 4270 4272 4273
f 4267 4268 4269
f 4278 4276 4277
f 4278 4277 4279
f 4286 4284 4285
f 4286 4285 4287
f 4290 4266 4288
f 4290 4288 4271
f 4294 4293 4276
f 4294 4276 4278
f 4265 4297 4284
f 4265 4284 4286
f 4289 4287 4300
f 4289 4300 4299
f 4281 4279 4304
f 4281 4304 4303
f 4267 4298 4299
f 4267 4302 4303
f 4264 4266 4290
f 4264 4293 4294
f 4264 4297 4265
f 4428 4430 4431
f 4428 4431 4429
f 4420 4422 4423
f 4420 4423 4421
f 4412 4414 4415
f 4412 4415 4413
f 4402 4406 4407
f 4402 4407 4403
f 4396 4398 4399
f 4396 4399 4397
f 4388 4390 4391
f 4388 4391 4389
f 4380 4382 4383
f 4380 4383 4381
f 4370 4374 4375
f 4370 4375 4371
f 4360 4362 4363
f 4360 4363 4361
f 4352 4354 4355
f 4352 4355 4353
f 4344 4346 4347
f 4344 4347 4345
f 4306 4321 4320
f 4306 4320 4319
f 4306 4319 4318
f 4306 4318 4307
f 4364 4362 4412
f 4364 4412 4410
f 4338 4341 4402
f 4338 4402 4405
f 4348 4346 4428
f 4348 4428 4426
f 4356 4354 4420
f 4356 4420 4418
f 4321 4306 4386
f 4321 4386 4384
f 4317 4318 4378
f 4317 4378 4376
f 4313 4314 4373
f 4313 4373 4400
f 4309 4310 4394
f 4309 4394 4392
f 4391 4393 4415
f 4391 4415 4417
f 4383 4385 4423
f 4383 4423 4425
f 4375 4377 4431
f 4375 4431 4433
f 4399 4401 4407
f 4399 4407 4409
f 4308 4307 4318
f 4397 4399 4409
f 4397 4409 4411
f 4371 4375 4433
f 4371 4433 4404
f 4381 4383 4425
f 4381 4425 4427
f 4389 4391 4417
f 4389 4417 4419
f 4307 4388 4386
f 4310 4311 4396
f 4310 4396 4394
f 4312 4313 4400
f 4316 4317 4376
f 4316 4376 4374
f 4321 4384 4382
f 4358 4356 4418
f 4358 4418 4416
f 4350 4348 4426
f 4350 4426 4424
f 4342 4338 4405
f 4342 4405 4432
f 4366 4364 4410
f 4366 4410 4408
f 4313 4312 4311
f 4313 4311 4310
f 4313 4310 4314
f 4341 4338 4339
f 4341 4339 4340
f 4346 4348 4349
f 4346 4349 4347
f 4354 4356 4357
f 4354 4357 4355
f 4362 4364 4365
f 4362 4365 4363
f 4366 4369 4367
f 4374 4376 4377
f 4374 4377 4375
f 4382 4384 4385
f 4382 4385 4383
f 4390 4392 4393
f 4390 4393 4391
f 4398 4400 4401
f 4405 4402 4403
f 4405 4403 4404
f 4410 4412 4413
f 4410 4413 4411
f 4418 4420 4421
f 4418 4421 4419
f 4426 4428 4429
f 4426 4429 4427
f 4430 4432 4433
f 4430 4433 4431
f 4422 4424 4425
f 4422 4425 4423
f 4414 4416 4417
f 4414 4417 4415
f 4406 4408 4409
f 4406 4409 4407
f 4398 4401 4399
f 4394 4396 4397
f 4394 4397 4395
f 4386 4388 4389
f 4386 4389 4387
f 4378 4380 4381
f 4378 4381 4379
f 4373 4370 4371
f 4373 4371 4372
f 4366 4368 4369
f 4358 4360 4361
f 4358 4361 4359
f 4350 4352 4353
f 4350 4353 4351
f 4342 4344 4345
f 4342 4345 4343
f 4309 4315 4314
f 4309 4314 4310
f 4362 4360 4414
f 4362 4414 4412
f 4341 4368 4406
f 4341 4406 4402
f 4346 4344 4430
f 4346 4430 4428
f 4354 4352 4422
f 4354 4422 4420
f 4320 4321 4382
f 4318 4319 4380
f 4318 4380 4378
f 4314 4315 4370
f 4314 4370 4373
f 4400 4398 4312
f 4308 4309 4392
f 4308 4392 4390
f 4386 4306 4307
f 4385 4387 4421
f 4385 4421 4423
f 4377 4379 4429
f 4377 4429 4431
f 4401 4372 4403
f 4401 4403 4407
f 4393 4395 4413
f 4393 4413 4415
f 4395 4397 4411
f 4395 4411 4413
f 4372 4371 4404
f 4372 4404 4403
f 4379 4381 4427
f 4379 4427 4429
f 4387 4389 4419
f 4387 4419 4421
f 4307 4308 4390
f 4307 4390 4388
f 4311 4312 4398
f 4311 4398 4396
f 4315 4316 4374
f 4315 4374 4370
f 4319 4320 4382
f 4319 4382 4380
f 4360 4358 4416
f 4360 4416 4414
f 4352 4350 4424
f 4352 4424 4422
f 4344 4342 4432
f 4344 4432 4430
f 4368 4366 4408
f 4368 4408 4406
f 4308 4318 4317
f 4308 4317 4316
f 4308 4316 4315
f 4308 4315 4309
f 4338 4342 4343
f 4338 4343 4339
f 4348 4350 4351
f 4348 4351 4349
f 4356 4358 4359
f 4356 4359 4357
f 4364 4366 4367
f 4364 4367 4365
f 4376 4378 4379
f 4376 4379 4377
f 4384 4386 4387
f 4384 4387 4385
f 4392 4394 4395
f 4392 4395 4393
f 4400 4373 4372
f 4400 4372 4401
f 4408 4410 4411
f 4408 4411 4409
f 4416 4418 4419
f 4416 4419 4417
f 4424 4426 4427
f 4424 4427 4425
f 4432 4405 4404
f 4432 4404 4433
f 4332 4331 4330
f 4332 4330 4329
f 4332 4329 4333
f 4334 4328 4327
f 4334 4327 4326
f 4334 4326 4325
f 4334 4325 4335
f 4333 4334 4361
f 4333 4361 4363
f 4329 4330 4369
f 4329 4369 4340
f 4325 4326 4345
f 4325 4345 4347
f 4323 4324 4351
f 4322 4323 4351
f 4322 4351 4353
f 4326 4327 4343
f 4326 4343 4345
f 4369 4330 4331
f 4332 4333 4363
f 4332 4363 4365
f 4337 4355 4357
f 4324 4323 4322
f 4324 4322 4337
f 4324 4337 4336
f 4324 4336 4325
f 4333 4329 4328
f 4333 4328 4334
f 4336 4337 4357
f 4334 4335 4359
f 4334 4359 4361
f 4331 4367 4369
f 4328 4329 4340
f 4328 4340 4339
f 4324 4325 4347
f 4324 4347 4349
f 4337 4322 4353
f 4337 4353 4355
f 4324 4349 4351
f 4327 4328 4339
f 4327 4339 4343
f 4331 4332 4365
f 4331 4365 4367
f 4335 4336 4357
f 4335 4357 4359
f 4335 4325 4336
f 4368 4341 4340
f 4368 4340 4369
f 4547 4546 4549
f 4547 4549 4548
f 4435 4434 4438
f 4435 4438 4444
f 4435 4444 4445
f 4435 4445 4440
f 4491 4490 4493
f 4491 4493 4492
f 4448 4479 4478
f 4448 4478 4450
f 4527 4445 4456
f 4527 4456 4528
f 4482 4445 4453
f 4482 4453 4483
f 4435 4436 4437
f 4435 4437 4434
f 4487 4486 4489
f 4487 4489 4488
f 4458 4459 4448
f 4458 4448 4441
f 4464 4465 4439
f 4464 4439 4449
f 4479 4480 4465
f 4479 4465 4464
f 4494 4495 4480
f 4494 4480 4479
f 4492 4493 4474
f 4492 4474 4477
f 4477 4474 4459
f 4477 4459 4458
f 4437 4436 4441
f 4437 4441 4448
f 4437 4448 4449
f 4437 4449 4439
f 4459 4494 4479
f 4459 4479 4448
f 4547 4548 4541
f 4547 4541 4540
f 4531 4530 4533
f 4531 4533 4532
f 4487 4488 4473
f 4487 4473 4472
f 4441 4436 4435
f 4441 4435 4440
f 4441 4440 4442
f 4441 4442 4443
f 4461 4458 4441
f 4461 4441 4443
f 4531 4457 4440
f 4531 4440 4530
f 4540 4541 4534
f 4540 4534 4537
f 4472 4473 4454
f 4472 4454 4457
f 4457 4454 4442
f 4457 4442 4440
f 4476 4477 4458
f 4476 4458 4461
f 4491 4492 4477
f 4491 4477 4476
f 4537 4534 4443
f 4537 4443 4442
f 4509 4506 4503
f 4509 4503 4502
f 4484 4485 4466
f 4484 4466 4469
f 4469 4466 4438
f 4469 4438 4447
f 4434 4437 4439
f 4434 4439 4446
f 4434 4446 4447
f 4434 4447 4438
f 4502 4503 4438
f 4502 4438 4466
f 4499 4500 4485
f 4499 4485 4484
f 4465 4462 4446
f 4465 4446 4439
f 4480 4481 4462
f 4480 4462 4465
f 4495 4496 4481
f 4495 4481 4480
f 4449 4448 4450
f 4449 4450 4451
f 4453 4452 4451
f 4453 4451 4450
f 4452 4453 4445
f 4452 4445 4444
f 4447 4446 4451
f 4447 4451 4452
f 4549 4546 4543
f 4549 4543 4544
f 4543 4542 4545
f 4543 4545 4544
f 4460 4497 4494
f 4460 4494 4459
f 4495 4494 4497
f 4495 4497 4496
f 4499 4498 4501
f 4499 4501 4500
f 4498 4455 4456
f 4498 4456 4501
f 4483 4453 4455
f 4483 4455 4498
f 4473 4470 4455
f 4473 4455 4454
f 4468 4469 4447
f 4468 4447 4452
f 4488 4489 4470
f 4488 4470 4473
f 4483 4484 4469
f 4483 4469 4468
f 4454 4455 4453
f 4454 4453 4442
f 4498 4499 4484
f 4498 4484 4483
f 4450 4478 4497
f 4450 4497 4460
f 4460 4461 4443
f 4460 4443 4450
f 4481 4478 4463
f 4481 4463 4462
f 4496 4497 4478
f 4496 4478 4481
f 4490 4491 4476
f 4490 4476 4475
f 4475 4476 4461
f 4475 4461 4460
f 4462 4463 4451
f 4462 4451 4446
f 4463 4464 4449
f 4463 4449 4451
f 4478 4479 4464
f 4478 4464 4463
f 4646 4648 4510
f 4646 4510 4517
f 4529 4526 4523
f 4529 4523 4522
f 4516 4517 4510
f 4516 4510 4513
f 4513 4510 4507
f 4513 4507 4508
f 4522 4523 4520
f 4522 4520 4519
f 4660 4654 4521
f 4660 4521 4520
f 4659 4655 4654
f 4659 4654 4660
f 4657 4661 4660
f 4657 4660 4658
f 4660 4661 4659
f 4640 4646 4517
f 4640 4517 4514
f 4520 4521 4514
f 4520 4514 4517
f 4507 4506 4509
f 4507 4509 4508
f 4519 4520 4517
f 4519 4517 4516
f 4532 4533 4526
f 4532 4526 4529
f 4658 4660 4520
f 4658 4520 4523
f 4482 4483 4468
f 4482 4468 4467
f 4467 4468 4452
f 4467 4452 4444
f 4504 4505 4467
f 4504 4467 4444
f 4489 4486 4471
f 4489 4471 4470
f 4470 4471 4456
f 4470 4456 4455
f 4486 4487 4472
f 4486 4472 4471
f 4471 4472 4457
f 4471 4457 4456
f 4493 4490 4475
f 4493 4475 4474
f 4474 4475 4460
f 4474 4460 4459
f 4501 4456 4445
f 4501 4445 4482
f 4485 4482 4467
f 4485 4467 4466
f 4500 4501 4482
f 4500 4482 4485
f 4503 4504 4444
f 4503 4444 4438
f 4510 4511 4504
f 4510 4504 4507
f 4648 4649 4647
f 4645 4649 4648
f 4645 4648 4646
f 4647 4643 4642
f 4647 4642 4648
f 4648 4642 4511
f 4648 4511 4510
f 4506 4507 4504
f 4506 4504 4503
f 4642 4643 4641
f 4512 4513 4508
f 4512 4508 4505
f 4508 4509 4502
f 4508 4502 4505
f 4518 4519 4516
f 4518 4516 4515
f 4528 4529 4522
f 4528 4522 4525
f 4531 4532 4529
f 4531 4529 4528
f 4525 4522 4519
f 4525 4519 4518
f 4515 4516 4513
f 4515 4513 4512
f 4505 4502 4466
f 4505 4466 4467
f 4528 4456 4457
f 4528 4457 4531
f 4653 4650 4652
f 4653 4652 4654
f 4651 4652 4650
f 4642 4640 4514
f 4642 4514 4511
f 4524 4525 4518
f 4524 4518 4521
f 4514 4515 4512
f 4514 4512 4511
f 4639 4640 4638
f 4654 4655 4653
f 4511 4512 4505
f 4511 4505 4504
f 4521 4518 4515
f 4521 4515 4514
f 4527 4528 4525
f 4527 4525 4524
f 4654 4652 4524
f 4654 4524 4521
f 4641 4638 4640
f 4641 4640 4642
f 4530 4440 4445
f 4530 4445 4527
f 4533 4530 4527
f 4533 4527 4526
f 4651 4656 4658
f 4651 4658 4652
f 4652 4658 4523
f 4652 4523 4524
f 4526 4527 4524
f 4526 4524 4523
f 4657 4658 4656
f 4541 4538 4535
f 4541 4535 4534
f 4544 4545 4538
f 4544 4538 4541
f 4548 4549 4544
f 4548 4544 4541
f 4534 4535 4450
f 4534 4450 4443
f 4545 4542 4539
f 4545 4539 4538
f 4538 4539 4536
f 4538 4536 4535
f 4535 4536 4453
f 4535 4453 4450
f 4536 4537 4442
f 4536 4442 4453
f 4546 4547 4540
f 4546 4540 4543
f 4542 4543 4540
f 4542 4540 4539
f 4539 4540 4537
f 4539 4537 4536
f 4645 4646 4644
f 4639 4644 4646
f 4639 4646 4640
f 4635 4628 4644
f 4635 4644 4639
f 4635 4639 4638
f 4635 4638 4636
f 4634 4629 4628
f 4634 4628 4635
f 4597 4602 4605
f 4597 4605 4595
f 4596 4589 4591
f 4596 4591 4597
f 4635 4636 4637
f 4635 4637 4634
f 4596 4597 4595
f 4594 4595 4605
f 4594 4605 4600
f 4633 4636 4638
f 4633 4638 4641
f 4601 4604 4629
f 4601 4629 4634
f 4587 4588 4586
f 4599 4600 4601
f 4599 4601 4598
f 4580 4599 4598
f 4580 4598 4581
f 4632 4637 4636
f 4632 4636 4633
f 4600 4605 4604
f 4600 4604 4601
f 4593 4596 4595
f 4593 4595 4594
f 4593 4594 4592
f 4586 4592 4599
f 4586 4599 4580
f 4596 4593 4588
f 4596 4588 4589
f 4581 4598 4637
f 4581 4637 4632
f 4590 4591 4589
f 4603 4604 4605
f 4603 4605 4602
f 4588 4593 4592
f 4588 4592 4586
f 4594 4600 4599
f 4594 4599 4592
f 4601 4634 4637
f 4601 4637 4598
f 4625 4647 4649
f 4625 4649 4622
f 4633 4641 4643
f 4633 4643 4630
f 4626 4623 4622
f 4626 4622 4627
f 4583 4578 4631
f 4583 4631 4624
f 4627 4622 4649
f 4627 4649 4645
f 4623 4624 4625
f 4623 4625 4622
f 4583 4624 4623
f 4583 4623 4584
f 4624 4631 4630
f 4624 4630 4625
f 4631 4632 4633
f 4631 4633 4630
f 4579 4580 4581
f 4579 4581 4578
f 4625 4630 4643
f 4625 4643 4647
f 4582 4579 4578
f 4582 4578 4583
f 4581 4632 4631
f 4581 4631 4578
f 4627 4645 4644
f 4627 4644 4628
f 4589 4588 4587
f 4589 4587 4590
f 4583 4584 4585
f 4583 4585 4582
f 4603 4584 4623
f 4603 4623 4626
f 4586 4580 4579
f 4586 4579 4587
f 4602 4585 4584
f 4602 4584 4603
f 4590 4582 4585
f 4590 4585 4591
f 4597 4591 4585
f 4597 4585 4602
f 4590 4587 4579
f 4590 4579 4582
f 4627 4628 4629
f 4627 4629 4626
f 4603 4626 4629
f 4603 4629 4604
f 4611 4657 4656
f 4611 4656 4612
f 4611 4606 4661
f 4611 4661 4657
f 4607 4608 4609
f 4607 4609 4606
f 4610 4607 4606
f 4610 4606 4611
f 4609 4659 4661
f 4609 4661 4606
f 4573 4618 4621
f 4573 4621 4570
f 4569 4574 4577
f 4569 4577 4567
f 4568 4561 4563
f 4568 4563 4569
f 4554 4551 4550
f 4554 4550 4555
f 4575 4576 4577
f 4575 4577 4574
f 4562 4563 4561
f 4573 4576 4613
f 4573 4613 4618
f 4568 4565 4560
f 4568 4560 4561
f 4553 4570 4621
f 4553 4621 4616
f 4558 4564 4571
f 4558 4571 4552
f 4559 4560 4558
f 4571 4572 4573
f 4571 4573 4570
f 4565 4568 4567
f 4565 4567 4566
f 4572 4577 4576
f 4572 4576 4573
f 4608 4615 4614
f 4608 4614 4609
f 4616 4621 4620
f 4616 4620 4617
f 4555 4608 4607
f 4555 4607 4556
f 4552 4571 4570
f 4552 4570 4553
f 4615 4616 4617
f 4615 4617 4614
f 4565 4566 4564
f 4551 4552 4553
f 4551 4553 4550
f 4555 4550 4615
f 4555 4615 4608
f 4617 4620 4650
f 4617 4650 4653
f 4609 4614 4655
f 4609 4655 4659
f 4566 4567 4577
f 4566 4577 4572
f 4568 4569 4567
f 4619 4620 4621
f 4619 4621 4618
f 4560 4565 4564
f 4560 4564 4558
f 4566 4572 4571
f 4566 4571 4564
f 4553 4616 4615
f 4553 4615 4550
f 4617 4653 4655
f 4617 4655 4614
f 4618 4613 4612
f 4618 4612 4619
f 4619 4651 4650
f 4619 4650 4620
f 4619 4612 4656
f 4619 4656 4651
f 4575 4610 4613
f 4575 4613 4576
f 4611 4612 4613
f 4611 4613 4610
f 4562 4559 4551
f 4562 4551 4554
f 4569 4563 4557
f 4569 4557 4574
f 4562 4554 4557
f 4562 4557 4563
f 4574 4557 4556
f 4574 4556 4575
f 4558 4552 4551
f 4558 4551 4559
f 4575 4556 4607
f 4575 4607 4610
f 4555 4556 4557
f 4555 4557 4554
f 4561 4560 4559
f 4561 4559 4562
