# Phase 3 generated mesh
o mesh
v 32.016192 14.894949 24.505563
v 32.078838 15.770974 24.506459
v 36.951862 15.695090 22.410060
v 36.742947 14.916130 22.404968
v 41.686845 13.742150 19.604882
v 41.429744 13.202735 19.600686
v 44.868061 11.542821 18.001504
v 44.292965 11.167434 18.000852
v 45.087526 6.062563 16.095731
v 44.461596 6.080200 16.095039
v 43.668379 2.397694 15.372777
v 43.869881 5.582740 11.308082
v 43.376452 3.249280 11.843913
v 41.603873 3.777412 6.871706
v 42.284384 5.679519 5.604531
v 43.877416 11.218146 12.814925
v 43.786258 11.249713 9.748125
v 42.448983 10.730460 3.531512
v 43.352217 14.299202 8.337736
v 41.620777 13.695797 1.807975
v 39.750726 17.867536 -0.217224
v 42.175141 18.424425 6.988689
v 41.209831 19.389653 9.760670
v 31.476207 15.548536 29.229955
v 36.959764 15.106512 27.901804
v 41.552266 13.393483 26.826762
v 44.722851 9.214616 23.888920
v 44.825048 4.242247 22.161268
v 31.397431 14.511498 31.571683
v 36.810399 13.475029 30.993613
v 40.722879 10.876159 30.989214
v 42.624905 5.323969 30.971577
v 42.242838 2.274317 30.964123
v 43.748784 2.274439 21.494402
v 36.397295 19.948416 11.483637
v 31.852653 20.317530 11.392479
v 28.463540 20.076844 11.201486
v 27.509024 14.505836 23.835968
v 26.960607 15.164922 23.872545
v 27.122762 15.001016 28.935625
v 22.812045 13.155160 20.971117
v 22.135974 13.985280 20.976168
v 22.620767 13.202246 28.153406
v 38.000143 8.340627 34.730334
v 35.296062 10.425010 34.731393
v 39.243612 5.525796 34.729967
v 31.412054 11.626729 34.730741
v 27.368580 13.938927 31.002452
v 27.941314 10.078869 34.729479
v 23.756988 11.611618 30.990477
v 25.766017 8.219042 34.727483
v 33.533788 7.045021 36.056652
v 31.364683 8.005158 36.056001
v 29.241156 6.797492 36.054616
v 28.335763 5.955764 36.054290
v 24.410820 6.166634 34.725731
v 27.593014 4.847159 36.053923
v 23.936576 4.221636 34.723450
v 27.316524 3.213191 36.053271
v 34.647281 5.719111 36.056123
v 34.733756 4.065877 36.055512
v 38.433940 2.274602 34.726465
v 27.927261 2.274398 36.052049
v 34.234543 2.274072 36.053434
v 40.180898 17.868758 -0.486993
v 42.207482 13.501668 1.510875
v 43.073650 10.494785 3.270868
v 42.970964 5.465105 5.339610
v 38.822646 17.913889 -2.805463
v 40.140777 13.705247 -2.359162
v 41.521880 9.597375 -1.723578
v 41.131096 5.152486 -0.168468
v 40.183423 3.776923 2.169920
v 36.878463 9.791341 -5.547832
v 36.456682 13.723535 -5.104056
v 36.139949 17.914541 -4.415928
v 36.957605 5.866072 -5.771370
v 36.313549 3.777208 -4.395807
v 32.525588 6.076697 -7.099602
v 32.649943 10.249740 -6.878142
v 32.707375 13.438696 -5.907822
v 33.102232 17.915193 -5.140022
v 28.807237 13.829031 -5.325964
v 29.750796 17.916496 -4.768261
v 27.985427 10.575719 -6.398033
v 27.288134 6.254289 -5.918535
v 32.226574 3.777290 -5.955438
v 27.835329 3.777656 -5.071796
v 27.709100 17.916985 -3.382352
v 24.643318 13.792210 -2.799923
v 23.531455 10.637428 -1.776041
v 23.820082 6.045945 -0.436118
v 24.446868 3.777575 0.050100
v 22.054876 14.626647 3.469070
v 25.292792 17.873524 -0.660756
v 21.655702 10.768993 4.744595
v 22.632457 6.032381 5.588442
v 24.066104 3.777494 6.482185
v 25.733553 17.876905 -0.397382
v 23.084665 14.244091 3.624137
v 22.762066 14.720860 8.706442
v 24.509799 18.434038 5.746849
v 22.500729 10.611319 5.135949
v 21.923800 10.849561 10.088686
v 23.264660 6.107247 5.956864
v 22.666998 5.813690 11.357409
v 23.132769 3.223334 11.313011
v 22.213446 2.274398 16.341346
v 20.989202 5.536468 17.152729
v 20.551455 10.143633 19.008849
v 21.778794 10.458900 14.449748
v 25.079966 19.479142 8.537241
v 19.355683 10.561585 19.014226
v 19.410834 9.858794 25.853672
v 20.123483 5.433090 17.062426
v 19.383747 5.497813 23.886190
v 21.778468 2.274317 23.471334
v 21.542263 4.861741 30.970396
v 21.526377 8.908311 30.979479
v 25.256703 2.274439 34.720925
v 22.821454 2.274683 30.961679
v 42.491629 2.149106 31.342932
v 38.586522 2.149351 35.200342
v 34.281018 2.148862 36.560793
v 27.814352 2.149147 36.559449
v 25.076341 2.149228 35.194680
v 22.579546 2.149473 31.340447
v 21.510247 2.149106 23.660820
v 21.956182 2.149147 16.350673
v 22.898763 3.098123 11.195295
v 23.855641 3.652242 6.242436
v 24.246058 3.652365 -0.352170
v 27.720139 3.652405 -5.603513
v 32.222256 3.652079 -6.509435
v 36.412528 3.651998 -4.910416
v 40.380200 3.651713 1.821172
v 41.836494 3.652202 6.641733
v 43.653919 3.098123 11.739598
v 43.953219 2.272484 15.357666
v 44.035660 2.149147 21.633991
v 43.653919 0.965187 11.739557
v 43.953178 0.016293 15.357666
v 44.035620 0.016211 21.633951
v 42.491629 0.016130 31.342932
v 38.586481 0.016456 35.200342
v 34.280978 0.015886 36.560793
v 27.814352 0.016211 36.559408
v 25.076341 0.016252 35.194639
v 22.579546 0.016496 31.340406
v 21.510207 0.016130 23.660820
v 21.956141 0.016211 16.350673
v 22.898723 0.965147 11.195295
v 23.855641 1.519307 6.242396
v 41.836494 1.519225 6.641733
v 36.412488 0.000000 -4.910416
v 40.380159 0.000000 1.821172
v 41.836454 0.000000 6.641733
v 23.855601 0.000000 6.242436
v 24.245977 0.000000 -0.352170
v 27.720057 0.000000 -5.603513
v 32.222215 0.000000 -6.509476
v 36.814310 15.905716 16.662966
v 36.892923 15.016290 18.685885
v 32.194884 15.447725 19.642029
v 32.210647 16.238416 17.498218
v 41.472675 14.754587 14.314599
v 41.770264 13.871678 15.069120
v 41.479192 14.028374 16.328760
v 32.183968 17.215823 15.774681
v 32.096353 18.432898 13.868216
v 37.234665 18.268869 13.276501
v 37.188352 16.936482 15.081421
v 41.348809 16.625819 11.431908
v 41.625298 15.779935 11.588115
v 41.433369 15.430617 13.033493
v 27.914268 17.328162 15.320844
v 28.034713 18.442714 13.238987
v 24.324671 16.206848 14.049799
v 24.409516 16.613721 12.297994
v 24.622993 17.331706 11.993522
v 23.511089 14.400788 18.258483
v 23.457119 14.245150 17.090164
v 23.910345 15.269399 16.034918
v 27.793008 16.468796 17.401561
v 27.676311 15.709591 19.714981
v 23.550925 14.874665 17.998205
v 27.716106 16.183468 19.454784
v 32.234720 15.921683 19.381833
v 36.932759 15.490249 18.425647
v 41.518988 14.502251 16.068563
v 41.505342 15.032420 14.761674
v 36.756877 16.106322 17.175580
v 32.240545 16.450589 18.041747
v 27.790605 16.706753 18.022970
v 23.844114 15.490330 16.635472
v 41.443022 15.967792 12.993616
v 41.395936 16.792454 11.964480
v 37.281751 18.435504 13.809032
v 32.143399 18.599573 14.400788
v 28.081799 18.609349 13.771518
v 24.670079 17.498381 12.526094
v 24.433222 16.800926 13.856526
v 27.958910 17.905254 15.106675
v 32.196350 17.818658 15.638391
v 37.288105 17.550844 14.976088
v 46.193280 49.711676 5.100472
v 44.837227 18.469842 2.601110
v 45.669872 49.357959 11.463434
v 43.888088 18.164717 7.463788
v 42.752477 48.887544 17.133788
v 41.115781 17.760411 12.004438
v 37.885238 48.372039 21.248462
v 36.942331 17.318386 15.531755
v 31.809070 47.889974 23.180833
v 32.003077 16.906055 17.508809
v 25.449081 47.514710 22.636856
v 27.050014 16.586186 17.634508
v 19.861331 47.305469 19.768869
v 22.837217 16.407372 15.889790
v 15.736882 47.290561 14.882933
v 20.006011 16.396945 12.540228
v 13.696082 47.471452 8.728519
v 18.987383 16.556330 8.095787
v 14.219449 47.825210 2.365557
v 19.936482 16.861454 3.233109
v 17.136884 48.295666 -3.304879
v 22.708830 17.265801 -1.307500
v 22.004165 48.811131 -7.419512
v 26.882280 17.707785 -4.834858
v 28.080332 49.293195 -9.351842
v 31.821534 18.120075 -6.811912
v 34.440322 49.668419 -8.807824
v 36.774555 18.440066 -6.937570
v 40.115890 49.879778 -5.870267
v 40.987393 18.618840 -5.192893
v 44.242987 49.894971 -0.986287
v 43.818599 18.629308 -1.843330
v 44.779102 55.275027 11.614021
v 45.285361 55.617258 5.459281
v 43.398855 55.794484 -0.428339
v 39.406825 55.779779 -5.152486
v 33.916996 55.575426 -7.993957
v 27.765148 55.212422 -8.520134
v 21.887793 54.746121 -6.650979
v 17.179775 54.247520 -2.671047
v 14.357856 53.792542 2.813813
v 13.851597 53.450311 8.968553
v 15.368419 53.232802 15.190664
v 19.485211 53.247710 20.068169
v 25.219963 53.492184 22.421791
v 31.371811 53.855148 22.947968
v 37.249165 54.321408 21.078813
v 41.957183 54.820050 17.098840
v 30.603604 58.794320 19.116545
v 34.960063 59.139932 17.731084
v 38.449825 59.509494 14.781022
v 40.541499 59.846837 10.715430
v 40.916764 60.100476 6.153355
v 39.518431 60.231837 1.789238
v 36.559408 60.220961 -1.712458
v 32.490151 60.069438 -3.818633
v 27.930194 59.800403 -4.208643
v 23.573694 59.454791 -2.823222
v 20.083973 59.085188 0.126921
v 17.992258 58.747926 4.192472
v 17.616993 58.494247 8.754588
v 15.642872 56.671975 14.948390
v 19.759216 56.686516 19.825079
v 26.043647 58.525285 18.726535
v 23.763343 61.808617 10.541178
v 25.297150 61.814278 12.356322
v 27.406461 61.892810 13.448064
v 29.770103 62.032236 13.650218
v 32.028290 62.211416 12.932030
v 33.837202 62.402979 11.402906
v 34.921449 62.577842 9.295469
v 35.115985 62.709284 6.930727
v 34.391117 62.777388 4.668630
v 32.857310 62.771767 2.853486
v 30.747999 62.693236 1.761744
v 28.384357 62.553769 1.559591
v 26.126211 62.374630 2.277779
v 24.317258 62.183067 3.806902
v 23.233052 62.008163 5.914339
v 23.038515 61.876721 8.279041
v 20.664283 59.745944 17.662613
v 17.839227 59.735679 14.316676
v 11.269590 81.174401 18.615255
v 25.715713 54.413096 23.776947
v 7.317275 74.257808 17.096071
v 20.412232 51.556758 21.392450
v 4.865366 67.810774 12.830851
v 16.634087 48.669261 16.992611
v 4.287215 62.814781 6.468988
v 14.956536 46.190102 11.247106
v 5.670802 60.030457 -1.021113
v 15.634929 44.496707 5.030738
v 8.805544 59.881622 -8.498994
v 18.566051 43.846949 -0.710123
v 13.214181 62.391045 -14.826357
v 23.303559 44.339725 -5.101449
v 18.225490 67.176617 -19.039806
v 29.126292 45.899886 -7.474745
v 23.076559 73.509763 -20.497973
v 35.147756 48.290126 -7.468676
v 27.028956 80.426316 -18.978789
v 40.451237 51.146423 -5.084260
v 29.480864 86.873349 -14.713569
v 44.229382 54.033921 -0.684299
v 30.059016 91.869343 -8.351625
v 45.906892 56.513079 5.061124
v 28.675347 94.653666 -0.861606
v 45.228499 58.206434 11.277492
v 25.540646 94.802460 6.616357
v 42.297419 58.856233 17.018313
v 21.132009 92.293079 12.943679
v 37.559870 58.363538 21.409680
v 16.120700 87.507548 17.157128
v 31.737178 56.803295 23.783016
v 3.523733 78.598137 11.268816
v 6.734032 84.216110 12.502795
v 10.674332 89.360206 11.318428
v 14.744811 93.247309 7.896037
v 18.325691 95.285584 2.756625
v 20.871935 95.164691 -3.317343
v 21.995733 92.903123 -9.401128
v 21.526174 88.845108 -14.568645
v 19.534578 83.608510 -18.033031
v 16.324279 77.990455 -19.267009
v 12.383939 72.846360 -18.082642
v 8.313500 68.959297 -14.660251
v 4.732579 66.921063 -9.520840
v 2.186417 67.041875 -3.446871
v 1.062537 69.303483 2.636954
v 1.532178 73.361458 7.804430
v 33.529226 50.643626 22.470140
v 28.638240 48.702172 22.465211
v 24.330496 46.382154 20.528400
v 21.261700 44.036760 16.954608
v 19.899090 42.023088 12.287852
v 20.450154 40.647647 7.238539
v 22.830944 40.119841 2.575530
v 26.679027 40.520074 -0.991337
v 31.408510 41.787412 -2.919065
v 36.299415 43.728825 -2.914177
v 40.607241 46.048844 -0.977326
v 43.675955 48.394278 2.596467
v 45.038566 50.407950 7.263264
v 44.487542 51.783432 12.312495
v 42.106792 52.311198 16.975544
v 38.258710 51.910964 20.542371
v 2.321281 76.457789 -5.251303
v 1.724026 77.659670 -2.018112
v 1.973551 79.816312 0.728167
v 3.032015 82.599332 2.569298
v 4.738119 85.584993 3.225085
v 6.832196 88.318809 2.595652
v 8.995436 90.384577 0.776842
v 10.898480 91.467806 -1.954448
v 12.251641 91.403612 -5.182465
v 12.848936 90.201690 -8.415697
v 12.599371 88.045048 -11.161976
v 11.540947 85.262069 -13.003107
v 9.834843 82.276408 -13.658894
v 7.740766 79.542552 -13.029461
v 5.577485 77.476742 -11.210651
v 3.674482 76.393554 -8.479320
v 40.387532 45.313670 12.342636
v 39.122271 45.594151 14.820817
v 37.077235 45.381408 16.716407
v 34.563740 44.707903 17.740900
v 31.964463 43.676118 17.738293
v 29.675116 42.443158 16.708994
v 28.044203 41.196715 14.809697
v 27.320068 40.126561 12.329561
v 27.612891 39.395583 9.646132
v 28.878152 39.115062 7.167992
v 30.923188 39.327764 5.272361
v 33.436724 40.001269 4.247868
v 36.035960 41.033054 4.250474
v 38.325348 42.265973 5.279774
v 39.956220 43.512457 7.179071
v 40.680396 44.582651 9.659247
v 30.737164 61.928817 -14.322786
v 18.146632 55.088026 -10.779746
v 24.374527 57.933610 -13.900394
v 13.001559 53.825209 -5.435860
v 9.722626 54.337456 1.317601
v 8.809087 56.546805 8.452559
v 10.399919 60.116891 14.882689
v 19.781781 69.040639 21.969339
v 36.265934 66.465312 -11.982646
v 40.119067 70.852565 -7.236177
v 41.709940 74.422651 -0.806006
v 40.796360 76.631918 6.328911
v 14.253093 64.504103 19.629158
v 26.144499 73.035845 21.546906
v 32.372435 75.881389 18.426258
v 37.517508 77.144206 13.082372
v 66.118519 131.812284 -6.144353
v 78.246009 111.353617 14.313173
v 65.751075 127.290778 -10.650666
v 78.487265 107.953588 10.704677
v 67.753831 123.508519 -15.401412
v 80.505702 104.968863 6.769713
v 71.822029 121.041295 -19.673271
v 83.994080 102.853849 3.107329
v 77.336298 120.264738 -22.815955
v 88.421372 101.930616 0.275023
v 83.457068 121.297052 -24.350903
v 93.113423 102.339648 -1.295932
v 89.159682 123.922194 -24.065860
v 97.356036 104.018665 -1.366399
v 93.745381 127.850559 -21.962618
v 100.503282 106.712115 0.074336
v 96.522413 132.480698 -18.367604
v 102.076029 110.009866 2.806929
v 96.889898 137.002203 -13.861251
v 101.834773 113.409936 6.415426
v 94.887142 140.784463 -9.110545
v 99.816336 116.394620 10.350389
v 90.818944 143.251686 -4.838687
v 96.327958 118.509633 14.012774
v 85.304675 144.028244 -1.696003
v 91.900666 119.432867 16.845079
v 79.183865 142.995889 -0.161055
v 87.208615 119.023876 18.416034
v 73.388341 140.311848 -0.467401
v 82.966002 117.344818 18.486501
v 68.800442 136.384664 -2.568484
v 79.818756 114.651409 17.045766
v 64.570211 131.553717 -14.683224
v 64.925721 135.927284 -10.324402
v 67.519825 140.350014 -6.865474
v 71.957626 144.148688 -4.833188
v 77.563461 146.744911 -4.536821
v 83.483992 147.743458 -6.021587
v 88.817817 146.992317 -9.061422
v 92.752903 144.605865 -13.193489
v 94.690121 140.947350 -17.788760
v 94.334652 136.573783 -22.147623
v 92.046528 131.947841 -25.945971
v 87.469260 128.026359 -28.045710
v 81.696871 125.756116 -27.935163
v 75.776341 124.757569 -26.450357
v 70.442556 125.508709 -23.410562
v 66.507470 127.895202 -19.278496
v 75.418550 131.021593 -26.997837
v 71.464931 131.578360 -24.744619
v 68.548188 133.347313 -21.681811
v 67.112219 136.059093 -18.275631
v 67.375715 139.300959 -15.044681
v 69.298554 142.579240 -12.480840
v 72.587996 145.394968 -10.974405
v 76.743239 147.319355 -10.754777
v 81.131755 148.059498 -11.855318
v 85.085333 147.502731 -14.108535
v 88.002117 145.733777 -17.171384
v 89.438086 143.021998 -20.577564
v 89.174590 139.780172 -23.808474
v 90.674264 134.534939 -27.785921
v 86.097647 130.613865 -29.885090
v 79.807025 131.761776 -28.098377
v 82.076046 140.034422 -25.033369
v 80.370961 138.574951 -25.814244
v 78.217048 137.577422 -25.928090
v 75.942324 137.193726 -25.357596
v 73.892971 137.482353 -24.189645
v 72.380996 138.399273 -22.602030
v 71.636698 139.804937 -20.836416
v 71.773273 141.485299 -19.161676
v 72.769987 143.184641 -17.832710
v 74.475073 144.644194 -17.051876
v 76.628986 145.641682 -16.938030
v 78.903710 146.025338 -17.508442
v 80.953063 145.736710 -18.676435
v 82.464956 144.819831 -20.264049
v 83.209335 143.414126 -22.029622
v 83.072761 141.733765 -23.704403
v 84.560256 134.148147 -29.907207
v 87.701066 136.838379 -28.467084
v 81.046339 114.180220 16.038503
v 79.660349 111.273904 13.630259
v 79.872929 108.277449 10.450142
v 81.651781 105.646971 6.982253
v 84.726117 103.783030 3.754561
v 88.627843 102.969366 1.258458
v 92.762964 103.329845 -0.125984
v 96.502007 104.809560 -0.188141
v 99.275658 107.183303 1.081600
v 100.661689 110.089619 3.489844
v 100.449109 113.086075 6.669960
v 98.670216 115.716512 10.137849
v 95.595881 117.580412 13.365582
v 91.694195 118.394117 15.861644
v 87.559074 118.033638 17.246128
v 83.820031 116.553923 17.308244
v 92.546310 116.325131 17.868066
v 88.411189 115.964693 19.252590
v 84.672187 114.484937 19.314666
v 81.898495 112.111234 18.044965
v 80.512464 109.204918 15.636721
v 80.725045 106.208462 12.456564
v 82.503937 103.577984 8.988675
v 85.578232 101.714084 5.761024
v 89.479999 100.900379 3.264921
v 93.615120 101.260858 1.880437
v 97.354122 102.740573 1.818321
v 100.127814 105.114317 3.088062
v 101.513805 108.020633 5.496306
v 101.301224 111.017089 8.676423
v 99.522372 113.647526 12.144312
v 96.448037 115.511467 15.372004
v 100.124107 76.321906 15.553791
v 99.643306 76.740225 15.050913
v 99.776622 76.326346 14.052488
v 100.567924 75.897274 13.452138
v 101.073654 75.514311 13.498328
v 101.313647 75.396718 13.769155
v 101.120455 75.498996 14.766684
v 99.209102 77.694252 13.175485
v 98.968619 77.904144 15.124963
v 100.778224 76.906004 12.224513
v 102.481843 75.616997 12.460882
v 102.937880 75.343481 13.461872
v 102.758007 75.688848 15.374936
v 99.965456 77.170519 16.560810
v 99.013628 81.547751 15.285448
v 100.099301 82.157470 11.832141
v 102.427140 80.728344 10.388515
v 105.052649 79.224108 11.359567
v 101.081882 76.386915 16.750255
v 104.525168 79.148550 15.534606
v 102.654303 80.308193 17.983419
v 101.085344 80.717224 17.200915
v 105.446935 78.711291 12.922457
v 107.980675 84.609541 12.772319
v 107.417839 85.195065 15.583892
v 105.042792 86.378373 17.910549
v 103.007246 86.905283 17.431581
v 100.737044 86.770134 15.960338
v 101.293037 85.872521 11.666117
v 104.417228 85.262599 10.204446
v 107.093204 84.964277 11.367103
v 109.742011 89.726958 12.180889
v 109.511753 90.357898 15.086064
v 106.980254 91.781117 17.736868
v 108.596707 89.271451 10.773677
v 106.083904 89.568673 10.199762
v 102.914214 89.753637 12.510004
v 101.713147 90.886559 15.666863
v 104.175565 91.415547 17.344618
v 98.888866 76.296978 31.273769
v 98.182368 76.579944 30.211598
v 98.445049 76.540027 28.932203
v 99.666482 76.135394 28.213404
v 100.781605 75.891246 28.520239
v 101.127664 75.819313 29.458910
v 100.851338 75.862693 30.419902
v 99.844482 76.043910 31.306314
v 96.021490 79.281744 29.770144
v 97.505360 78.123486 27.620182
v 99.616789 76.983110 26.570231
v 101.841535 76.667518 27.225407
v 102.582981 76.660838 28.745162
v 101.564720 77.229987 31.045221
v 99.935640 77.592747 32.522126
v 98.031700 78.384986 32.287468
v 102.443229 81.516102 24.947098
v 104.031007 81.701556 27.036899
v 102.578786 82.666580 30.100970
v 97.660875 84.047276 31.431809
v 95.822840 83.558368 28.115484
v 97.752115 82.642874 25.104976
v 100.327971 81.559564 23.794340
v 100.436767 83.733191 32.381111
v 96.344414 87.589053 26.745053
v 98.200290 86.906016 23.527096
v 100.928729 86.477474 22.081474
v 97.858059 88.676111 29.871404
v 101.038298 88.467888 30.629509
v 103.278604 87.630966 28.738685
v 104.884833 86.781254 25.422279
v 103.176447 86.082414 22.799784
v 105.710268 92.587531 23.329627
v 104.259473 93.620089 26.956290
v 101.769521 94.290295 28.748705
v 103.609307 91.892072 20.683142
v 101.271571 90.464249 20.891853
v 98.650624 90.586242 22.930901
v 97.606987 91.590084 25.239595
v 98.128357 92.899376 28.478529
v 96.194316 87.480298 44.924882
v 94.964208 87.711493 45.292041
v 94.258809 87.234398 45.167483
v 93.918167 86.659302 44.643587
v 94.373552 85.649106 43.838028
v 95.394786 85.281295 43.231283
v 96.145397 85.422065 43.450585
v 96.943339 86.488920 44.036475
v 97.003215 89.523297 43.829800
v 98.095772 87.361849 41.996246
v 96.575202 85.471025 40.582435
v 94.532855 84.888353 40.652168
v 91.834110 86.913430 43.388631
v 92.895018 85.438154 41.847736
v 92.888826 88.679654 44.500617
v 94.667271 89.882106 44.731283
v 89.528592 89.315645 39.070745
v 91.020242 87.508566 37.332707
v 93.353824 87.078232 35.864478
v 96.434188 88.183415 36.012906
v 91.085128 91.479700 40.944828
v 94.081869 92.882268 41.135373
v 96.235782 92.484438 40.414904
v 98.017077 90.450319 37.992893
v 97.320599 93.541273 34.858722
v 95.565780 95.792046 36.859889
v 93.159898 96.558624 37.595144
v 90.340749 95.839092 36.811458
v 88.728329 93.116111 34.330875
v 96.402172 90.649661 32.597928
v 90.552556 91.354449 32.686439
v 93.128290 90.157292 31.902550
v 97.547884 96.885214 32.008290
v 95.455233 99.917759 33.542505
v 92.222124 100.773784 33.849706
v 89.920639 99.420175 32.826639
v 96.603674 93.600823 30.131111
v 93.138636 93.726522 28.887357
v 90.583961 95.313078 29.291990
v 89.034186 97.096614 30.536722
v 98.738198 100.802785 29.132727
v 95.274056 103.336728 30.920703
v 91.412044 102.951892 31.201714
v 98.890088 96.188084 29.450112
v 102.204091 98.623252 27.420595
v 104.863285 97.819445 25.091494
v 106.325404 96.825745 20.689740
v 105.934865 93.721105 19.145220
v 107.897337 95.943325 17.515611
v 97.381005 93.645384 28.764224
v 102.987043 92.385174 18.037063
v 110.198618 95.035815 13.894855
v 110.477999 93.894664 11.048456
v 108.822037 92.640198 9.580960
v 105.356632 92.004655 9.280398
v 101.687201 91.495993 11.310933
v 100.320069 92.231166 14.895438
v 99.746847 92.281796 17.278102
v 97.053723 92.476007 20.725747
v 95.042291 93.336676 23.703914
v 95.509040 93.080389 26.676827
v 92.365338 95.574985 26.023892
v 90.384536 96.976698 27.313999
v 88.868447 99.149226 28.495107
v 89.744595 101.478449 30.467884
v 103.840706 101.687649 21.801889
v 101.744185 102.778210 24.259582
v 105.305717 100.895206 19.093490
v 106.826124 100.524870 15.863518
v 108.371214 99.943460 11.567179
v 108.558011 98.105751 8.787744
v 94.101869 105.904968 28.183792
v 90.555652 105.168246 28.940187
v 98.593110 104.608873 26.444451
v 88.946327 103.718306 28.699623
v 88.299746 101.163386 27.207281
v 89.516943 99.268123 25.300816
v 91.541002 98.473277 23.206535
v 93.920814 97.824537 21.310375
v 96.105154 96.855439 19.451688
v 98.717343 95.419552 16.270676
v 99.416509 94.735293 13.627245
v 101.244565 94.308706 10.379350
v 104.077971 94.619533 8.095868
v 107.038134 96.038842 7.336663
v 103.373183 107.943364 15.782787
v 100.954879 109.053354 19.023920
v 105.069512 106.253023 12.313513
v 106.094901 104.298413 8.618828
v 106.116449 102.347061 5.770433
v 97.855330 109.971048 22.290633
v 92.941249 109.652523 25.462074
v 89.168765 107.846096 26.562451
v 91.805109 112.607880 22.658688
v 87.723754 110.640113 24.829220
v 88.734805 114.688434 17.769901
v 84.880573 112.850195 20.492678
v 81.995886 110.975949 22.511442
v 84.803426 108.713241 25.332750
v 85.544343 105.847006 25.931959
v 87.494310 105.149225 26.904031
v 96.132241 113.185217 18.843192
v 98.920108 112.438435 15.063662
v 100.658675 111.737232 12.521002
v 102.291950 110.273647 9.161420
v 102.924682 107.848173 5.899065
v 102.865377 105.262012 3.997284
v 98.409816 106.429230 2.808599
v 99.255170 109.840257 4.375155
v 98.329126 111.576014 6.160280
v 96.483840 113.014549 8.752184
v 94.456645 113.987313 10.886627
v 92.061273 114.598050 13.553846
v 103.882416 99.515733 4.369860
v 101.381140 102.754707 2.854708
v 98.747078 100.065127 2.562618
v 95.860110 98.726264 4.694576
v 94.815861 103.054373 3.069692
v 100.969950 97.518802 4.625169
v 97.948810 96.170122 7.114307
v 95.522319 108.217002 3.716803
v 96.844401 109.472406 4.001439
v 92.647774 103.507518 6.788450
v 93.729537 99.634019 8.909410
v 95.555882 96.911608 10.914977
v 95.376783 99.492190 15.819812
v 93.179613 101.890699 13.261837
v 92.210433 105.247837 10.034960
v 94.322474 109.147812 5.184339
v 93.989774 99.021897 17.412844
v 88.708737 104.538121 10.966218
v 87.861835 109.654763 8.852956
v 92.417963 109.491754 7.058178
v 85.877124 104.095689 12.120239
v 84.779761 109.714802 11.152526
v 91.884169 99.045155 19.325704
v 89.793921 99.353049 21.064557
v 87.181487 100.223942 18.077144
v 89.142737 100.303328 15.676109
v 83.605496 104.140902 15.097754
v 81.495329 108.695971 14.431540
v 81.503068 103.181620 19.000295
v 78.786320 106.779648 18.451227
v 78.030699 101.011171 23.011673
v 83.984589 101.335765 21.595825
v 80.033169 99.871691 24.611914
v 76.077351 104.856279 22.469406
v 88.028470 100.848283 23.691776
v 87.004099 102.781143 25.726099
v 85.230991 103.047449 25.022738
v 81.484780 101.296336 27.323856
v 91.471187 101.307008 14.514430
v 74.436418 99.760655 26.788555
v 72.775038 102.909652 26.017212
v 76.054582 98.907684 28.197926
v 76.886942 99.736175 30.781684
v 73.525404 100.288543 31.942264
v 72.656589 99.632512 31.187417
v 79.047820 109.797244 19.789968
v 81.967944 111.855436 16.008483
v 76.653588 106.991496 24.170460
v 73.816435 105.345553 28.057400
v 70.828900 101.596694 30.122313
v 71.350922 102.993846 31.182407
v 85.314899 112.937443 12.130300
v 89.318374 113.065912 9.549189
v 78.157987 108.195048 26.455652
v 80.493686 106.811012 28.638932
v 81.474026 104.117114 29.019451
v 75.291140 106.451144 30.236852
v 72.635164 103.993737 32.662977
v 73.666948 103.043335 33.349679
v 77.447578 105.426977 31.584758
v 77.581546 102.493452 32.490110
v 73.961889 101.989148 33.039056
v 71.816816 99.902565 30.485114
v 95.606634 111.379075 5.273664
v 94.009529 112.309925 6.721486
v 91.761281 112.683479 8.750148
v 53.229299 148.256275 9.032747
v 80.252227 133.980983 4.851965
v 53.229299 140.302317 7.450591
v 76.782668 128.657829 3.588049
v 53.229299 133.559324 2.945052
v 73.841282 124.145080 -0.011161
v 53.229299 129.053785 -3.797941
v 71.875918 121.129765 -5.397816
v 53.229299 127.471670 -11.751858
v 71.185794 120.070935 -11.751858
v 53.229299 129.053785 -19.705775
v 71.875918 121.129765 -18.105860
v 53.229299 133.559324 -26.448768
v 73.841282 124.145080 -23.492515
v 53.229299 140.302317 -30.954307
v 76.782668 128.657829 -27.091806
v 53.229299 148.256275 -32.536423
v 80.252227 133.980983 -28.355681
v 53.229258 156.210233 -30.954307
v 83.721826 139.304096 -27.091806
v 53.229299 162.953225 -26.448768
v 86.663212 143.816803 -23.492515
v 53.229299 167.458764 -19.705775
v 88.628495 146.832118 -18.105860
v 53.229258 169.040921 -11.751858
v 89.318700 147.890989 -11.751858
v 53.229299 167.458764 -3.797941
v 88.628495 146.832118 -5.397816
v 53.229299 162.953225 2.945052
v 86.663212 143.816803 -0.011161
v 53.229258 156.210233 7.450591
v 83.721826 139.304096 3.588049
v 46.021105 141.795677 3.845353
v 46.021105 148.256275 5.130491
v 46.021105 154.716913 3.845353
v 46.021105 160.193912 0.185738
v 46.021105 163.853527 -5.291261
v 46.021105 165.138665 -11.751858
v 46.021105 163.853527 -18.212415
v 46.021105 160.193912 -23.689495
v 46.021105 154.716913 -27.349110
v 46.021105 148.256275 -28.634167
v 46.021105 141.795677 -27.349110
v 46.021064 136.318638 -23.689495
v 46.021105 132.659023 -18.212415
v 46.021105 131.373925 -11.751858
v 46.021105 132.659023 -5.291261
v 46.021064 136.318638 0.185738
v 87.894503 135.160421 0.708046
v 85.076290 130.836669 1.734617
v 82.258119 126.512958 0.708046
v 79.869019 122.847478 -2.215459
v 78.272647 120.398299 -6.590777
v 77.712052 119.538241 -11.751858
v 78.272647 120.398299 -16.912898
v 79.869019 122.847478 -21.288257
v 82.258119 126.512958 -24.211721
v 85.076290 130.836669 -25.238333
v 87.894503 135.160421 -24.211721
v 90.283561 138.825901 -21.288257
v 91.879974 141.275081 -16.912898
v 92.440529 142.135139 -11.751858
v 91.879974 141.275081 -6.590777
v 90.283561 138.825901 -2.215459
v 40.602516 139.284218 -11.751858
v 40.602516 139.967173 -8.318388
v 40.602475 141.912049 -5.407632
v 40.602516 144.822804 -3.462716
v 40.602516 148.256275 -2.779761
v 40.602516 151.689745 -3.462716
v 40.602516 154.600501 -5.407632
v 40.602516 156.545417 -8.318388
v 40.602475 157.228372 -11.751858
v 40.602516 156.545417 -15.185328
v 40.602516 154.600501 -18.096084
v 40.602516 151.689745 -20.040960
v 40.602516 148.256275 -20.723955
v 40.602516 144.822804 -20.040960
v 40.602475 141.912049 -18.096084
v 40.602516 139.967173 -15.185328
v 92.616369 134.477588 -11.751858
v 92.318496 134.020493 -9.009041
v 91.470087 132.718858 -6.683768
v 90.200427 130.770846 -5.130084
v 88.702668 128.473027 -4.584478
v 87.204990 126.175167 -5.130084
v 85.935249 124.227196 -6.683768
v 85.086840 122.925602 -9.009041
v 84.788925 122.468507 -11.751858
v 85.086840 122.925602 -14.494675
v 85.935249 124.227196 -16.819948
v 87.204990 126.175167 -18.373632
v 88.702668 128.473027 -18.919198
v 90.200427 130.770846 -18.373632
v 91.470087 132.718858 -16.819948
v 92.318496 134.020493 -14.494675
v 67.361337 142.873570 -31.037319
v 62.272270 130.221778 -25.388756
v 64.607155 136.026466 -29.569294
v 60.712150 126.343187 -19.132064
v 60.164344 124.981188 -11.751858
v 60.712150 126.343187 -4.371612
v 62.272270 130.221778 1.885040
v 67.361337 142.873570 7.533603
v 70.115518 149.720675 -29.569294
v 72.450444 155.525363 -25.388756
v 74.010523 159.403954 -19.132064
v 74.558370 160.765913 -11.751858
v 64.607155 136.026466 6.065618
v 70.115518 149.720675 6.065618
v 72.450444 155.525363 1.885040
v 74.010523 159.403954 -4.371612
v -32.016192 14.894949 24.505563
v -32.078838 15.770974 24.506459
v -36.951862 15.695090 22.410060
v -36.742947 14.916130 22.404968
v -41.686845 13.742150 19.604882
v -41.429744 13.202735 19.600686
v -44.868061 11.542821 18.001504
v -44.292965 11.167434 18.000852
v -45.087526 6.062563 16.095731
v -44.461596 6.080200 16.095039
v -43.668379 2.397694 15.372777
v -43.869881 5.582740 11.308082
v -43.376452 3.249280 11.843913
v -41.603873 3.777412 6.871706
v -42.284384 5.679519 5.604531
v -43.877416 11.218146 12.814925
v -43.786258 11.249713 9.748125
v -42.448983 10.730460 3.531512
v -43.352217 14.299202 8.337736
v -41.620777 13.695797 1.807975
v -39.750726 17.867536 -0.217224
v -42.175141 18.424425 6.988689
v -41.209831 19.389653 9.760670
v -31.476207 15.548536 29.229955
v -36.959764 15.106512 27.901804
v -41.552266 13.393483 26.826762
v -44.722851 9.214616 23.888920
v -44.825048 4.242247 22.161268
v -31.397431 14.511498 31.571683
v -36.810399 13.475029 30.993613
v -40.722879 10.876159 30.989214
v -42.624905 5.323969 30.971577
v -42.242838 2.274317 30.964123
v -43.748784 2.274439 21.494402
v -36.397295 19.948416 11.483637
v -31.852653 20.317530 11.392479
v -28.463540 20.076844 11.201486
v -27.509024 14.505836 23.835968
v -26.960607 15.164922 23.872545
v -27.122762 15.001016 28.935625
v -22.812045 13.155160 20.971117
v -22.135974 13.985280 20.976168
v -22.620767 13.202246 28.153406
v -38.000143 8.340627 34.730334
v -35.296062 10.425010 34.731393
v -39.243612 5.525796 34.729967
v -31.412054 11.626729 34.730741
v -27.368580 13.938927 31.002452
v -27.941314 10.078869 34.729479
v -23.756988 11.611618 30.990477
v -25.766017 8.219042 34.727483
v -33.533788 7.045021 36.056652
v -31.364683 8.005158 36.056001
v -29.241156 6.797492 36.054616
v -28.335763 5.955764 36.054290
v -24.410820 6.166634 34.725731
v -27.593014 4.847159 36.053923
v -23.936576 4.221636 34.723450
v -27.316524 3.213191 36.053271
v -34.647281 5.719111 36.056123
v -34.733756 4.065877 36.055512
v -38.433940 2.274602 34.726465
v -27.927261 2.274398 36.052049
v -34.234543 2.274072 36.053434
v -40.180898 17.868758 -0.486993
v -42.207482 13.501668 1.510875
v -43.073650 10.494785 3.270868
v -42.970964 5.465105 5.339610
v -38.822646 17.913889 -2.805463
v -40.140777 13.705247 -2.359162
v -41.521880 9.597375 -1.723578
v -41.131096 5.152486 -0.168468
v -40.183423 3.776923 2.169920
v -36.878463 9.791341 -5.547832
v -36.456682 13.723535 -5.104056
v -36.139949 17.914541 -4.415928
v -36.957605 5.866072 -5.771370
v -36.313549 3.777208 -4.395807
v -32.525588 6.076697 -7.099602
v -32.649943 10.249740 -6.878142
v -32.707375 13.438696 -5.907822
v -33.102232 17.915193 -5.140022
v -28.807237 13.829031 -5.325964
v -29.750796 17.916496 -4.768261
v -27.985427 10.575719 -6.398033
v -27.288134 6.254289 -5.918535
v -32.226574 3.777290 -5.955438
v -27.835329 3.777656 -5.071796
v -27.709100 17.916985 -3.382352
v -24.643318 13.792210 -2.799923
v -23.531455 10.637428 -1.776041
v -23.820082 6.045945 -0.436118
v -24.446868 3.777575 0.050100
v -22.054876 14.626647 3.469070
v -25.292792 17.873524 -0.660756
v -21.655702 10.768993 4.744595
v -22.632457 6.032381 5.588442
v -24.066104 3.777494 6.482185
v -25.733553 17.876905 -0.397382
v -23.084665 14.244091 3.624137
v -22.762066 14.720860 8.706442
v -24.509799 18.434038 5.746849
v -22.500729 10.611319 5.135949
v -21.923800 10.849561 10.088686
v -23.264660 6.107247 5.956864
v -22.666998 5.813690 11.357409
v -23.132769 3.223334 11.313011
v -22.213446 2.274398 16.341346
v -20.989202 5.536468 17.152729
v -20.551455 10.143633 19.008849
v -21.778794 10.458900 14.449748
v -25.079966 19.479142 8.537241
v -19.355683 10.561585 19.014226
v -19.410834 9.858794 25.853672
v -20.123483 5.433090 17.062426
v -19.383747 5.497813 23.886190
v -21.778468 2.274317 23.471334
v -21.542263 4.861741 30.970396
v -21.526377 8.908311 30.979479
v -25.256703 2.274439 34.720925
v -22.821454 2.274683 30.961679
v -42.491629 2.149106 31.342932
v -38.586522 2.149351 35.200342
v -34.281018 2.148862 36.560793
v -27.814352 2.149147 36.559449
v -25.076341 2.149228 35.194680
v -22.579546 2.149473 31.340447
v -21.510247 2.149106 23.660820
v -21.956182 2.149147 16.350673
v -22.898763 3.098123 11.195295
v -23.855641 3.652242 6.242436
v -24.246058 3.652365 -0.352170
v -27.720139 3.652405 -5.603513
v -32.222256 3.652079 -6.509435
v -36.412528 3.651998 -4.910416
v -40.380200 3.651713 1.821172
v -41.836494 3.652202 6.641733
v -43.653919 3.098123 11.739598
v -43.953219 2.272484 15.357666
v -44.035660 2.149147 21.633991
v -43.653919 0.965187 11.739557
v -43.953178 0.016293 15.357666
v -44.035620 0.016211 21.633951
v -42.491629 0.016130 31.342932
v -38.586481 0.016456 35.200342
v -34.280978 0.015886 36.560793
v -27.814352 0.016211 36.559408
v -25.076341 0.016252 35.194639
v -22.579546 0.016496 31.340406
v -21.510207 0.016130 23.660820
v -21.956141 0.016211 16.350673
v -22.898723 0.965147 11.195295
v -23.855641 1.519307 6.242396
v -41.836494 1.519225 6.641733
v -36.412488 0.000000 -4.910416
v -40.380159 0.000000 1.821172
v -41.836454 0.000000 6.641733
v -23.855601 0.000000 6.242436
v -24.245977 0.000000 -0.352170
v -27.720057 0.000000 -5.603513
v -32.222215 0.000000 -6.509476
v -36.814310 15.905716 16.662966
v -36.892923 15.016290 18.685885
v -32.194884 15.447725 19.642029
v -32.210647 16.238416 17.498218
v -41.472675 14.754587 14.314599
v -41.770264 13.871678 15.069120
v -41.479192 14.028374 16.328760
v -32.183968 17.215823 15.774681
v -32.096353 18.432898 13.868216
v -37.234665 18.268869 13.276501
v -37.188352 16.936482 15.081421
v -41.348809 16.625819 11.431908
v -41.625298 15.779935 11.588115
v -41.433369 15.430617 13.033493
v -27.914268 17.328162 15.320844
v -28.034713 18.442714 13.238987
v -24.324671 16.206848 14.049799
v -24.409516 16.613721 12.297994
v -24.622993 17.331706 11.993522
v -23.511089 14.400788 18.258483
v -23.457119 14.245150 17.090164
v -23.910345 15.269399 16.034918
v -27.793008 16.468796 17.401561
v -27.676311 15.709591 19.714981
v -23.550925 14.874665 17.998205
v -27.716106 16.183468 19.454784
v -32.234720 15.921683 19.381833
v -36.932759 15.490249 18.425647
v -41.518988 14.502251 16.068563
v -41.505342 15.032420 14.761674
v -36.756877 16.106322 17.175580
v -32.240545 16.450589 18.041747
v -27.790605 16.706753 18.022970
v -23.844114 15.490330 16.635472
v -41.443022 15.967792 12.993616
v -41.395936 16.792454 11.964480
v -37.281751 18.435504 13.809032
v -32.143399 18.599573 14.400788
v -28.081799 18.609349 13.771518
v -24.670079 17.498381 12.526094
v -24.433222 16.800926 13.856526
v -27.958910 17.905254 15.106675
v -32.196350 17.818658 15.638391
v -37.288105 17.550844 14.976088
v -46.193280 49.711676 5.100472
v -44.837227 18.469842 2.601110
v -45.669872 49.357959 11.463434
v -43.888088 18.164717 7.463788
v -42.752477 48.887544 17.133788
v -41.115781 17.760411 12.004438
v -37.885238 48.372039 21.248462
v -36.942331 17.318386 15.531755
v -31.809070 47.889974 23.180833
v -32.003077 16.906055 17.508809
v -25.449081 47.514710 22.636856
v -27.050014 16.586186 17.634508
v -19.861331 47.305469 19.768869
v -22.837217 16.407372 15.889790
v -15.736882 47.290561 14.882933
v -20.006011 16.396945 12.540228
v -13.696082 47.471452 8.728519
v -18.987383 16.556330 8.095787
v -14.219449 47.825210 2.365557
v -19.936482 16.861454 3.233109
v -17.136884 48.295666 -3.304879
v -22.708830 17.265801 -1.307500
v -22.004165 48.811131 -7.419512
v -26.882280 17.707785 -4.834858
v -28.080332 49.293195 -9.351842
v -31.821534 18.120075 -6.811912
v -34.440322 49.668419 -8.807824
v -36.774555 18.440066 -6.937570
v -40.115890 49.879778 -5.870267
v -40.987393 18.618840 -5.192893
v -44.242987 49.894971 -0.986287
v -43.818599 18.629308 -1.843330
v -44.779102 55.275027 11.614021
v -45.285361 55.617258 5.459281
v -43.398855 55.794484 -0.428339
v -39.406825 55.779779 -5.152486
v -33.916996 55.575426 -7.993957
v -27.765148 55.212422 -8.520134
v -21.887793 54.746121 -6.650979
v -17.179775 54.247520 -2.671047
v -14.357856 53.792542 2.813813
v -13.851597 53.450311 8.968553
v -15.368419 53.232802 15.190664
v -19.485211 53.247710 20.068169
v -25.219963 53.492184 22.421791
v -31.371811 53.855148 22.947968
v -37.249165 54.321408 21.078813
v -41.957183 54.820050 17.098840
v -30.603604 58.794320 19.116545
v -34.960063 59.139932 17.731084
v -38.449825 59.509494 14.781022
v -40.541499 59.846837 10.715430
v -40.916764 60.100476 6.153355
v -39.518431 60.231837 1.789238
v -36.559408 60.220961 -1.712458
v -32.490151 60.069438 -3.818633
v -27.930194 59.800403 -4.208643
v -23.573694 59.454791 -2.823222
v -20.083973 59.085188 0.126921
v -17.992258 58.747926 4.192472
v -17.616993 58.494247 8.754588
v -15.642872 56.671975 14.948390
v -19.759216 56.686516 19.825079
v -26.043647 58.525285 18.726535
v -23.763343 61.808617 10.541178
v -25.297150 61.814278 12.356322
v -27.406461 61.892810 13.448064
v -29.770103 62.032236 13.650218
v -32.028290 62.211416 12.932030
v -33.837202 62.402979 11.402906
v -34.921449 62.577842 9.295469
v -35.115985 62.709284 6.930727
v -34.391117 62.777388 4.668630
v -32.857310 62.771767 2.853486
v -30.747999 62.693236 1.761744
v -28.384357 62.553769 1.559591
v -26.126211 62.374630 2.277779
v -24.317258 62.183067 3.806902
v -23.233052 62.008163 5.914339
v -23.038515 61.876721 8.279041
v -20.664283 59.745944 17.662613
v -17.839227 59.735679 14.316676
v -11.269590 81.174401 18.615255
v -25.715713 54.413096 23.776947
v -7.317275 74.257808 17.096071
v -20.412232 51.556758 21.392450
v -4.865366 67.810774 12.830851
v -16.634087 48.669261 16.992611
v -4.287215 62.814781 6.468988
v -14.956536 46.190102 11.247106
v -5.670802 60.030457 -1.021113
v -15.634929 44.496707 5.030738
v -8.805544 59.881622 -8.498994
v -18.566051 43.846949 -0.710123
v -13.214181 62.391045 -14.826357
v -23.303559 44.339725 -5.101449
v -18.225490 67.176617 -19.039806
v -29.126292 45.899886 -7.474745
v -23.076559 73.509763 -20.497973
v -35.147756 48.290126 -7.468676
v -27.028956 80.426316 -18.978789
v -40.451237 51.146423 -5.084260
v -29.480864 86.873349 -14.713569
v -44.229382 54.033921 -0.684299
v -30.059016 91.869343 -8.351625
v -45.906892 56.513079 5.061124
v -28.675347 94.653666 -0.861606
v -45.228499 58.206434 11.277492
v -25.540646 94.802460 6.616357
v -42.297419 58.856233 17.018313
v -21.132009 92.293079 12.943679
v -37.559870 58.363538 21.409680
v -16.120700 87.507548 17.157128
v -31.737178 56.803295 23.783016
v -3.523733 78.598137 11.268816
v -6.734032 84.216110 12.502795
v -10.674332 89.360206 11.318428
v -14.744811 93.247309 7.896037
v -18.325691 95.285584 2.756625
v -20.871935 95.164691 -3.317343
v -21.995733 92.903123 -9.401128
v -21.526174 88.845108 -14.568645
v -19.534578 83.608510 -18.033031
v -16.324279 77.990455 -19.267009
v -12.383939 72.846360 -18.082642
v -8.313500 68.959297 -14.660251
v -4.732579 66.921063 -9.520840
v -2.186417 67.041875 -3.446871
v -1.062537 69.303483 2.636954
v -1.532178 73.361458 7.804430
v -33.529226 50.643626 22.470140
v -28.638240 48.702172 22.465211
v -24.330496 46.382154 20.528400
v -21.261700 44.036760 16.954608
v -19.899090 42.023088 12.287852
v -20.450154 40.647647 7.238539
v -22.830944 40.119841 2.575530
v -26.679027 40.520074 -0.991337
v -31.408510 41.787412 -2.919065
v -36.299415 43.728825 -2.914177
v -40.607241 46.048844 -0.977326
v -43.675955 48.394278 2.596467
v -45.038566 50.407950 7.263264
v -44.487542 51.783432 12.312495
v -42.106792 52.311198 16.975544
v -38.258710 51.910964 20.542371
v -2.321281 76.457789 -5.251303
v -1.724026 77.659670 -2.018112
v -1.973551 79.816312 0.728167
v -3.032015 82.599332 2.569298
v -4.738119 85.584993 3.225085
v -6.832196 88.318809 2.595652
v -8.995436 90.384577 0.776842
v -10.898480 91.467806 -1.954448
v -12.251641 91.403612 -5.182465
v -12.848936 90.201690 -8.415697
v -12.599371 88.045048 -11.161976
v -11.540947 85.262069 -13.003107
v -9.834843 82.276408 -13.658894
v -7.740766 79.542552 -13.029461
v -5.577485 77.476742 -11.210651
v -3.674482 76.393554 -8.479320
v -40.387532 45.313670 12.342636
v -39.122271 45.594151 14.820817
v -37.077235 45.381408 16.716407
v -34.563740 44.707903 17.740900
v -31.964463 43.676118 17.738293
v -29.675116 42.443158 16.708994
v -28.044203 41.196715 14.809697
v -27.320068 40.126561 12.329561
v -27.612891 39.395583 9.646132
v -28.878152 39.115062 7.167992
v -30.923188 39.327764 5.272361
v -33.436724 40.001269 4.247868
v -36.035960 41.033054 4.250474
v -38.325348 42.265973 5.279774
v -39.956220 43.512457 7.179071
v -40.680396 44.582651 9.659247
v -30.737164 61.928817 -14.322786
v -18.146632 55.088026 -10.779746
v -24.374527 57.933610 -13.900394
v -13.001559 53.825209 -5.435860
v -9.722626 54.337456 1.317601
v -8.809087 56.546805 8.452559
v -10.399919 60.116891 14.882689
v -19.781781 69.040639 21.969339
v -36.265934 66.465312 -11.982646
v -40.119067 70.852565 -7.236177
v -41.709940 74.422651 -0.806006
v -40.796360 76.631918 6.328911
v -14.253093 64.504103 19.629158
v -26.144499 73.035845 21.546906
v -32.372435 75.881389 18.426258
v -37.517508 77.144206 13.082372
v 0.000000 99.937391 22.765244
v 0.000000 84.585387 22.765244
v 0.000000 76.461984 23.968714
v 0.000000 69.541969 19.154792
v 0.000000 65.028977 3.509680
v 0.000000 63.825506 -12.436320
v 0.000000 67.135070 -24.771869
v 0.000000 75.860249 -29.585750
v 0.000000 84.886234 -29.585750
v 0.000000 95.685939 -22.966664
v 0.000000 99.937391 -20.258876
v -10.683985 76.461984 23.971443
v -10.684392 84.585387 22.768013
v -10.684392 99.937391 22.768013
v -10.698893 99.937391 -20.256066
v -10.699830 95.685939 -22.963894
v -10.702029 84.886234 -29.582980
v -10.702029 75.860249 -29.582980
v -10.700441 67.135070 -24.769140
v -10.696245 63.825506 -12.433510
v -10.690869 65.028977 3.512450
v -10.685574 69.541969 19.157603
v -19.591685 65.832295 -11.654060
v -19.586715 66.930554 2.897721
v -19.581909 71.048975 14.838943
v -19.580443 77.363874 18.792195
v -19.580809 84.777032 17.803872
v -19.580809 99.936780 20.469705
v -19.594047 99.936780 -18.792603
v -19.594902 94.799039 -21.263696
v -19.596939 85.051607 -27.304060
v -19.596939 76.814765 -27.304060
v -19.595432 68.852457 -22.911024
v -26.467586 87.056481 -20.197249
v -26.467871 79.514569 -20.862974
v -26.466772 73.710002 -17.660454
v -26.463961 71.508270 -9.454039
v -26.460417 72.308941 1.154266
v -26.456915 75.311303 9.788205
v -26.455774 79.914884 12.670163
v -26.456100 85.319135 11.949653
v -26.456100 99.935070 11.949653
v -26.465713 99.935070 -14.658092
v -26.466161 95.603457 -15.960786
v -32.207837 99.935070 6.981235
v -32.212358 99.935070 -6.445852
v -32.212684 95.819011 -7.290880
v -33.224673 91.408459 -9.356323
v -30.213594 86.090316 -9.356323
v -29.293497 81.997230 -7.854286
v -29.292316 80.444686 -4.004534
v -29.290768 81.009273 0.971949
v -30.208951 83.126364 5.854748
v -30.208462 87.456551 7.357070
v -32.207837 92.548306 6.981235
v -9.589758 105.964722 20.416143
v 0.000000 105.964722 20.413658
v 0.000000 105.964722 -18.200969
v -9.602793 105.964722 -18.198444
v -17.586281 105.964151 -16.884956
v -23.753689 105.962604 -13.174222
v -28.911308 105.962604 -5.803630
v -28.907275 105.962604 6.247324
v -23.745013 105.962604 12.514689
v -17.574387 105.964151 18.353348
v -20.215374 110.906623 3.975289
v -16.605371 110.906623 8.358102
v -12.290214 110.907682 12.441126
v -6.706497 110.908090 13.883612
v 0.000000 110.908090 13.881902
v 0.000000 110.908090 -13.121556
v -6.715621 110.908090 -13.119804
v -12.298523 110.907682 -12.201296
v -16.611440 110.906623 -9.606296
v -20.218266 110.906623 -4.452017
v -7.191820 113.190634 -6.183619
v -9.713991 113.190023 -4.666105
v -11.823180 113.190023 -1.651890
v -11.821551 113.190023 3.276367
v -9.710407 113.190023 5.839392
v -7.186932 113.190634 8.227148
v -3.921604 113.190879 9.070669
v 0.000000 113.190879 9.069650
v 0.000000 113.190879 -6.721772
v -3.926940 113.190879 -6.720753
v -66.118519 131.812284 -6.144353
v -78.246009 111.353617 14.313173
v -65.751075 127.290778 -10.650666
v -78.487265 107.953588 10.704677
v -67.753831 123.508519 -15.401412
v -80.505702 104.968863 6.769713
v -71.822029 121.041295 -19.673271
v -83.994080 102.853849 3.107329
v -77.336298 120.264738 -22.815955
v -88.421372 101.930616 0.275023
v -83.457068 121.297052 -24.350903
v -93.113423 102.339648 -1.295932
v -89.159682 123.922194 -24.065860
v -97.356036 104.018665 -1.366399
v -93.745381 127.850559 -21.962618
v -100.503282 106.712115 0.074336
v -96.522413 132.480698 -18.367604
v -102.076029 110.009866 2.806929
v -96.889898 137.002203 -13.861251
v -101.834773 113.409936 6.415426
v -94.887142 140.784463 -9.110545
v -99.816336 116.394620 10.350389
v -90.818944 143.251686 -4.838687
v -96.327958 118.509633 14.012774
v -85.304675 144.028244 -1.696003
v -91.900666 119.432867 16.845079
v -79.183865 142.995889 -0.161055
v -87.208615 119.023876 18.416034
v -73.388341 140.311848 -0.467401
v -82.966002 117.344818 18.486501
v -68.800442 136.384664 -2.568484
v -79.818756 114.651409 17.045766
v -64.570211 131.553717 -14.683224
v -64.925721 135.927284 -10.324402
v -67.519825 140.350014 -6.865474
v -71.957626 144.148688 -4.833188
v -77.563461 146.744911 -4.536821
v -83.483992 147.743458 -6.021587
v -88.817817 146.992317 -9.061422
v -92.752903 144.605865 -13.193489
v -94.690121 140.947350 -17.788760
v -94.334652 136.573783 -22.147623
v -92.046528 131.947841 -25.945971
v -87.469260 128.026359 -28.045710
v -81.696871 125.756116 -27.935163
v -75.776341 124.757569 -26.450357
v -70.442556 125.508709 -23.410562
v -66.507470 127.895202 -19.278496
v -75.418550 131.021593 -26.997837
v -71.464931 131.578360 -24.744619
v -68.548188 133.347313 -21.681811
v -67.112219 136.059093 -18.275631
v -67.375715 139.300959 -15.044681
v -69.298554 142.579240 -12.480840
v -72.587996 145.394968 -10.974405
v -76.743239 147.319355 -10.754777
v -81.131755 148.059498 -11.855318
v -85.085333 147.502731 -14.108535
v -88.002117 145.733777 -17.171384
v -89.438086 143.021998 -20.577564
v -89.174590 139.780172 -23.808474
v -90.674264 134.534939 -27.785921
v -86.097647 130.613865 -29.885090
v -79.807025 131.761776 -28.098377
v -82.076046 140.034422 -25.033369
v -80.370961 138.574951 -25.814244
v -78.217048 137.577422 -25.928090
v -75.942324 137.193726 -25.357596
v -73.892971 137.482353 -24.189645
v -72.380996 138.399273 -22.602030
v -71.636698 139.804937 -20.836416
v -71.773273 141.485299 -19.161676
v -72.769987 143.184641 -17.832710
v -74.475073 144.644194 -17.051876
v -76.628986 145.641682 -16.938030
v -78.903710 146.025338 -17.508442
v -80.953063 145.736710 -18.676435
v -82.464956 144.819831 -20.264049
v -83.209335 143.414126 -22.029622
v -83.072761 141.733765 -23.704403
v -84.560256 134.148147 -29.907207
v -87.701066 136.838379 -28.467084
v -81.046339 114.180220 16.038503
v -79.660349 111.273904 13.630259
v -79.872929 108.277449 10.450142
v -81.651781 105.646971 6.982253
v -84.726117 103.783030 3.754561
v -88.627843 102.969366 1.258458
v -92.762964 103.329845 -0.125984
v -96.502007 104.809560 -0.188141
v -99.275658 107.183303 1.081600
v -100.661689 110.089619 3.489844
v -100.449109 113.086075 6.669960
v -98.670216 115.716512 10.137849
v -95.595881 117.580412 13.365582
v -91.694195 118.394117 15.861644
v -87.559074 118.033638 17.246128
v -83.820031 116.553923 17.308244
v -92.546310 116.325131 17.868066
v -88.411189 115.964693 19.252590
v -84.672187 114.484937 19.314666
v -81.898495 112.111234 18.044965
v -80.512464 109.204918 15.636721
v -80.725045 106.208462 12.456564
v -82.503937 103.577984 8.988675
v -85.578232 101.714084 5.761024
v -89.479999 100.900379 3.264921
v -93.615120 101.260858 1.880437
v -97.354122 102.740573 1.818321
v -100.127814 105.114317 3.088062
v -101.513805 108.020633 5.496306
v -101.301224 111.017089 8.676423
v -99.522372 113.647526 12.144312
v -96.448037 115.511467 15.372004
v -100.124107 76.321906 15.553791
v -99.643306 76.740225 15.050913
v -99.776622 76.326346 14.052488
v -100.567924 75.897274 13.452138
v -101.073654 75.514311 13.498328
v -101.313647 75.396718 13.769155
v -101.120455 75.498996 14.766684
v -99.209102 77.694252 13.175485
v -98.968619 77.904144 15.124963
v -100.778224 76.906004 12.224513
v -102.481843 75.616997 12.460882
v -102.937880 75.343481 13.461872
v -102.758007 75.688848 15.374936
v -99.965456 77.170519 16.560810
v -99.013628 81.547751 15.285448
v -100.099301 82.157470 11.832141
v -102.427140 80.728344 10.388515
v -105.052649 79.224108 11.359567
v -101.081882 76.386915 16.750255
v -104.525168 79.148550 15.534606
v -102.654303 80.308193 17.983419
v -101.085344 80.717224 17.200915
v -105.446935 78.711291 12.922457
v -107.980675 84.609541 12.772319
v -107.417839 85.195065 15.583892
v -105.042792 86.378373 17.910549
v -103.007246 86.905283 17.431581
v -100.737044 86.770134 15.960338
v -101.293037 85.872521 11.666117
v -104.417228 85.262599 10.204446
v -107.093204 84.964277 11.367103
v -109.742011 89.726958 12.180889
v -109.511753 90.357898 15.086064
v -106.980254 91.781117 17.736868
v -108.596707 89.271451 10.773677
v -106.083904 89.568673 10.199762
v -102.914214 89.753637 12.510004
v -101.713147 90.886559 15.666863
v -104.175565 91.415547 17.344618
v -98.888866 76.296978 31.273769
v -98.182368 76.579944 30.211598
v -98.445049 76.540027 28.932203
v -99.666482 76.135394 28.213404
v -100.781605 75.891246 28.520239
v -101.127664 75.819313 29.458910
v -100.851338 75.862693 30.419902
v -99.844482 76.043910 31.306314
v -96.021490 79.281744 29.770144
v -97.505360 78.123486 27.620182
v -99.616789 76.983110 26.570231
v -101.841535 76.667518 27.225407
v -102.582981 76.660838 28.745162
v -101.564720 77.229987 31.045221
v -99.935640 77.592747 32.522126
v -98.031700 78.384986 32.287468
v -102.443229 81.516102 24.947098
v -104.031007 81.701556 27.036899
v -102.578786 82.666580 30.100970
v -97.660875 84.047276 31.431809
v -95.822840 83.558368 28.115484
v -97.752115 82.642874 25.104976
v -100.327971 81.559564 23.794340
v -100.436767 83.733191 32.381111
v -96.344414 87.589053 26.745053
v -98.200290 86.906016 23.527096
v -100.928729 86.477474 22.081474
v -97.858059 88.676111 29.871404
v -101.038298 88.467888 30.629509
v -103.278604 87.630966 28.738685
v -104.884833 86.781254 25.422279
v -103.176447 86.082414 22.799784
v -105.710268 92.587531 23.329627
v -104.259473 93.620089 26.956290
v -101.769521 94.290295 28.748705
v -103.609307 91.892072 20.683142
v -101.271571 90.464249 20.891853
v -98.650624 90.586242 22.930901
v -97.606987 91.590084 25.239595
v -98.128357 92.899376 28.478529
v -96.194316 87.480298 44.924882
v -94.964208 87.711493 45.292041
v -94.258809 87.234398 45.167483
v -93.918167 86.659302 44.643587
v -94.373552 85.649106 43.838028
v -95.394786 85.281295 43.231283
v -96.145397 85.422065 43.450585
v -96.943339 86.488920 44.036475
v -97.003215 89.523297 43.829800
v -98.095772 87.361849 41.996246
v -96.575202 85.471025 40.582435
v -94.532855 84.888353 40.652168
v -91.834110 86.913430 43.388631
v -92.895018 85.438154 41.847736
v -92.888826 88.679654 44.500617
v -94.667271 89.882106 44.731283
v -89.528592 89.315645 39.070745
v -91.020242 87.508566 37.332707
v -93.353824 87.078232 35.864478
v -96.434188 88.183415 36.012906
v -91.085128 91.479700 40.944828
v -94.081869 92.882268 41.135373
v -96.235782 92.484438 40.414904
v -98.017077 90.450319 37.992893
v -97.320599 93.541273 34.858722
v -95.565780 95.792046 36.859889
v -93.159898 96.558624 37.595144
v -90.340749 95.839092 36.811458
v -88.728329 93.116111 34.330875
v -96.402172 90.649661 32.597928
v -90.552556 91.354449 32.686439
v -93.128290 90.157292 31.902550
v -97.547884 96.885214 32.008290
v -95.455233 99.917759 33.542505
v -92.222124 100.773784 33.849706
v -89.920639 99.420175 32.826639
v -96.603674 93.600823 30.131111
v -93.138636 93.726522 28.887357
v -90.583961 95.313078 29.291990
v -89.034186 97.096614 30.536722
v -98.738198 100.802785 29.132727
v -95.274056 103.336728 30.920703
v -91.412044 102.951892 31.201714
v -98.890088 96.188084 29.450112
v -102.204091 98.623252 27.420595
v -104.863285 97.819445 25.091494
v -106.325404 96.825745 20.689740
v -105.934865 93.721105 19.145220
v -107.897337 95.943325 17.515611
v -97.381005 93.645384 28.764224
v -102.987043 92.385174 18.037063
v -110.198618 95.035815 13.894855
v -110.477999 93.894664 11.048456
v -108.822037 92.640198 9.580960
v -105.356632 92.004655 9.280398
v -101.687201 91.495993 11.310933
v -100.320069 92.231166 14.895438
v -99.746847 92.281796 17.278102
v -97.053723 92.476007 20.725747
v -95.042291 93.336676 23.703914
v -95.509040 93.080389 26.676827
v -92.365338 95.574985 26.023892
v -90.384536 96.976698 27.313999
v -88.868447 99.149226 28.495107
v -89.744595 101.478449 30.467884
v -103.840706 101.687649 21.801889
v -101.744185 102.778210 24.259582
v -105.305717 100.895206 19.093490
v -106.826124 100.524870 15.863518
v -108.371214 99.943460 11.567179
v -108.558011 98.105751 8.787744
v -94.101869 105.904968 28.183792
v -90.555652 105.168246 28.940187
v -98.593110 104.608873 26.444451
v -88.946327 103.718306 28.699623
v -88.299746 101.163386 27.207281
v -89.516943 99.268123 25.300816
v -91.541002 98.473277 23.206535
v -93.920814 97.824537 21.310375
v -96.105154 96.855439 19.451688
v -98.717343 95.419552 16.270676
v -99.416509 94.735293 13.627245
v -101.244565 94.308706 10.379350
v -104.077971 94.619533 8.095868
v -107.038134 96.038842 7.336663
v -103.373183 107.943364 15.782787
v -100.954879 109.053354 19.023920
v -105.069512 106.253023 12.313513
v -106.094901 104.298413 8.618828
v -106.116449 102.347061 5.770433
v -97.855330 109.971048 22.290633
v -92.941249 109.652523 25.462074
v -89.168765 107.846096 26.562451
v -91.805109 112.607880 22.658688
v -87.723754 110.640113 24.829220
v -88.734805 114.688434 17.769901
v -84.880573 112.850195 20.492678
v -81.995886 110.975949 22.511442
v -84.803426 108.713241 25.332750
v -85.544343 105.847006 25.931959
v -87.494310 105.149225 26.904031
v -96.132241 113.185217 18.843192
v -98.920108 112.438435 15.063662
v -100.658675 111.737232 12.521002
v -102.291950 110.273647 9.161420
v -102.924682 107.848173 5.899065
v -102.865377 105.262012 3.997284
v -98.409816 106.429230 2.808599
v -99.255170 109.840257 4.375155
v -98.329126 111.576014 6.160280
v -96.483840 113.014549 8.752184
v -94.456645 113.987313 10.886627
v -92.061273 114.598050 13.553846
v -103.882416 99.515733 4.369860
v -101.381140 102.754707 2.854708
v -98.747078 100.065127 2.562618
v -95.860110 98.726264 4.694576
v -94.815861 103.054373 3.069692
v -100.969950 97.518802 4.625169
v -97.948810 96.170122 7.114307
v -95.522319 108.217002 3.716803
v -96.844401 109.472406 4.001439
v -92.647774 103.507518 6.788450
v -93.729537 99.634019 8.909410
v -95.555882 96.911608 10.914977
v -95.376783 99.492190 15.819812
v -93.179613 101.890699 13.261837
v -92.210433 105.247837 10.034960
v -94.322474 109.147812 5.184339
v -93.989774 99.021897 17.412844
v -88.708737 104.538121 10.966218
v -87.861835 109.654763 8.852956
v -92.417963 109.491754 7.058178
v -85.877124 104.095689 12.120239
v -84.779761 109.714802 11.152526
v -91.884169 99.045155 19.325704
v -89.793921 99.353049 21.064557
v -87.181487 100.223942 18.077144
v -89.142737 100.303328 15.676109
v -83.605496 104.140902 15.097754
v -81.495329 108.695971 14.431540
v -81.503068 103.181620 19.000295
v -78.786320 106.779648 18.451227
v -78.030699 101.011171 23.011673
v -83.984589 101.335765 21.595825
v -80.033169 99.871691 24.611914
v -76.077351 104.856279 22.469406
v -88.028470 100.848283 23.691776
v -87.004099 102.781143 25.726099
v -85.230991 103.047449 25.022738
v -81.484780 101.296336 27.323856
v -91.471187 101.307008 14.514430
v -74.436418 99.760655 26.788555
v -72.775038 102.909652 26.017212
v -76.054582 98.907684 28.197926
v -76.886942 99.736175 30.781684
v -73.525404 100.288543 31.942264
v -72.656589 99.632512 31.187417
v -79.047820 109.797244 19.789968
v -81.967944 111.855436 16.008483
v -76.653588 106.991496 24.170460
v -73.816435 105.345553 28.057400
v -70.828900 101.596694 30.122313
v -71.350922 102.993846 31.182407
v -85.314899 112.937443 12.130300
v -89.318374 113.065912 9.549189
v -78.157987 108.195048 26.455652
v -80.493686 106.811012 28.638932
v -81.474026 104.117114 29.019451
v -75.291140 106.451144 30.236852
v -72.635164 103.993737 32.662977
v -73.666948 103.043335 33.349679
v -77.447578 105.426977 31.584758
v -77.581546 102.493452 32.490110
v -73.961889 101.989148 33.039056
v -71.816816 99.902565 30.485114
v -95.606634 111.379075 5.273664
v -94.009529 112.309925 6.721486
v -91.761281 112.683479 8.750148
v 0.239138 189.181592 -36.119176
v 0.236002 195.667769 -30.571751
v -9.374856 194.770686 -28.382972
v -12.813540 188.340271 -34.068153
v -27.821887 191.233145 -19.538896
v -23.588683 185.871907 -29.488196
v -31.294990 185.822132 -9.909057
v -39.562789 180.534171 -15.028958
v -43.096582 173.771219 -2.559686
v -32.351092 179.576845 2.311301
v -27.340149 168.975179 17.581149
v -36.458352 164.251153 11.893117
v -29.301969 152.425448 22.434621
v -19.969312 155.198081 29.933154
v -23.619558 144.797836 29.963173
v -17.533167 138.363755 33.248664
v -4.616004 134.204765 34.633310
v -3.408420 138.996161 34.750008
v -0.645807 137.888697 34.107907
v -12.505565 185.038936 -34.352300
v 0.238934 186.917622 -35.049796
v -26.581962 180.417921 -27.436073
v -39.563318 176.784497 -16.732211
v -43.139432 170.094986 -3.957692
v -37.013612 160.103283 10.290228
v -28.831473 150.319721 19.380937
v -23.071630 142.383971 26.555934
v -17.973521 137.268876 29.559314
v -12.440882 146.382640 33.758141
v -51.496475 152.494326 11.230854
v -52.188839 160.775199 7.138909
v -9.702668 134.380116 34.449242
v -9.235430 132.796779 31.708380
v -6.705316 140.484512 33.771949
v -59.073091 151.298554 4.258091
v -58.753710 157.224054 1.894531
v -58.924011 163.021818 -7.457760
v -51.853369 167.914719 -2.802327
v -52.548381 169.282584 -15.042237
v -59.491287 162.678732 -15.323451
v -51.170333 162.000624 -27.418843
v -39.726695 162.694577 -31.028399
v -60.431098 157.393825 -22.767769
v -27.841968 167.323697 -36.404993
v -13.764838 170.032625 -41.938773
v -39.712764 134.943685 16.845283
v -50.093947 134.308631 10.019074
v -59.739060 143.426386 3.873866
v -33.453994 132.784070 26.161281
v -23.438015 130.123858 32.824317
v -60.478714 138.335079 -0.880343
v -51.126057 125.120003 2.961915
v -40.022165 126.242701 11.926762
v -34.390954 124.531220 25.432828
v -40.343826 113.404885 7.234507
v -34.699866 112.924898 18.052093
v -23.438749 121.978622 32.524203
v -22.811312 111.111587 25.623251
v -43.475676 114.019165 -3.657456
v -51.128990 121.992960 -5.998736
v -61.258285 135.116308 -8.435248
v -52.853016 123.065721 -15.876063
v -61.791428 134.664630 -15.675091
v -43.158291 115.344832 -13.371121
v -61.228266 150.847772 -26.636787
v -53.231580 152.415061 -32.552593
v -40.036503 150.487171 -37.492214
v -28.780110 153.590304 -43.142161
v -61.672449 144.733764 -25.870128
v -54.613823 141.996120 -33.119869
v -40.973381 137.116864 -39.990475
v -27.216446 136.310817 -45.252776
v -61.940751 138.047470 -21.861154
v -53.899871 126.645623 -26.665055
v -40.968086 115.222351 -21.098731
v -36.277990 114.078471 -30.595131
v -39.408047 125.125216 -36.471957
v -10.783738 121.424218 33.413140
v -10.616818 110.524678 26.687662
v -8.898372 129.374876 35.405876
v -9.667231 120.848225 35.184008
v -9.051973 110.282730 28.352301
v -7.794370 128.059637 36.844451
v 0.218487 121.333304 34.954198
v 0.222275 110.175075 27.920541
v 0.216532 128.744466 37.476858
v -10.092189 91.403857 23.926271
v -9.250664 91.403857 25.748991
v 0.225371 91.403857 25.903569
v -21.336118 91.403857 21.521815
v -31.175971 91.403857 14.109676
v -37.088111 91.403857 3.752362
v -39.336155 91.403857 -2.086745
v -37.656527 91.403857 -11.266495
v -34.283503 91.403857 -19.527532
v -27.822050 91.403857 -24.096327
v -24.393264 113.272465 -36.884735
v -19.667120 91.403857 -27.534278
v -11.250202 112.534400 -34.517876
v -9.829304 91.403857 -27.801847
v 0.246796 112.886528 -32.112035
v 0.247244 91.403857 -26.954579
v 0.247651 125.221874 -37.884667
v -11.571782 122.653145 -39.907749
v -25.651112 122.793264 -42.007813
v -12.201174 135.970989 -44.014398
v 0.247733 137.358731 -41.667782
v -12.817409 153.092925 -45.292041
v 0.246959 153.292675 -44.434590
v 0.242885 170.924250 -39.915080
v -18.744213 156.066000 27.347603
v 0.217143 164.136818 24.316199
v -10.312305 161.892399 24.157466
v -9.386627 158.490292 23.105438
v -5.698459 154.304215 25.956969
v -8.638298 144.592709 30.975813
v -8.388691 159.970619 26.429583
v -6.668861 158.247326 27.658633
v 0.216369 161.441617 26.953765
v 0.216043 159.164083 28.474986
v -4.747813 156.742194 29.265188
v 0.215880 157.303808 29.380256
v 0.216124 154.679928 29.500131
v -3.820425 154.748480 29.924152
v 0.215228 153.197769 32.127798
v -3.346385 152.473675 34.011942
v 2.364457 150.873963 34.441177
v -3.100078 149.054420 35.574669
v 0.214617 150.190275 34.445943
v -2.144707 145.494517 34.452663
v 0.215147 146.215394 34.402807
v -1.662887 140.542555 30.562220
v 0.217306 139.999922 30.983308
v -5.021737 141.334997 30.346381
v -6.468866 150.605172 33.370208
v -6.705316 147.426603 33.707226
v -5.986557 144.421349 32.368118
v -8.329833 149.869958 29.508888
v -9.024641 146.586952 30.589062
v -27.672767 161.562754 17.425389
v -28.081921 164.955045 18.785760
v -0.645929 136.441445 36.476396
v -4.128482 133.449022 37.163750
v -6.304349 132.489618 33.771216
v -13.437230 157.557446 24.519452
v -15.025414 159.102170 25.700072
v -19.029460 193.322172 -25.389734
v -34.201387 183.582804 -23.905416
v -33.904491 178.727499 -23.050124
v -23.228612 170.734642 15.328339
v 23.668681 170.740385 15.347768
v 34.374458 178.735849 -23.021856
v 34.670825 183.591236 -23.876863
v 19.497797 193.326897 -25.373767
v 15.459740 159.105876 25.712699
v 13.872981 157.560786 24.530816
v 5.901020 132.195369 33.775941
v 28.520565 164.961969 18.809221
v 28.113366 161.569597 17.448485
v 9.063418 148.264258 30.596394
v 8.172119 151.029885 29.516016
v 6.394326 143.930201 32.373291
v 7.111252 146.935578 33.712928
v 7.135447 148.808928 33.758792
v 6.307689 151.764651 33.375748
v 5.456633 141.336301 30.350739
v 2.097784 140.543003 30.563768
v 2.575123 145.495087 34.454619
v 3.504059 147.552547 35.577399
v 4.252348 154.749458 29.927492
v 5.179777 156.743416 29.269302
v 7.101802 158.249036 27.664376
v 9.071809 144.594868 30.983145
v 6.133804 154.305641 25.961898
v 9.823275 158.492655 23.113381
v 10.747283 161.895006 24.166183
v 19.177969 156.070644 27.363326
v 13.312101 153.096142 -45.281247
v 12.698961 135.974044 -44.004093
v 26.150487 122.799577 -41.986348
v 12.069365 122.656037 -39.897891
v 10.324565 91.406341 -27.793497
v 11.745870 112.537251 -34.508344
v 20.162178 91.408745 -27.517782
v 24.890684 113.278493 -36.864329
v 28.314216 91.410740 -24.073069
v 34.771881 91.412329 -19.498938
v 38.138062 91.413144 -11.235049
v 39.810073 91.413592 -2.053915
v 37.557222 91.412981 3.783277
v 31.636529 91.411555 14.135703
v 21.790525 91.409152 21.539697
v 9.701568 91.406178 25.756811
v 8.227107 128.061592 34.289043
v 9.496115 110.284970 28.359999
v 10.103105 120.850628 32.630188
v 39.902250 125.134951 -36.439126
v 36.769993 114.087432 -30.564867
v 41.451943 115.232452 -21.064557
v 54.385520 126.658861 -26.620169
v 62.419639 138.062704 -21.809628
v 27.715169 136.317497 -45.230006
v 41.467543 137.126966 -39.956301
v 55.101142 142.009521 -33.074412
v 62.153006 144.748957 -25.818846
v 29.272846 153.597392 -43.118089
v 40.525328 150.497028 -37.458813
v 53.715803 152.428177 -32.508277
v 61.708008 150.862802 -26.585872
v 43.635712 115.355463 -13.335155
v 62.265997 134.679823 -15.623646
v 53.330640 123.078714 -15.832072
v 61.726745 135.131338 -8.384292
v 51.598631 122.005546 -5.956171
v 43.945398 114.029878 -3.621245
v 23.257491 111.117208 25.642354
v 23.876089 122.206111 30.523769
v 35.151830 112.933452 18.081054
v 40.804669 113.414824 7.268152
v 34.833549 124.761438 23.441478
v 40.475961 126.252558 11.960121
v 51.587552 125.132548 3.004480
v 60.940127 138.349947 -0.830079
v 23.873523 130.129642 32.843909
v 33.894430 132.792339 26.189183
v 60.195300 143.441050 3.923559
v 50.547336 134.320973 10.060825
v 40.160369 134.953461 16.878317
v 14.252604 170.036005 -41.927205
v 28.325743 167.330580 -36.381735
v 60.906034 157.408693 -22.717465
v 40.207129 162.704352 -30.995243
v 51.647957 162.013170 -27.376278
v 59.958687 162.693355 -15.273961
v 53.013989 169.295455 -14.998490
v 52.309121 167.927468 -2.759151
v 59.384895 163.036319 -7.408718
v 59.208321 157.238473 1.943409
v 59.527131 151.313055 4.307214
v 7.137524 140.486182 34.516694
v 9.671263 132.799100 31.716241
v 10.135853 134.382560 34.457470
v 52.638154 160.788030 7.182370
v 51.944405 152.506994 11.273704
v 12.871665 146.385735 33.768609
v 18.410006 137.273316 29.574345
v 23.509337 142.389714 26.575282
v 29.273212 150.326809 19.405009
v 37.460484 160.112407 10.321062
v 43.595632 170.105617 -3.921726
v 40.028479 176.794273 -16.699259
v 27.055147 180.424479 -27.413874
v 12.983311 185.042031 -34.341750
v 3.840180 138.997017 35.492065
v 4.187014 133.442056 34.636610
v 17.966312 138.368072 33.263409
v 24.053884 144.803701 29.982928
v 20.401113 155.203050 29.949854
v 29.740654 152.432698 22.459101
v 36.902861 164.260114 11.923503
v 27.778793 168.981941 17.604000
v 32.799796 179.584828 2.338307
v 43.550745 173.781809 -2.523801
v 40.025587 180.543906 -14.996006
v 31.752289 185.829831 -9.882989
v 24.062235 185.877731 -29.468400
v 28.285867 191.240029 -19.515597
v 13.290268 188.343448 -34.057359
v 9.845271 194.773008 -28.375029
v 2.968962 139.770030 32.658415
v -1.865244 131.779984 35.498541
v 2.927700 142.748075 32.509214
v -1.903818 143.018536 32.507421
v 0.215880 144.143597 33.263001
v 0.807839 141.800810 32.123155
v 6.514567 162.796122 24.226507
v 0.000000 102.676095 29.051996
v -2.413254 101.895749 28.975257
v -3.904781 99.852832 28.774366
v -3.904903 97.327524 28.526064
v -2.413539 95.284484 28.325132
v -0.000367 94.503935 28.248393
v 2.412969 95.284036 28.325092
v 3.904700 97.326831 28.525942
v 3.905066 99.852098 28.774285
v 2.413865 101.895301 28.975216
v 0.000000 102.892463 26.851690
v -2.413254 102.112159 26.774951
v -3.904781 100.069200 26.574060
v -3.904903 97.543893 26.325716
v -2.413539 95.500812 26.124826
v -0.000367 94.720304 26.048087
v 2.412969 95.500405 26.124785
v 3.904700 97.543159 26.325635
v 3.905066 100.068467 26.573979
v 2.413865 102.111670 26.774910
v 0.000000 128.887802 39.034168
v -2.413254 128.136295 38.810467
v -3.904781 126.168854 38.224780
v -3.904903 123.736823 37.500849
v -2.413539 121.769218 36.915162
v -0.000367 121.017508 36.691380
v 2.412969 121.768770 36.914999
v 3.904700 123.736130 37.500645
v 3.905066 126.168121 38.224617
v 2.413865 128.135888 38.810345
v 2.413865 128.766624 36.691299
v 3.905066 126.798938 36.105571
v 3.904700 124.366907 35.381599
v 2.412969 122.399588 34.795994
v -0.000367 121.648285 34.572375
v -2.413539 122.399996 34.796116
v -3.904903 124.367600 35.381844
v -3.904781 126.799590 36.105775
v -2.413254 128.767072 36.691421
v 0.000000 129.518579 36.915122
v 0.000000 115.784698 32.859957
v -2.413254 115.064880 32.549090
v -3.904781 113.180288 31.735263
v -3.904903 110.850739 30.729262
v -2.413539 108.966025 29.915394
v -0.000367 108.246003 29.604405
v 2.412969 108.965617 29.915191
v 3.904700 110.850087 30.728977
v 3.905066 113.179596 31.734978
v 2.413865 115.064432 32.548927
v 2.413865 115.940987 30.519166
v 3.905066 114.056109 29.705258
v 3.904700 111.726601 28.699257
v 2.412969 109.842172 27.885470
v -0.000367 109.122517 27.574684
v -2.413539 109.842579 27.885633
v -3.904903 111.727293 28.699542
v -3.904781 114.056802 29.705502
v -2.413254 115.941394 30.519370
v 0.000000 116.661211 30.830196
v -53.229299 148.256275 9.032747
v -80.252227 133.980983 4.851965
v -53.229299 140.302317 7.450591
v -76.782668 128.657829 3.588049
v -53.229299 133.559324 2.945052
v -73.841282 124.145080 -0.011161
v -53.229299 129.053785 -3.797941
v -71.875918 121.129765 -5.397816
v -53.229299 127.471670 -11.751858
v -71.185794 120.070935 -11.751858
v -53.229299 129.053785 -19.705775
v -71.875918 121.129765 -18.105860
v -53.229299 133.559324 -26.448768
v -73.841282 124.145080 -23.492515
v -53.229299 140.302317 -30.954307
v -76.782668 128.657829 -27.091806
v -53.229299 148.256275 -32.536423
v -80.252227 133.980983 -28.355681
v -53.229258 156.210233 -30.954307
v -83.721826 139.304096 -27.091806
v -53.229299 162.953225 -26.448768
v -86.663212 143.816803 -23.492515
v -53.229299 167.458764 -19.705775
v -88.628495 146.832118 -18.105860
v -53.229258 169.040921 -11.751858
v -89.318700 147.890989 -11.751858
v -53.229299 167.458764 -3.797941
v -88.628495 146.832118 -5.397816
v -53.229299 162.953225 2.945052
v -86.663212 143.816803 -0.011161
v -53.229258 156.210233 7.450591
v -83.721826 139.304096 3.588049
v -46.021105 141.795677 3.845353
v -46.021105 148.256275 5.130491
v -46.021105 154.716913 3.845353
v -46.021105 160.193912 0.185738
v -46.021105 163.853527 -5.291261
v -46.021105 165.138665 -11.751858
v -46.021105 163.853527 -18.212415
v -46.021105 160.193912 -23.689495
v -46.021105 154.716913 -27.349110
v -46.021105 148.256275 -28.634167
v -46.021105 141.795677 -27.349110
v -46.021064 136.318638 -23.689495
v -46.021105 132.659023 -18.212415
v -46.021105 131.373925 -11.751858
v -46.021105 132.659023 -5.291261
v -46.021064 136.318638 0.185738
v -87.894503 135.160421 0.708046
v -85.076290 130.836669 1.734617
v -82.258119 126.512958 0.708046
v -79.869019 122.847478 -2.215459
v -78.272647 120.398299 -6.590777
v -77.712052 119.538241 -11.751858
v -78.272647 120.398299 -16.912898
v -79.869019 122.847478 -21.288257
v -82.258119 126.512958 -24.211721
v -85.076290 130.836669 -25.238333
v -87.894503 135.160421 -24.211721
v -90.283561 138.825901 -21.288257
v -91.879974 141.275081 -16.912898
v -92.440529 142.135139 -11.751858
v -91.879974 141.275081 -6.590777
v -90.283561 138.825901 -2.215459
v -40.602516 139.284218 -11.751858
v -40.602516 139.967173 -8.318388
v -40.602475 141.912049 -5.407632
v -40.602516 144.822804 -3.462716
v -40.602516 148.256275 -2.779761
v -40.602516 151.689745 -3.462716
v -40.602516 154.600501 -5.407632
v -40.602516 156.545417 -8.318388
v -40.602475 157.228372 -11.751858
v -40.602516 156.545417 -15.185328
v -40.602516 154.600501 -18.096084
v -40.602516 151.689745 -20.040960
v -40.602516 148.256275 -20.723955
v -40.602516 144.822804 -20.040960
v -40.602475 141.912049 -18.096084
v -40.602516 139.967173 -15.185328
v -92.616369 134.477588 -11.751858
v -92.318496 134.020493 -9.009041
v -91.470087 132.718858 -6.683768
v -90.200427 130.770846 -5.130084
v -88.702668 128.473027 -4.584478
v -87.204990 126.175167 -5.130084
v -85.935249 124.227196 -6.683768
v -85.086840 122.925602 -9.009041
v -84.788925 122.468507 -11.751858
v -85.086840 122.925602 -14.494675
v -85.935249 124.227196 -16.819948
v -87.204990 126.175167 -18.373632
v -88.702668 128.473027 -18.919198
v -90.200427 130.770846 -18.373632
v -91.470087 132.718858 -16.819948
v -92.318496 134.020493 -14.494675
v -67.361337 142.873570 -31.037319
v -62.272270 130.221778 -25.388756
v -64.607155 136.026466 -29.569294
v -60.712150 126.343187 -19.132064
v -60.164344 124.981188 -11.751858
v -60.712150 126.343187 -4.371612
v -62.272270 130.221778 1.885040
v -67.361337 142.873570 7.533603
v -70.115518 149.720675 -29.569294
v -72.450444 155.525363 -25.388756
v -74.010523 159.403954 -19.132064
v -74.558370 160.765913 -11.751858
v -64.607155 136.026466 6.065618
v -70.115518 149.720675 6.065618
v -72.450444 155.525363 1.885040
v -74.010523 159.403954 -4.371612
v -7.619140 226.499351 -33.846489
v -12.511471 226.082254 -32.413371
v -11.231872 220.950826 -28.849232
v -6.742626 222.358812 -30.350780
v -16.946747 225.156577 -28.819375
v -15.281538 219.981728 -25.729847
v -13.529895 220.218870 -23.396591
v -10.395276 220.341026 -25.691803
v -11.518260 220.960235 -20.645831
v -9.181053 220.829281 -22.244932
v -5.740617 220.543220 -23.837108
v -6.340356 220.513486 -27.217790
v -0.000122 220.662076 -24.784659
v -0.000122 220.772705 -27.684702
v -0.000122 223.313002 -30.855980
v -14.557769 221.499080 -13.250269
v -18.593993 219.412009 -14.329466
v -14.889410 222.052181 -7.345054
v -19.456006 218.737241 -7.442078
v -19.985890 219.687032 -14.833566
v -22.791964 221.229230 -15.572731
v -23.796213 219.001837 -7.620892
v -13.499957 222.562147 -0.923478
v -18.089200 218.082636 0.177144
v -23.312683 216.808617 2.199573
v -15.019671 218.657406 6.431270
v -11.030086 222.926291 2.999796
v -21.392776 216.596403 10.154101
v -11.000066 219.637624 12.504139
v -7.499184 223.188769 6.485566
v -14.727989 216.964214 18.766616
v -5.472681 220.058305 16.004369
v -3.599739 223.334753 8.258715
v -7.024370 217.875513 22.822431
v -0.000122 218.677854 24.056654
v -0.000122 220.808223 17.535610
v -0.000122 223.393366 8.970794
v -0.000122 228.448503 6.042971
v -2.803997 228.417791 5.674998
v -6.692281 228.341744 4.758485
v -10.587491 228.130711 2.196152
v -13.015978 227.843998 -1.290189
v -14.180183 227.407228 -7.442526
v -0.000122 229.146366 4.542809
v -2.513047 229.127262 4.310473
v -5.754914 229.097691 3.949668
v -9.471391 228.901607 1.560568
v -11.751532 228.630861 -1.738160
v -13.108766 228.194864 -7.534295
v -11.189226 233.843916 -5.538790
v -10.962307 230.642252 -2.406940
v -8.943829 229.783171 0.905311
v -5.850309 230.018806 3.485241
v -3.415467 231.330502 3.724338
v -0.000122 235.000177 3.202234
v -1.400247 234.849265 2.880695
v -0.000122 237.194944 2.584573
v -2.149758 239.638299 1.132759
v -0.000122 239.807907 1.866466
v -9.446829 238.096386 -6.081056
v -9.617008 237.009817 -5.170205
v -6.836636 238.240578 -2.832876
v -7.038830 238.731196 -3.685195
v -11.009801 237.470782 -9.071320
v -8.749007 234.029776 -3.509599
v -8.185723 235.258989 -3.879609
v -12.121257 233.442745 -8.320913
v -8.665384 232.849808 -2.407633
v -7.773718 232.317847 -1.586800
v -5.845217 232.218257 0.723361
v -4.426437 233.006097 1.273896
v -3.442839 234.570780 1.049747
v -3.669513 235.605986 0.479946
v -6.463856 236.181652 -2.778417
v -4.326277 236.226132 -1.118747
v -4.739219 238.727570 -0.980055
v -11.787132 232.808465 -12.863640
v -12.478111 227.713248 -12.731505
v -10.781213 236.491786 -13.018137
v -13.886464 226.851317 -13.146525
v -8.123159 235.565172 -18.527192
v -9.282964 232.291779 -18.974594
v -9.934189 227.216846 -18.968402
v -10.854490 226.293450 -20.173217
v -4.768383 235.164124 -20.642328
v -5.482864 231.733261 -20.996412
v -5.819230 227.020803 -21.357583
v -5.902609 226.066694 -22.923080
v -0.000081 234.982540 -21.746005
v -0.000122 230.456269 -22.040335
v -0.000122 226.928300 -22.484640
v -0.000122 225.963764 -24.156326
v -4.714535 239.189513 -1.078708
v -3.112787 226.686229 -35.997794
v -7.595190 226.160826 -35.317569
v -13.179803 225.042527 -33.725962
v -17.861467 223.877223 -30.217708
v -23.779595 219.834400 -15.901806
v -24.039221 217.640978 -8.213706
v -2.992301 217.323715 -28.185462
v -0.000244 226.905898 -36.192290
v -0.000122 217.711974 -28.683452
v -11.266780 217.030729 -26.797598
v -14.217249 216.503168 -24.438721
v -19.248109 215.994098 -16.452992
v -22.250309 215.774185 -7.682193
v -23.154439 215.378025 2.380953
v -21.581284 215.065854 9.919688
v -14.780981 215.440304 18.767104
v -6.966571 216.373884 22.919170
v -0.000244 227.348859 -34.879699
v -6.742219 217.225388 -27.820991
v -0.000122 217.018876 24.047693
v -3.023665 227.120026 -34.692005
v -2.498506 223.174920 -30.867100
v -2.443844 220.675844 -27.736594
v -2.102998 220.498781 -24.744375
v -2.158312 225.974436 -24.036329
v -2.061288 231.094744 -21.932069
v -1.671197 234.987754 -21.645967
v -2.229430 226.960641 -22.196257
v -0.000163 221.986032 -32.660655
v -3.058939 221.865913 -32.492636
v -7.185180 221.119335 -31.781535
v -12.403897 219.821244 -29.998610
v -16.296296 218.646164 -26.310971
v -21.343897 217.314143 -17.187881
v -23.836009 216.070511 -7.830580
v -4.582156 218.583192 -22.610828
v -2.020393 218.839601 -22.633394
v 0.000000 218.595330 -22.533437
v 0.000000 218.530403 13.265666
v -4.709566 218.362058 12.843234
v -10.065224 217.571366 10.011213
v -15.074496 217.416788 4.361225
v -16.271164 217.495238 -1.165345
v -15.159830 217.899952 -8.029190
v -13.112106 218.049887 -14.011511
v -9.680713 218.397128 -20.245964
v -7.668222 218.574435 -21.869382
v -4.352508 239.435372 -2.039007
v -1.981331 239.844607 -0.012505
v -0.000122 240.000000 0.659860
v -0.000122 235.578166 -20.977838
v -1.542809 235.582972 -20.886191
v -4.380939 235.744556 -19.966461
v -7.455153 236.112123 -18.028224
v -10.104367 236.961224 -12.746943
v -10.100416 237.858348 -9.363166
v -8.668154 238.431611 -6.622955
v -6.461534 239.023652 -4.427415
v -22.800558 221.668933 -22.122980
v -21.009813 222.666869 -26.063117
v -21.618228 222.992400 -21.410617
v -19.904588 223.968259 -24.967464
v -18.901235 220.080870 -20.067965
v -17.318020 220.031299 -22.939170
v -17.193054 219.680963 -18.846695
v -15.588128 219.949917 -21.430453
v -12.878915 221.139823 -18.511836
v -13.786344 221.319492 -16.324157
v -13.298863 226.665334 -15.703603
v -12.303289 226.479392 -17.965252
v -18.944207 216.706461 15.010873
v -13.100497 219.147494 9.816799
v -11.636749 227.465068 -15.984207
v -10.965647 232.550142 -16.053411
v -9.882744 236.028540 -15.906938
v -9.210339 236.536714 -15.521857
v -9.355304 223.057530 5.091755
v -8.730556 228.236248 3.826413
v -7.703822 228.999649 3.104233
v -7.487738 229.901009 2.544370
v -19.042290 215.179171 14.974458
v -23.766845 216.386307 -2.822408
v -23.724403 217.782033 -2.616670
v -22.522684 216.604020 6.525932
v -22.594495 215.123409 6.512857
v -11.236394 215.857808 21.138526
v -11.238756 217.370598 21.089933
v -2.176845 232.737754 3.417992
v -1.396662 237.654606 1.928868
v -1.939947 238.132515 1.579427
v 6.742626 222.358812 -30.350780
v 11.231872 220.950826 -28.849232
v 12.511471 226.082254 -32.413371
v 7.619140 226.499351 -33.846489
v 15.281538 219.981728 -25.729847
v 16.946747 225.156577 -28.819375
v 10.395276 220.341026 -25.691803
v 13.529895 220.218870 -23.396591
v 9.181053 220.829281 -22.244932
v 11.518260 220.960235 -20.645831
v 6.340356 220.513486 -27.217790
v 5.740617 220.543220 -23.837108
v 2.102998 220.498781 -24.744375
v 2.443844 220.675844 -27.736594
v 2.498506 223.174920 -30.867100
v 12.878915 221.139823 -18.511836
v 15.588128 219.949917 -21.430453
v 19.456006 218.737241 -7.442078
v 18.593993 219.412009 -14.329466
v 14.557769 221.499080 -13.250269
v 14.889410 222.052181 -7.345054
v 19.985890 219.687032 -14.833566
v 17.318020 220.031299 -22.939170
v 19.904588 223.968259 -24.967464
v 23.796213 219.001837 -7.620892
v 22.791964 221.229230 -15.572731
v 18.089200 218.082636 0.177144
v 13.499957 222.562147 -0.923478
v 23.312683 216.808617 2.199573
v 23.724403 217.782033 -2.616670
v 11.030086 222.926291 2.999796
v 15.019671 218.657406 6.431270
v 21.392776 216.596403 10.154101
v 22.522684 216.604020 6.525932
v 9.355304 223.057530 5.091755
v 13.100497 219.147494 9.816799
v 18.944207 216.706461 15.010873
v 3.599739 223.334753 8.258715
v 5.472681 220.058305 16.004369
v 11.000066 219.637624 12.504139
v 7.499184 223.188769 6.485566
v 7.024370 217.875513 22.822431
v 11.238756 217.370598 21.089933
v 14.727989 216.964214 18.766616
v 2.803997 228.417791 5.674998
v 6.692281 228.341744 4.758485
v 10.587491 228.130711 2.196152
v 8.730556 228.236248 3.826413
v 13.015978 227.843998 -1.290189
v 14.180183 227.407228 -7.442526
v 2.513047 229.127262 4.310473
v 5.754914 229.097691 3.949668
v 9.471391 228.901607 1.560568
v 7.703822 228.999649 3.104233
v 11.751532 228.630861 -1.738160
v 13.108766 228.194864 -7.534295
v 10.962307 230.642252 -2.406940
v 11.189226 233.843916 -5.538790
v 8.943829 229.783171 0.905311
v 7.487738 229.901009 2.544370
v 3.415467 231.330502 3.724338
v 5.850309 230.018806 3.485241
v 2.176845 232.737754 3.417992
v 1.400247 234.849265 2.880695
v 1.396662 237.654606 1.928868
v 1.939947 238.132515 1.579427
v 2.149758 239.638299 1.132759
v 7.038830 238.731196 -3.685195
v 6.836636 238.240578 -2.832876
v 9.617008 237.009817 -5.170205
v 9.446829 238.096386 -6.081056
v 11.009801 237.470782 -9.071320
v 8.185723 235.258989 -3.879609
v 8.749007 234.029776 -3.509599
v 12.121257 233.442745 -8.320913
v 8.665384 232.849808 -2.407633
v 7.773718 232.317847 -1.586800
v 4.426437 233.006097 1.273896
v 5.845217 232.218257 0.723361
v 3.442839 234.570780 1.049747
v 3.669513 235.605986 0.479946
v 6.463856 236.181652 -2.778417
v 4.326277 236.226132 -1.118747
v 4.739219 238.727570 -0.980055
v 12.478111 227.713248 -12.731505
v 11.787132 232.808465 -12.863640
v 10.781213 236.491786 -13.018137
v 13.886464 226.851317 -13.146525
v 10.965647 232.550142 -16.053411
v 9.282964 232.291779 -18.974594
v 8.123159 235.565172 -18.527192
v 9.882744 236.028540 -15.906938
v 9.934189 227.216846 -18.968402
v 11.636749 227.465068 -15.984207
v 10.854490 226.293450 -20.173217
v 12.303289 226.479392 -17.965252
v 5.482864 231.733261 -20.996412
v 4.768383 235.164124 -20.642328
v 5.819230 227.020803 -21.357583
v 5.902609 226.066694 -22.923080
v 1.671197 234.987754 -21.645967
v 2.061288 231.094744 -21.932069
v 2.229430 226.960641 -22.196257
v 2.158312 225.974436 -24.036329
v 4.714535 239.189513 -1.078708
v 9.210339 236.536714 -15.521857
v 7.455153 236.112123 -18.028224
v 4.380939 235.744556 -19.966461
v 1.542809 235.582972 -20.886191
v 1.981331 239.844607 -0.012505
v 4.352508 239.435372 -2.039007
v 6.461534 239.023652 -4.427415
v 8.668154 238.431611 -6.622955
v 10.100416 237.858348 -9.363166
v 10.104367 236.961224 -12.746943
v 21.009813 222.666869 -26.063117
v 17.861467 223.877223 -30.217708
v 24.039221 217.640978 -8.213706
v 23.779595 219.834400 -15.901806
v 3.058939 221.865913 -32.492636
v 3.112787 226.686229 -35.997794
v 13.179803 225.042527 -33.725962
v 16.296296 218.646164 -26.310971
v 12.403897 219.821244 -29.998610
v 22.800558 221.668933 -22.122980
v 21.343897 217.314143 -17.187881
v 23.836009 216.070511 -7.830580
v 23.766845 216.386307 -2.822408
v 21.581284 215.065854 9.919688
v 22.594495 215.123409 6.512857
v 19.042290 215.179171 14.974458
v 14.780981 215.440304 18.767104
v 11.236394 215.857808 21.138526
v 6.966571 216.373884 22.919170
v 23.154439 215.378025 2.380953
v 3.023665 227.120026 -34.692005
v 7.595190 226.160826 -35.317569
v 7.185180 221.119335 -31.781535
v 16.271164 217.495238 -1.165345
v 15.074496 217.416788 4.361225
v 10.065224 217.571366 10.011213
v 4.709566 218.362058 12.843234
v 2.020393 218.839601 -22.633394
v 4.582156 218.583192 -22.610828
v 7.668222 218.574435 -21.869382
v 9.680713 218.397128 -20.245964
v 13.112106 218.049887 -14.011511
v 15.159830 217.899952 -8.029190
v 2.992301 217.323715 -28.185462
v 6.742219 217.225388 -27.820991
v 11.266780 217.030729 -26.797598
v 14.217249 216.503168 -24.438721
v 19.248109 215.994098 -16.452992
v 22.250309 215.774185 -7.682193
v 21.618228 222.992400 -21.410617
v 18.901235 220.080870 -20.067965
v 17.193054 219.680963 -18.846695
v 13.786344 221.319492 -16.324157
v 13.298863 226.665334 -15.703603
v -20.982197 210.524431 -18.788285
v -20.869939 208.418256 -17.815318
v -20.291910 214.194962 -17.899226
v -19.392057 214.463875 -15.945471
v -18.038652 213.785238 -13.510873
v -15.803316 210.211160 -10.375073
v -19.944058 207.170306 -15.745272
v -18.599166 206.501323 -13.317437
v -17.699924 206.403729 -11.690679
v -19.285135 209.451303 -14.262665
v -17.196923 210.915051 -16.619220
v -16.110476 211.725905 -15.266956
v -17.709007 207.497385 -5.615814
v -15.250744 212.267031 -6.161950
v -14.244580 215.690685 -6.298565
v -24.898790 199.344166 -11.349832
v -24.607556 202.370845 -5.409832
v -23.759554 198.556611 -17.263194
v -14.173666 221.380590 -9.255104
v -17.539684 207.448140 -21.111928
v -15.130462 208.143640 -22.196949
v -17.263968 210.824097 -21.523852
v -14.975029 210.643857 -21.680955
v -16.457595 212.581849 -20.308488
v -14.628521 211.881664 -20.762651
v -15.509434 213.662553 -18.503323
v -14.432111 213.297634 -17.683427
v -12.641569 221.110781 -18.685192
v -13.754940 221.169109 -14.888229
v -7.931229 211.742116 -22.826505
v -9.275429 206.766163 -23.094318
v -8.580825 221.175789 -21.675253
v 0.000000 221.098195 -23.220995
v 0.000000 211.282862 -23.784279
v 0.000000 207.226924 -24.208829
v 0.000000 202.018227 -29.449786
v -11.821754 200.805226 -27.087855
v -18.634358 200.481243 -23.306940
v -11.760493 227.166909 -9.814599
v -11.347999 226.789159 -14.663265
v -9.997201 226.454708 -18.726983
v -8.242422 230.069029 -9.323981
v -8.171467 229.684640 -13.296256
v -7.040174 229.382001 -16.435111
v -5.161203 231.953377 -9.345081
v -5.267310 231.707273 -12.090097
v -4.267867 231.571554 -13.777302
v 0.000000 207.804505 27.891580
v 0.000000 211.434263 24.984327
v -5.887782 207.146926 25.797747
v -4.709484 210.992402 22.395844
v -8.681474 205.775803 21.130706
v -6.967467 208.918365 19.102777
v -10.382038 204.934074 15.174290
v -8.434637 207.699294 14.829656
v -6.099263 208.769407 15.730079
v -9.803317 203.090174 16.844183
v -2.414761 212.912145 18.604217
v 0.000000 214.232965 20.126171
v -7.913429 202.548315 19.498856
v -5.083446 202.736823 23.242868
v 0.000000 202.893763 24.664540
v -13.282896 217.535441 -1.301920
v -13.175648 222.565690 -3.718962
v -13.328516 214.029549 1.508391
v -15.393714 209.416599 1.620689
v -21.684255 204.003305 3.249606
v -10.636410 218.644983 2.496388
v -11.035218 216.900794 3.947428
v -12.132825 210.145948 4.351368
v -10.796731 209.519937 6.293881
v -8.187516 210.038090 8.854422
v -6.691426 212.316805 10.134509
v -3.938793 213.753385 11.425961
v -2.514229 215.981227 10.983488
v -2.834994 218.284585 9.158609
v -5.818130 218.731090 7.983407
v -8.258552 219.286106 4.482810
v -9.657699 216.913095 6.933375
v -1.409860 216.704425 12.586296
v -1.329617 218.445966 10.404970
v -13.336214 204.355068 8.727175
v -11.695118 227.392198 -6.787269
v -11.546283 223.621262 0.347648
v -10.032353 227.765996 -2.315497
v -10.441955 224.143814 2.114688
v -12.739652 220.396218 2.279367
v -9.327118 221.446821 4.353527
v -6.014092 220.113863 8.506692
v -7.823941 224.618872 5.242749
v -2.238187 220.869769 9.047370
v -3.790202 224.744368 7.120416
v 0.000000 225.425042 7.532096
v -6.986856 228.032751 1.015329
v -3.790772 228.141179 2.690395
v 0.000000 228.266105 3.932805
v 0.000000 230.940573 -0.320928
v 0.000000 232.422895 -4.995790
v -2.296842 232.341350 -5.460665
v -3.576277 230.817155 -1.594865
v -5.731330 230.619442 -3.624952
v -4.020094 232.190315 -6.872480
v -6.853581 230.414926 -5.743509
v -4.455968 232.119849 -7.592868
v 0.000000 226.028691 -21.531184
v -7.147177 226.293816 -20.721756
v -4.609487 229.178137 -18.543037
v -2.428610 231.484347 -15.058122
v 0.000000 229.085716 -19.495190
v 0.000000 231.486220 -15.377136
v -27.085614 198.098986 6.503122
v -20.469991 198.244644 10.099032
v -15.722748 201.673064 10.954568
v -16.948132 195.616936 17.771408
v -13.528184 195.617343 21.386829
v -21.119545 197.696146 9.688941
v -17.845745 195.339102 18.449842
v -14.221607 195.268880 22.421220
v -6.153355 197.618347 26.392028
v -5.681515 198.154422 25.526268
v 0.000000 198.791554 26.946311
v 0.000000 198.264114 28.027381
v -21.544177 189.096421 20.163522
v -26.657683 191.772682 13.269047
v -28.931674 196.176024 6.397626
v -30.917526 194.251230 5.077417
v -29.150283 190.100264 12.299990
v -23.910956 184.641961 21.788407
v -9.100770 182.036737 33.915774
v 0.000000 182.182924 35.870832
v -17.254233 182.024721 28.494619
v 0.000000 178.484777 37.274867
v -10.774410 178.589621 34.363582
v -19.206563 179.969706 29.522289
v -25.396455 183.568996 21.826939
v -31.038745 188.825594 11.486570
v -28.014632 181.881181 19.908091
v -23.403067 175.198634 25.326110
v -13.316174 170.428989 30.723723
v 0.000000 168.433524 33.725474
v 0.000000 161.971175 25.401872
v -14.679232 165.206850 23.430439
v -25.515107 172.987208 19.666387
v -30.519533 180.782718 14.994295
v -32.731774 187.448198 8.567872
v -14.742856 162.328273 14.003324
v 0.000000 159.175284 15.528170
v -25.563375 171.483135 10.953754
v -31.581703 180.194139 7.476415
v -31.083876 181.097373 0.946410
v -25.557265 173.170910 2.078966
v -15.922213 163.660253 3.235757
v 0.000000 160.103527 3.600350
v 0.000000 164.439499 -6.742789
v 0.000000 176.544300 -20.589947
v -16.847035 168.803412 -5.970550
v -26.645911 177.092269 -5.963584
v -31.453438 182.994144 -5.220305
v -27.267931 183.149537 -15.031117
v -16.336824 179.000567 -18.088752
v -30.602748 186.963975 -12.562060
v 0.000000 184.054563 -25.973710
v 0.000000 191.979805 -30.538106
v -16.094550 184.539316 -22.670664
v -15.683197 191.615660 -26.826069
v -26.700329 187.234802 -19.294177
v -29.562858 190.258304 -14.934989
v -28.985766 192.915014 -16.661011
v -25.092430 192.060903 -23.068942
v 0.000000 197.676065 -31.468672
v -14.078027 196.243151 -27.856265
v -22.428186 195.431768 -23.426162
v -28.145667 194.421612 -16.986827
v -29.809409 194.737571 -11.422498
v -30.574562 193.182746 -10.994038
v -30.517374 195.850982 -4.826711
v -31.572376 191.366502 -8.697726
v -31.041311 195.127988 -3.369114
v -32.658660 189.210960 -4.738934
v -31.711109 194.182230 -1.325911
v -33.356441 187.759106 0.385855
v -32.026498 193.677763 0.132501
v -33.514685 187.470112 4.383220
v -32.043035 193.373983 2.536265
v 0.000000 221.746853 9.422064
v 0.000000 219.209366 11.310404
v 0.000000 217.565257 14.036684
v -19.213487 197.296645 10.654699
v -20.624447 212.677692 -18.713786
v -16.921004 212.293792 -11.869085
v 0.000000 170.454935 -14.947372
v -16.591930 173.865025 -13.310634
v -26.673487 180.086036 -10.749279
v -14.687297 214.729896 -12.181011
v 0.000000 172.178147 36.263856
v -12.045292 173.228301 33.307318
v -21.674357 177.497920 28.409570
v -13.997703 167.399133 27.446623
v 0.000000 164.783562 29.933194
v -24.459087 173.674114 22.865770
v 0.000000 160.277616 20.637481
v -14.711003 163.471949 18.889341
v -25.539261 171.939538 15.482510
v -15.332534 162.501547 8.570275
v 0.000000 159.146731 9.514974
v -25.560320 171.834327 6.467074
v -6.036943 201.602923 -28.733349
v -15.548048 200.818301 -25.597386
v -7.189702 197.057263 -30.156284
v -18.636680 195.911551 -26.050531
v -25.818276 194.981597 -20.501599
v -29.341316 194.608043 -14.305638
v -30.163412 195.294256 -8.124585
v -8.009720 191.786939 -29.155334
v -20.816213 191.828322 -25.342240
v -27.607270 192.491644 -20.152891
v -21.847020 185.752032 -21.293838
v -28.722718 188.671586 -17.344699
v -30.446215 191.713132 -13.049908
v -31.187783 194.563197 -7.947074
v -8.219816 184.128533 -24.703765
v -22.260492 180.838928 -16.778401
v -29.543348 184.904316 -13.956971
v -31.477877 189.125708 -10.685940
v -31.964666 193.266898 -6.030670
v -8.343438 177.466923 -19.616205
v -22.087258 176.653258 -12.153273
v -8.473536 171.736570 -14.296391
v -21.914024 172.844931 -5.830350
v -29.370643 180.089376 -5.447346
v -32.458502 186.024571 -4.964752
v -32.861179 191.683683 -2.966640
v -8.603635 166.081613 -6.360763
v -21.175552 167.913457 2.842692
v -28.915625 176.815209 1.673966
v -32.624689 184.329261 0.751874
v -33.378395 190.684973 0.394124
v -8.131590 161.242478 3.619372
v -20.876049 166.639601 7.806141
v -7.830580 160.162507 9.362147
v -20.576546 166.371869 12.870239
v -29.172930 175.492516 9.538192
v -32.956859 183.725692 6.081626
v -33.467639 190.382333 3.661977
v -31.480280 193.812586 3.806861
v -7.529570 160.088619 15.205532
v -20.547992 167.188711 17.676503
v -7.513237 161.235228 20.308162
v -20.519480 168.609201 22.130678
v -28.606021 176.560797 17.823953
v -32.022750 184.012569 12.006352
v -7.496903 162.985445 25.058704
v -19.632417 170.079100 25.814244
v -7.149010 165.540405 29.422210
v -18.745394 172.404169 28.743247
v -26.005970 178.143116 23.010451
v -29.656298 185.159503 15.762176
v -6.801199 168.950495 33.031195
v -17.214071 175.006990 31.636366
v -6.152011 172.291219 35.645991
v -15.305488 179.005821 32.743627
v -22.527042 181.440419 26.132239
v -28.330794 186.014021 16.733636
v -5.502823 178.247757 36.701360
v -13.454378 181.814665 31.990368
v -21.015108 183.144649 25.799254
v -26.863747 187.309057 17.335534
v -30.664987 192.172875 9.000732
v -4.647775 181.895478 35.755968
v -31.629075 191.522139 8.585509
v -33.067936 190.371132 5.798212
v -24.100930 190.520782 16.974933
v -18.001137 188.551345 22.008930
v -3.176940 198.121755 27.528209
v -2.940816 198.653513 26.554794
v -9.506298 197.045980 23.456548
v -10.088971 196.603752 24.406624
v -16.033696 195.069945 20.435531
v -15.238158 195.383093 19.579098
v -18.185654 196.275411 14.054809
v -19.200046 196.032036 13.992408
v -9.055476 202.745336 18.048387
v -6.778674 202.577357 21.431594
v -2.592190 202.889242 23.953684
v -2.945093 207.623532 26.783097
v -2.355862 211.484323 23.690065
v -5.838456 209.869174 20.773974
v -7.284648 206.559895 23.464247
v -9.408297 206.415215 14.694059
v -7.824471 207.507242 20.905050
v -6.561572 208.374673 22.907398
v -5.298633 209.045082 24.909747
v 0.000000 209.471588 27.189318
v -2.650477 209.529305 26.049553
v -11.997758 214.620979 3.312333
v -6.530290 216.897536 9.301253
v -3.014174 222.807069 8.083893
v -6.919037 222.070755 6.628373
v -9.884536 222.499664 2.987780
v -12.143008 221.713127 1.067181
v -4.690381 216.359546 6.376567
v -6.852481 216.103749 5.942200
v -9.303860 216.231892 4.724352
v -10.716286 215.828278 3.001629
v -10.989231 213.138901 3.722383
v -10.572298 212.386824 4.133044
v -8.475410 213.410014 5.837682
v -6.807961 214.062134 6.364225
v -4.868258 215.132370 6.739734
v -4.254425 216.122241 6.611143
v -20.001490 196.915393 10.369493
v -27.794678 193.974333 9.833336
v -22.539384 195.920797 9.576113
v -14.392886 196.503877 14.051266
v -14.705749 196.199812 14.380218
v -16.778360 196.807698 12.746250
v -12.003949 196.156229 15.726332
v -12.298157 195.876603 16.085548
v -9.648616 195.817582 17.380788
v -9.908813 195.566306 17.786927
v -6.811789 197.110989 19.515760
v -7.040989 196.897919 19.948009
v -3.942540 198.442887 21.684051
v -4.115611 198.235805 22.168233
v -1.964060 198.572211 22.159720
v -2.059577 198.366229 22.634534
v 0.000000 198.912365 22.625736
v 0.000000 198.687076 23.105682
v 0.000000 193.222378 30.141009
v 0.000000 192.709194 30.042112
v -3.070059 192.401178 29.752629
v -3.159954 192.908537 29.820692
v -5.975193 191.732887 28.827522
v -6.119018 192.234706 28.863325
v -10.017567 190.207878 26.298385
v -10.184365 190.716499 26.339362
v -13.082860 188.969500 24.531265
v -14.562535 188.328255 24.051359
v -14.730433 188.571222 23.735237
v -14.447059 188.884818 23.811040
v -10.543133 189.460485 25.522806
v -10.537227 189.005263 25.545249
v -6.714480 189.789600 27.005046
v -6.706823 189.338655 27.023661
v -3.465526 190.191056 27.657900
v -3.450211 189.748868 27.675374
v 0.000000 190.230484 27.670283
v 0.000000 189.788623 27.679447
v -8.428446 205.814213 10.122901
v -8.302828 205.741466 10.623987
v -9.409437 204.116663 11.187759
v -9.634278 203.941026 10.779135
v -9.375304 202.153376 13.605086
v -9.457257 201.719539 13.424521
v -9.546786 201.930002 13.284321
v -10.638650 212.043412 6.036332
v -10.572298 212.386824 5.782816
v -8.294804 213.489238 8.723591
v -8.400911 213.110144 9.032095
v -11.168290 212.971329 5.190245
v -10.954283 212.968682 5.127396
v -10.939742 215.617733 4.028810
v -10.803737 216.122445 4.116303
v -10.716286 215.828278 3.872196
v -6.706375 214.109791 9.570003
v -6.711426 213.780228 9.943598
v -4.868258 215.132370 10.185058
v -4.718160 214.909688 10.643660
v -4.254425 216.122241 9.967915
v -3.856677 216.232503 10.358047
v -4.532218 216.329079 9.598231
v -5.303603 216.538849 9.686904
v -4.483910 216.573756 9.799447
v -18.488415 202.848103 -17.373497
v -18.267973 202.920606 -17.660617
v -18.122601 203.209763 -17.603674
v -18.307850 203.301573 -17.823505
v -18.671588 203.610648 -13.941330
v -18.559330 203.748771 -12.905350
v -18.475137 203.701644 -12.748369
v -18.747716 203.391021 -12.619289
v -18.814150 203.257705 -12.795210
v -17.790308 216.662878 -17.537199
v -17.327592 216.396490 -17.761999
v -14.933889 215.382628 -15.386830
v -14.861223 215.428166 -15.387482
v -14.917882 215.891657 -15.142519
v -14.954744 215.506046 -14.862527
v -15.215389 215.640258 -14.956903
v -18.545033 215.398065 -21.373754
v -18.038244 215.243528 -21.359253
v -18.390170 213.038415 -22.320205
v -18.863110 213.132873 -22.343300
v -9.333513 216.458932 7.100213
v -9.056657 216.259997 6.894801
v -6.865678 216.369648 9.149770
v -6.698473 216.108799 8.872303
v -17.850632 215.902329 -12.797166
v -17.594876 216.144359 -12.898100
v -15.950440 214.949768 -11.093587
v -16.258660 214.709571 -10.995748
v -19.407290 216.482313 -15.868120
v -19.124895 216.774891 -16.000052
v -21.070789 215.057464 -19.102614
v -20.945741 215.317823 -19.466026
v -21.549757 213.168554 -20.064380
v -21.465971 213.246108 -20.486446
v -22.088561 210.566874 -20.344006
v -22.013248 210.540072 -20.766072
v -22.234953 207.260324 -19.769032
v -22.142043 207.114341 -20.173217
v -20.775440 204.901529 -17.875805
v -20.571006 204.554370 -18.143903
v -14.561965 213.435349 -9.697372
v -14.525061 213.503290 -9.238118
v -14.515326 213.394373 -9.003379
v -14.653204 212.925546 -9.340437
v -8.066460 201.157477 15.130585
v -8.106825 200.747834 14.966801
v -6.650287 200.812395 16.884223
v -6.641774 200.379576 16.740927
v -4.965241 200.425073 18.908404
v -4.978805 199.995798 18.768611
v -3.192092 200.513462 20.589213
v -3.156451 200.103371 20.544367
v -1.603704 200.468249 21.250010
v -1.587900 200.019545 21.195551
v 0.000000 200.413750 21.912273
v 0.000000 199.932215 21.845839
v -7.237806 207.387816 10.992612
v -7.181026 207.686097 10.548755
v -5.861836 209.245240 12.464588
v -6.118570 208.829202 12.765395
v -4.238499 209.977480 17.077171
v -4.109623 209.997928 17.520092
v -4.388434 209.754879 17.704119
v -4.674292 209.523684 17.041734
v -19.261062 210.175031 -22.623089
v -18.769874 210.124645 -22.593802
v -19.598976 207.056460 -21.999521
v -19.063797 207.053568 -22.006283
v -18.751585 204.128271 -19.005265
v -18.444669 203.910558 -18.869790
v -18.204594 204.208799 -19.266276
v -14.217045 205.864884 -22.013981
v -14.340219 205.312720 -22.060049
v -13.470426 205.735234 -22.135607
v -11.787214 207.160042 -22.286356
v -12.302271 207.499503 -22.148275
v -10.733067 210.456001 -21.360761
v -11.290893 210.363254 -21.263126
v -11.830960 212.317824 -20.377855
v -12.284837 211.983698 -20.388730
v -13.187297 213.576486 -18.490615
v -13.334625 213.401704 -18.251436
v -13.618528 213.258287 -18.215755
v -16.886341 205.219362 -20.067639
v -17.056479 204.812245 -19.818033
v -17.052650 204.618808 -19.500730
v 20.982197 210.524431 -18.788285
v 20.869939 208.418256 -17.815318
v 20.291910 214.194962 -17.899226
v 19.392057 214.463875 -15.945471
v 18.038652 213.785238 -13.510873
v 15.803316 210.211160 -10.375073
v 19.944058 207.170306 -15.745272
v 18.599166 206.501323 -13.317437
v 17.699924 206.403729 -11.690679
v 19.285135 209.451303 -14.262665
v 17.196923 210.915051 -16.619220
v 16.110476 211.725905 -15.266956
v 17.709007 207.497385 -5.615814
v 15.250744 212.267031 -6.161950
v 14.244580 215.690685 -6.298565
v 24.898790 199.344166 -11.349832
v 24.607556 202.370845 -5.409832
v 23.759554 198.556611 -17.263194
v 14.173666 221.380590 -9.255104
v 17.539684 207.448140 -21.111928
v 15.130462 208.143640 -22.196949
v 17.263968 210.824097 -21.523852
v 14.975029 210.643857 -21.680955
v 16.457595 212.581849 -20.308488
v 14.628521 211.881664 -20.762651
v 15.509434 213.662553 -18.503323
v 14.432111 213.297634 -17.683427
v 12.641569 221.110781 -18.685192
v 13.754940 221.169109 -14.888229
v 7.931229 211.742116 -22.826505
v 9.275429 206.766163 -23.094318
v 8.580825 221.175789 -21.675253
v 11.821754 200.805226 -27.087855
v 18.634358 200.481243 -23.306940
v 11.760493 227.166909 -9.814599
v 11.347999 226.789159 -14.663265
v 9.997201 226.454708 -18.726983
v 8.242422 230.069029 -9.323981
v 8.171467 229.684640 -13.296256
v 7.040174 229.382001 -16.435111
v 5.161203 231.953377 -9.345081
v 5.267310 231.707273 -12.090097
v 4.267867 231.571554 -13.777302
v 5.887782 207.146926 25.797747
v 4.709484 210.992402 22.395844
v 8.681474 205.775803 21.130706
v 6.967467 208.918365 19.102777
v 10.382038 204.934074 15.174290
v 8.434637 207.699294 14.829656
v 6.099263 208.769407 15.730079
v 9.803317 203.090174 16.844183
v 2.414761 212.912145 18.604217
v 7.913429 202.548315 19.498856
v 5.083446 202.736823 23.242868
v 13.282896 217.535441 -1.301920
v 13.175648 222.565690 -3.718962
v 13.328516 214.029549 1.508391
v 15.393714 209.416599 1.620689
v 21.684255 204.003305 3.249606
v 10.636410 218.644983 2.496388
v 11.035218 216.900794 3.947428
v 12.132825 210.145948 4.351368
v 10.796731 209.519937 6.293881
v 8.187516 210.038090 8.854422
v 6.691426 212.316805 10.134509
v 3.938793 213.753385 11.425961
v 2.514229 215.981227 10.983488
v 2.834994 218.284585 9.158609
v 5.818130 218.731090 7.983407
v 8.258552 219.286106 4.482810
v 9.657699 216.913095 6.933375
v 1.409860 216.704425 12.586296
v 1.329617 218.445966 10.404970
v 13.336214 204.355068 8.727175
v 11.695118 227.392198 -6.787269
v 11.546283 223.621262 0.347648
v 10.032353 227.765996 -2.315497
v 10.441955 224.143814 2.114688
v 12.739652 220.396218 2.279367
v 9.327118 221.446821 4.353527
v 6.014092 220.113863 8.506692
v 7.823941 224.618872 5.242749
v 2.238187 220.869769 9.047370
v 3.790202 224.744368 7.120416
v 6.986856 228.032751 1.015329
v 3.790772 228.141179 2.690395
v 2.296842 232.341350 -5.460665
v 3.576277 230.817155 -1.594865
v 5.731330 230.619442 -3.624952
v 4.020094 232.190315 -6.872480
v 6.853581 230.414926 -5.743509
v 4.455968 232.119849 -7.592868
v 7.147177 226.293816 -20.721756
v 4.609487 229.178137 -18.543037
v 2.428610 231.484347 -15.058122
v 27.085614 198.098986 6.503122
v 20.469991 198.244644 10.099032
v 15.722748 201.673064 10.954568
v 16.948132 195.616936 17.771408
v 13.528184 195.617343 21.386829
v 21.119545 197.696146 9.688941
v 17.845745 195.339102 18.449842
v 14.221607 195.268880 22.421220
v 6.153355 197.618347 26.392028
v 5.681515 198.154422 25.526268
v 21.544177 189.096421 20.163522
v 26.657683 191.772682 13.269047
v 28.931674 196.176024 6.397626
v 30.917526 194.251230 5.077417
v 29.150283 190.100264 12.299990
v 23.910956 184.641961 21.788407
v 9.100770 182.036737 33.915774
v 17.254233 182.024721 28.494619
v 10.774410 178.589621 34.363582
v 19.206563 179.969706 29.522289
v 25.396455 183.568996 21.826939
v 31.038745 188.825594 11.486570
v 28.014632 181.881181 19.908091
v 23.403067 175.198634 25.326110
v 13.316174 170.428989 30.723723
v 14.679232 165.206850 23.430439
v 25.515107 172.987208 19.666387
v 30.519533 180.782718 14.994295
v 32.731774 187.448198 8.567872
v 14.742856 162.328273 14.003324
v 25.563375 171.483135 10.953754
v 31.581703 180.194139 7.476415
v 31.083876 181.097373 0.946410
v 25.557265 173.170910 2.078966
v 15.922213 163.660253 3.235757
v 16.847035 168.803412 -5.970550
v 26.645911 177.092269 -5.963584
v 31.453438 182.994144 -5.220305
v 27.267931 183.149537 -15.031117
v 16.336824 179.000567 -18.088752
v 30.602748 186.963975 -12.562060
v 16.094550 184.539316 -22.670664
v 15.683197 191.615660 -26.826069
v 26.700329 187.234802 -19.294177
v 29.562858 190.258304 -14.934989
v 28.985766 192.915014 -16.661011
v 25.092430 192.060903 -23.068942
v 14.078027 196.243151 -27.856265
v 22.428186 195.431768 -23.426162
v 28.145667 194.421612 -16.986827
v 29.809409 194.737571 -11.422498
v 30.574562 193.182746 -10.994038
v 30.517374 195.850982 -4.826711
v 31.572376 191.366502 -8.697726
v 31.041311 195.127988 -3.369114
v 32.658660 189.210960 -4.738934
v 31.711109 194.182230 -1.325911
v 33.356441 187.759106 0.385855
v 32.026498 193.677763 0.132501
v 33.514685 187.470112 4.383220
v 32.043035 193.373983 2.536265
v 19.213487 197.296645 10.654699
v 20.624447 212.677692 -18.713786
v 16.921004 212.293792 -11.869085
v 16.591930 173.865025 -13.310634
v 26.673487 180.086036 -10.749279
v 14.687297 214.729896 -12.181011
v 12.045292 173.228301 33.307318
v 21.674357 177.497920 28.409570
v 13.997703 167.399133 27.446623
v 24.459087 173.674114 22.865770
v 14.711003 163.471949 18.889341
v 25.539261 171.939538 15.482510
v 15.332534 162.501547 8.570275
v 25.560320 171.834327 6.467074
v 6.036943 201.602923 -28.733349
v 15.548048 200.818301 -25.597386
v 7.189702 197.057263 -30.156284
v 18.636680 195.911551 -26.050531
v 25.818276 194.981597 -20.501599
v 29.341316 194.608043 -14.305638
v 30.163412 195.294256 -8.124585
v 8.009720 191.786939 -29.155334
v 20.816213 191.828322 -25.342240
v 27.607270 192.491644 -20.152891
v 21.847020 185.752032 -21.293838
v 28.722718 188.671586 -17.344699
v 30.446215 191.713132 -13.049908
v 31.187783 194.563197 -7.947074
v 8.219816 184.128533 -24.703765
v 22.260492 180.838928 -16.778401
v 29.543348 184.904316 -13.956971
v 31.477877 189.125708 -10.685940
v 31.964666 193.266898 -6.030670
v 8.343438 177.466923 -19.616205
v 22.087258 176.653258 -12.153273
v 8.473536 171.736570 -14.296391
v 21.914024 172.844931 -5.830350
v 29.370643 180.089376 -5.447346
v 32.458502 186.024571 -4.964752
v 32.861179 191.683683 -2.966640
v 8.603635 166.081613 -6.360763
v 21.175552 167.913457 2.842692
v 28.915625 176.815209 1.673966
v 32.624689 184.329261 0.751874
v 33.378395 190.684973 0.394124
v 8.131590 161.242478 3.619372
v 20.876049 166.639601 7.806141
v 7.830580 160.162507 9.362147
v 20.576546 166.371869 12.870239
v 29.172930 175.492516 9.538192
v 32.956859 183.725692 6.081626
v 33.467639 190.382333 3.661977
v 31.480280 193.812586 3.806861
v 7.529570 160.088619 15.205532
v 20.547992 167.188711 17.676503
v 7.513237 161.235228 20.308162
v 20.519480 168.609201 22.130678
v 28.606021 176.560797 17.823953
v 32.022750 184.012569 12.006352
v 7.496903 162.985445 25.058704
v 19.632417 170.079100 25.814244
v 7.149010 165.540405 29.422210
v 18.745394 172.404169 28.743247
v 26.005970 178.143116 23.010451
v 29.656298 185.159503 15.762176
v 6.801199 168.950495 33.031195
v 17.214071 175.006990 31.636366
v 6.152011 172.291219 35.645991
v 15.305488 179.005821 32.743627
v 22.527042 181.440419 26.132239
v 28.330794 186.014021 16.733636
v 5.502823 178.247757 36.701360
v 13.454378 181.814665 31.990368
v 21.015108 183.144649 25.799254
v 26.863747 187.309057 17.335534
v 30.664987 192.172875 9.000732
v 4.647775 181.895478 35.755968
v 31.629075 191.522139 8.585509
v 33.067936 190.371132 5.798212
v 24.100930 190.520782 16.974933
v 18.001137 188.551345 22.008930
v 3.176940 198.121755 27.528209
v 2.940816 198.653513 26.554794
v 9.506298 197.045980 23.456548
v 10.088971 196.603752 24.406624
v 16.033696 195.069945 20.435531
v 15.238158 195.383093 19.579098
v 18.185654 196.275411 14.054809
v 19.200046 196.032036 13.992408
v 9.055476 202.745336 18.048387
v 6.778674 202.577357 21.431594
v 2.592190 202.889242 23.953684
v 2.945093 207.623532 26.783097
v 2.355862 211.484323 23.690065
v 5.838456 209.869174 20.773974
v 7.284648 206.559895 23.464247
v 9.408297 206.415215 14.694059
v 7.824471 207.507242 20.905050
v 6.561572 208.374673 22.907398
v 5.298633 209.045082 24.909747
v 2.650477 209.529305 26.049553
v 11.997758 214.620979 3.312333
v 6.530290 216.897536 9.301253
v 3.014174 222.807069 8.083893
v 6.919037 222.070755 6.628373
v 9.884536 222.499664 2.987780
v 12.143008 221.713127 1.067181
v 4.690381 216.359546 6.376567
v 6.852481 216.103749 5.942200
v 9.303860 216.231892 4.724352
v 10.716286 215.828278 3.001629
v 10.989231 213.138901 3.722383
v 10.572298 212.386824 4.133044
v 8.475410 213.410014 5.837682
v 6.807961 214.062134 6.364225
v 4.868258 215.132370 6.739734
v 4.254425 216.122241 6.611143
v 20.001490 196.915393 10.369493
v 27.794678 193.974333 9.833336
v 22.539384 195.920797 9.576113
v 14.392886 196.503877 14.051266
v 14.705749 196.199812 14.380218
v 16.778360 196.807698 12.746250
v 12.003949 196.156229 15.726332
v 12.298157 195.876603 16.085548
v 9.648616 195.817582 17.380788
v 9.908813 195.566306 17.786927
v 6.811789 197.110989 19.515760
v 7.040989 196.897919 19.948009
v 3.942540 198.442887 21.684051
v 4.115611 198.235805 22.168233
v 1.964060 198.572211 22.159720
v 2.059577 198.366229 22.634534
v 3.070059 192.401178 29.752629
v 3.159954 192.908537 29.820692
v 5.975193 191.732887 28.827522
v 6.119018 192.234706 28.863325
v 10.017567 190.207878 26.298385
v 10.184365 190.716499 26.339362
v 13.082860 188.969500 24.531265
v 14.562535 188.328255 24.051359
v 14.730433 188.571222 23.735237
v 14.447059 188.884818 23.811040
v 10.543133 189.460485 25.522806
v 10.537227 189.005263 25.545249
v 6.714480 189.789600 27.005046
v 6.706823 189.338655 27.023661
v 3.465526 190.191056 27.657900
v 3.450211 189.748868 27.675374
v 8.428446 205.814213 10.122901
v 8.302828 205.741466 10.623987
v 9.409437 204.116663 11.187759
v 9.634278 203.941026 10.779135
v 9.375304 202.153376 13.605086
v 9.457257 201.719539 13.424521
v 9.546786 201.930002 13.284321
v 10.638650 212.043412 6.036332
v 10.572298 212.386824 5.782816
v 8.294804 213.489238 8.723591
v 8.400911 213.110144 9.032095
v 11.168290 212.971329 5.190245
v 10.954283 212.968682 5.127396
v 10.939742 215.617733 4.028810
v 10.803737 216.122445 4.116303
v 10.716286 215.828278 3.872196
v 6.706375 214.109791 9.570003
v 6.711426 213.780228 9.943598
v 4.868258 215.132370 10.185058
v 4.718160 214.909688 10.643660
v 4.254425 216.122241 9.967915
v 3.856677 216.232503 10.358047
v 4.532218 216.329079 9.598231
v 5.303603 216.538849 9.686904
v 4.483910 216.573756 9.799447
v 18.488415 202.848103 -17.373497
v 18.267973 202.920606 -17.660617
v 18.122601 203.209763 -17.603674
v 18.307850 203.301573 -17.823505
v 18.671588 203.610648 -13.941330
v 18.559330 203.748771 -12.905350
v 18.475137 203.701644 -12.748369
v 18.747716 203.391021 -12.619289
v 18.814150 203.257705 -12.795210
v 17.790308 216.662878 -17.537199
v 17.327592 216.396490 -17.761999
v 14.933889 215.382628 -15.386830
v 14.861223 215.428166 -15.387482
v 14.917882 215.891657 -15.142519
v 14.954744 215.506046 -14.862527
v 15.215389 215.640258 -14.956903
v 18.545033 215.398065 -21.373754
v 18.038244 215.243528 -21.359253
v 18.390170 213.038415 -22.320205
v 18.863110 213.132873 -22.343300
v 9.333513 216.458932 7.100213
v 9.056657 216.259997 6.894801
v 6.865678 216.369648 9.149770
v 6.698473 216.108799 8.872303
v 17.850632 215.902329 -12.797166
v 17.594876 216.144359 -12.898100
v 15.950440 214.949768 -11.093587
v 16.258660 214.709571 -10.995748
v 19.407290 216.482313 -15.868120
v 19.124895 216.774891 -16.000052
v 21.070789 215.057464 -19.102614
v 20.945741 215.317823 -19.466026
v 21.549757 213.168554 -20.064380
v 21.465971 213.246108 -20.486446
v 22.088561 210.566874 -20.344006
v 22.013248 210.540072 -20.766072
v 22.234953 207.260324 -19.769032
v 22.142043 207.114341 -20.173217
v 20.775440 204.901529 -17.875805
v 20.571006 204.554370 -18.143903
v 14.561965 213.435349 -9.697372
v 14.525061 213.503290 -9.238118
v 14.515326 213.394373 -9.003379
v 14.653204 212.925546 -9.340437
v 8.066460 201.157477 15.130585
v 8.106825 200.747834 14.966801
v 6.650287 200.812395 16.884223
v 6.641774 200.379576 16.740927
v 4.965241 200.425073 18.908404
v 4.978805 199.995798 18.768611
v 3.192092 200.513462 20.589213
v 3.156451 200.103371 20.544367
v 1.603704 200.468249 21.250010
v 1.587900 200.019545 21.195551
v 7.237806 207.387816 10.992612
v 7.181026 207.686097 10.548755
v 5.861836 209.245240 12.464588
v 6.118570 208.829202 12.765395
v 4.238499 209.977480 17.077171
v 4.109623 209.997928 17.520092
v 4.388434 209.754879 17.704119
v 4.674292 209.523684 17.041734
v 19.261062 210.175031 -22.623089
v 18.769874 210.124645 -22.593802
v 19.598976 207.056460 -21.999521
v 19.063797 207.053568 -22.006283
v 18.751585 204.128271 -19.005265
v 18.444669 203.910558 -18.869790
v 18.204594 204.208799 -19.266276
v 14.217045 205.864884 -22.013981
v 14.340219 205.312720 -22.060049
v 13.470426 205.735234 -22.135607
v 11.787214 207.160042 -22.286356
v 12.302271 207.499503 -22.148275
v 10.733067 210.456001 -21.360761
v 11.290893 210.363254 -21.263126
v 11.830960 212.317824 -20.377855
v 12.284837 211.983698 -20.388730
v 13.187297 213.576486 -18.490615
v 13.334625 213.401704 -18.251436
v 13.618528 213.258287 -18.215755
v 16.886341 205.219362 -20.067639
v 17.056479 204.812245 -19.818033
v 17.052650 204.618808 -19.500730
v -7.813310 215.407597 7.509408
v -7.522727 217.940399 6.762218
v -8.680007 217.567130 6.227610
v -9.525687 216.607116 5.870349
v -9.833214 215.317660 5.786196
v -9.520188 214.044172 5.997718
v -8.670435 213.127985 6.448174
v -7.511648 212.814511 7.016916
v -6.354409 213.187779 7.551525
v -5.508689 214.147794 7.908786
v -5.201161 215.437290 7.992898
v -5.514228 216.710738 7.781417
v -6.363981 217.626925 7.330961
v -6.717902 219.734240 4.975506
v -8.722369 219.087700 4.049543
v -10.187135 217.424894 3.430782
v -10.719789 215.191431 3.285043
v -10.177563 212.985748 3.651387
v -8.705791 211.398826 4.431610
v -6.698758 210.855908 5.416675
v -4.694291 211.502449 6.342678
v -3.229484 213.165173 6.961439
v -2.696831 215.398676 7.107219
v -3.239056 217.604359 6.740875
v -4.710869 219.191281 5.960611
v -5.614429 220.308400 2.628116
v -7.928948 219.561821 1.558898
v -9.620348 217.641833 0.844417
v -10.235403 215.062840 0.676112
v -9.609310 212.515944 1.099115
v -7.909804 210.683489 2.000027
v -5.592271 210.056582 3.137511
v -3.277752 210.803160 4.206769
v -1.586352 212.723149 4.921250
v -0.971257 215.302141 5.089515
v -1.597390 217.849037 4.666512
v -3.296896 219.681492 3.765600
v -4.507983 219.509114 0.348911
v -6.512409 218.862574 -0.577051
v -7.977216 217.199808 -1.195813
v -8.509869 214.966305 -1.341552
v -7.967644 212.760622 -0.975248
v -6.495831 211.173700 -0.194984
v -4.488798 210.630782 0.790121
v -2.484372 211.277282 1.716083
v -1.019565 212.940047 2.334845
v -0.486911 215.173550 2.480584
v -1.029137 217.379233 2.114280
v -2.500950 218.966155 1.334017
v -3.695011 217.550471 -1.251330
v -4.852332 217.177202 -1.785898
v -5.698011 216.217188 -2.143159
v -6.005539 214.927732 -2.227312
v -5.692472 213.654243 -2.015790
v -4.842760 212.738057 -1.565334
v -3.683973 212.424542 -0.996551
v -2.526693 212.797851 -0.461983
v -1.680972 213.757866 -0.104681
v -1.373445 215.047362 -0.020570
v -1.686512 216.320851 -0.232091
v -2.536265 217.237037 -0.682548
v -3.393390 214.957344 -1.743781
v -8.709212 216.021592 6.721161
v -8.866071 215.364054 6.678229
v -8.706402 214.714662 6.786087
v -8.273053 214.247425 7.015816
v -7.682193 214.087592 7.305829
v -7.092067 214.277974 7.578449
v -6.660755 214.767533 7.760603
v -6.503977 215.425071 7.803534
v -6.663647 216.074422 7.695635
v -7.096955 216.541659 7.465947
v -7.687814 216.701492 7.175934
v -8.277982 216.511151 6.903355
v 7.813310 215.407597 7.509408
v 7.522727 217.940399 6.762218
v 8.680007 217.567130 6.227610
v 9.525687 216.607116 5.870349
v 9.833214 215.317660 5.786196
v 9.520188 214.044172 5.997718
v 8.670435 213.127985 6.448174
v 7.511648 212.814511 7.016916
v 6.354409 213.187779 7.551525
v 5.508689 214.147794 7.908786
v 5.201161 215.437290 7.992898
v 5.514228 216.710738 7.781417
v 6.363981 217.626925 7.330961
v 6.717902 219.734240 4.975506
v 8.722369 219.087700 4.049543
v 10.187135 217.424894 3.430782
v 10.719789 215.191431 3.285043
v 10.177563 212.985748 3.651387
v 8.705791 211.398826 4.431610
v 6.698758 210.855908 5.416675
v 4.694291 211.502449 6.342678
v 3.229484 213.165173 6.961439
v 2.696831 215.398676 7.107219
v 3.239056 217.604359 6.740875
v 4.710869 219.191281 5.960611
v 5.614429 220.308400 2.628116
v 7.928948 219.561821 1.558898
v 9.620348 217.641833 0.844417
v 10.235403 215.062840 0.676112
v 9.609310 212.515944 1.099115
v 7.909804 210.683489 2.000027
v 5.592271 210.056582 3.137511
v 3.277752 210.803160 4.206769
v 1.586352 212.723149 4.921250
v 0.971257 215.302141 5.089515
v 1.597390 217.849037 4.666512
v 3.296896 219.681492 3.765600
v 4.507983 219.509114 0.348911
v 6.512409 218.862574 -0.577051
v 7.977216 217.199808 -1.195813
v 8.509869 214.966305 -1.341552
v 7.967644 212.760622 -0.975248
v 6.495831 211.173700 -0.194984
v 4.488798 210.630782 0.790121
v 2.484372 211.277282 1.716083
v 1.019565 212.940047 2.334845
v 0.486911 215.173550 2.480584
v 1.029137 217.379233 2.114280
v 2.500950 218.966155 1.334017
v 3.695011 217.550471 -1.251330
v 4.852332 217.177202 -1.785898
v 5.698011 216.217188 -2.143159
v 6.005539 214.927732 -2.227312
v 5.692472 213.654243 -2.015790
v 4.842760 212.738057 -1.565334
v 3.683973 212.424542 -0.996551
v 2.526693 212.797851 -0.461983
v 1.680972 213.757866 -0.104681
v 1.373445 215.047362 -0.020570
v 1.686512 216.320851 -0.232091
v 2.536265 217.237037 -0.682548
v 3.393390 214.957344 -1.743781
v 8.709212 216.021592 6.721161
v 8.866071 215.364054 6.678229
v 8.706402 214.714662 6.786087
v 8.273053 214.247425 7.015816
v 7.682193 214.087592 7.305829
v 7.092067 214.277974 7.578449
v 6.660755 214.767533 7.760603
v 6.503977 215.425071 7.803534
v 6.663647 216.074422 7.695635
v 7.096955 216.541659 7.465947
v 7.687814 216.701492 7.175934
v 8.277982 216.511151 6.903355
v 32.212684 95.819011 -7.290880
v 32.207837 92.548306 6.981235
v 32.207837 99.935070 6.981235
v 32.212358 99.935070 -6.445852
v 10.684392 84.585387 22.768013
v 10.683985 76.461984 23.971443
v 10.684392 99.937391 22.768013
v 3.926940 113.190879 -6.720753
v 7.191820 113.190634 -6.183619
v 9.713991 113.190023 -4.666105
v 11.823180 113.190023 -1.651890
v 11.821551 113.190023 3.276367
v 9.710407 113.190023 5.839392
v 7.186932 113.190634 8.227148
v 3.921604 113.190879 9.070669
v 10.699830 95.685939 -22.963894
v 10.698893 99.937391 -20.256066
v 10.702029 84.886234 -29.582980
v 10.702029 75.860249 -29.582980
v 10.700441 67.135070 -24.769140
v 10.696245 63.825506 -12.433510
v 10.690869 65.028977 3.512450
v 10.685574 69.541969 19.157603
v 19.586715 66.930554 2.897721
v 19.591685 65.832295 -11.654060
v 19.581909 71.048975 14.838943
v 19.580443 77.363874 18.792195
v 19.580809 84.777032 17.803872
v 19.580809 99.936780 20.469705
v 19.594902 94.799039 -21.263696
v 19.594047 99.936780 -18.792603
v 19.596939 85.051607 -27.304060
v 19.596939 76.814765 -27.304060
v 19.595432 68.852457 -22.911024
v 26.467871 79.514569 -20.862974
v 26.467586 87.056481 -20.197249
v 26.466772 73.710002 -17.660454
v 26.463961 71.508270 -9.454039
v 26.460417 72.308941 1.154266
v 26.456915 75.311303 9.788205
v 26.455774 79.914884 12.670163
v 26.456100 85.319135 11.949653
v 26.456100 99.935070 11.949653
v 26.466161 95.603457 -15.960786
v 26.465713 99.935070 -14.658092
v 33.224673 91.408459 -9.356323
v 30.213594 86.090316 -9.356323
v 29.293497 81.997230 -7.854286
v 29.292316 80.444686 -4.004534
v 29.290768 81.009273 0.971949
v 30.208951 83.126364 5.854748
v 30.208462 87.456551 7.357070
v 9.589758 105.964722 20.416143
v 9.602793 105.964722 -18.198444
v 17.586281 105.964151 -16.884956
v 23.753689 105.962604 -13.174222
v 28.911308 105.962604 -5.803630
v 28.907275 105.962604 6.247324
v 23.745013 105.962604 12.514689
v 17.574387 105.964151 18.353348
v 16.605371 110.906623 8.358102
v 20.215374 110.906623 3.975289
v 12.290214 110.907682 12.441126
v 6.706497 110.908090 13.883612
v 6.715621 110.908090 -13.119804
v 12.298523 110.907682 -12.201296
v 16.611440 110.906623 -9.606296
v 20.218266 110.906623 -4.452017
f 29 24 40
f 29 40 48
f 118 121 120
f 118 120 58
f 119 114 116
f 119 116 118
f 115 116 114
f 115 114 113
f 105 97 98
f 94 95 89
f 94 89 90
f 83 90 89
f 83 89 84
f 87 88 86
f 87 86 79
f 82 76 75
f 82 75 81
f 76 69 70
f 76 70 75
f 67 71 70
f 67 70 66
f 20 66 65
f 20 65 21
f 61 46 44
f 61 44 60
f 51 55 54
f 51 54 49
f 48 49 47
f 48 47 29
f 43 40 39
f 43 39 42
f 33 34 28
f 28 9 7
f 28 7 27
f 3 4 1
f 3 1 2
f 25 3 2
f 25 2 24
f 30 25 24
f 30 24 29
f 11 9 28
f 11 28 34
f 42 39 38
f 42 38 41
f 29 47 45
f 29 45 30
f 49 54 53
f 49 53 47
f 60 44 45
f 60 45 52
f 46 62 33
f 46 33 32
f 66 70 69
f 66 69 65
f 75 70 71
f 75 71 74
f 80 74 77
f 80 77 79
f 79 86 85
f 79 85 80
f 68 15 14
f 88 93 92
f 88 92 86
f 93 98 97
f 93 97 92
f 100 94 96
f 100 96 103
f 115 109 108
f 50 43 114
f 50 114 119
f 120 63 59
f 120 59 58
f 113 42 41
f 113 41 110
f 63 64 61
f 63 61 60
f 63 60 52
f 63 52 53
f 63 53 54
f 63 54 55
f 63 55 57
f 63 57 59
f 48 40 43
f 48 43 50
f 119 118 58
f 119 58 56
f 116 115 108
f 116 108 117
f 114 43 42
f 114 42 113
f 97 105 103
f 97 103 96
f 91 96 94
f 91 94 90
f 85 91 90
f 85 90 83
f 79 77 78
f 79 78 87
f 83 84 82
f 83 82 81
f 72 77 74
f 72 74 71
f 68 72 71
f 68 71 67
f 18 67 66
f 18 66 20
f 61 64 62
f 61 62 46
f 56 57 55
f 56 55 51
f 50 51 49
f 50 49 48
f 30 45 44
f 30 44 31
f 39 2 1
f 39 1 38
f 32 27 26
f 32 26 31
f 27 7 5
f 27 5 26
f 5 6 4
f 5 4 3
f 26 5 3
f 26 3 25
f 31 26 25
f 31 25 30
f 40 24 2
f 40 2 39
f 46 32 31
f 46 31 44
f 47 53 52
f 47 52 45
f 58 59 57
f 58 57 56
f 27 32 33
f 27 33 28
f 67 18 15
f 67 15 68
f 14 73 72
f 14 72 68
f 73 78 77
f 73 77 72
f 80 85 83
f 80 83 81
f 81 75 74
f 81 74 80
f 86 92 91
f 86 91 85
f 92 97 96
f 92 96 91
f 94 100 99
f 94 99 95
f 113 110 109
f 113 109 115
f 50 119 56
f 50 56 51
f 118 116 117
f 118 117 121
f 173 175 174
f 23 112 37
f 23 37 36
f 23 36 35
f 21 99 102
f 21 102 22
f 101 104 111
f 101 111 182
f 101 182 183
f 101 183 178
f 101 178 179
f 108 109 106
f 108 106 107
f 101 102 99
f 101 99 100
f 38 1 164
f 38 164 185
f 36 170 171
f 36 171 35
f 6 168 163
f 6 163 4
f 18 20 19
f 18 19 17
f 17 12 15
f 17 15 18
f 9 10 8
f 9 8 7
f 9 11 10
f 16 12 17
f 21 22 19
f 21 19 20
f 166 175 172
f 166 172 162
f 165 169 176
f 165 176 184
f 103 104 101
f 103 101 100
f 110 111 106
f 110 106 109
f 112 102 101
f 112 101 179
f 112 179 180
f 99 21 65
f 99 65 69
f 99 69 89
f 99 89 95
f 178 180 179
f 166 168 167
f 112 23 22
f 112 22 102
f 182 111 110
f 182 110 41
f 182 41 181
f 98 107 106
f 98 106 105
f 183 184 176
f 183 176 178
f 35 171 173
f 35 173 23
f 164 1 4
f 164 4 163
f 6 8 16
f 6 16 167
f 6 167 168
f 14 15 12
f 14 12 13
f 7 8 6
f 7 6 5
f 11 13 12
f 11 12 10
f 167 16 17
f 167 17 19
f 167 19 174
f 167 174 175
f 167 175 166
f 23 173 174
f 23 174 19
f 23 19 22
f 162 172 169
f 162 169 165
f 37 177 170
f 37 170 36
f 41 38 185
f 41 185 181
f 105 106 104
f 105 104 103
f 111 104 106
f 177 37 112
f 177 112 180
f 12 16 8
f 12 8 10
f 89 69 76
f 89 76 82
f 89 82 84
f 181 183 182
f 143 150 151
f 143 151 142
f 149 144 145
f 149 145 146
f 149 146 147
f 149 147 148
f 141 152 153
f 141 153 154
f 142 151 152
f 142 152 141
f 144 149 150
f 144 150 143
f 13 11 139
f 13 139 138
f 87 78 135
f 87 135 134
f 107 98 131
f 107 131 130
f 120 121 127
f 120 127 126
f 33 62 123
f 33 123 122
f 63 120 126
f 63 126 125
f 108 107 130
f 108 130 129
f 88 87 134
f 88 134 133
f 14 13 138
f 14 138 137
f 11 34 140
f 11 140 139
f 78 73 136
f 78 136 135
f 98 93 132
f 98 132 131
f 121 117 128
f 121 128 127
f 62 64 124
f 62 124 123
f 64 63 125
f 64 125 124
f 117 108 129
f 117 129 128
f 93 88 133
f 93 133 132
f 73 14 137
f 73 137 136
f 34 33 122
f 34 122 140
f 136 137 154
f 136 154 157
f 136 157 156
f 138 139 142
f 138 142 141
f 135 136 156
f 135 156 155
f 137 138 141
f 137 141 154
f 139 140 143
f 139 143 142
f 140 122 144
f 140 144 143
f 122 123 145
f 122 145 144
f 125 126 148
f 125 148 147
f 123 124 146
f 123 146 145
f 124 125 147
f 124 147 146
f 131 132 159
f 131 159 158
f 131 158 153
f 127 128 150
f 127 150 149
f 128 129 151
f 128 151 150
f 130 131 153
f 130 153 152
f 126 127 149
f 126 149 148
f 129 130 152
f 129 152 151
f 134 135 155
f 134 155 161
f 133 134 161
f 133 161 160
f 156 159 160
f 156 160 161
f 156 161 155
f 157 158 159
f 157 159 156
f 132 133 160
f 132 160 159
f 154 153 158
f 154 158 157
f 168 166 191
f 168 191 190
f 187 188 193
f 187 193 194
f 189 190 191
f 189 191 192
f 194 195 186
f 194 186 187
f 188 189 192
f 188 192 193
f 197 198 205
f 197 205 196
f 199 200 203
f 199 203 204
f 198 199 204
f 198 204 205
f 200 201 202
f 200 202 203
f 164 163 189
f 164 189 188
f 185 164 188
f 185 188 187
f 163 168 190
f 163 190 189
f 181 185 187
f 181 187 186
f 162 165 193
f 162 193 192
f 165 184 194
f 165 194 193
f 166 162 192
f 166 192 191
f 184 183 195
f 184 195 194
f 180 178 202
f 180 202 201
f 183 181 186
f 183 186 195
f 175 173 197
f 175 197 196
f 173 171 198
f 173 198 197
f 177 180 201
f 177 201 200
f 171 170 199
f 171 199 198
f 170 177 200
f 170 200 199
f 169 172 205
f 169 205 204
f 176 169 204
f 176 204 203
f 172 175 196
f 172 196 205
f 178 176 203
f 178 203 202
f 210 208 238
f 210 238 253
f 218 216 250
f 218 250 249
f 226 224 246
f 226 246 245
f 234 232 242
f 234 242 241
f 237 236 206
f 237 206 207
f 229 228 230
f 229 230 231
f 221 220 222
f 221 222 223
f 213 212 214
f 213 214 215
f 207 206 208
f 207 208 209
f 215 214 216
f 215 216 217
f 223 222 224
f 223 224 225
f 231 230 232
f 231 232 233
f 208 206 239
f 208 239 238
f 232 230 243
f 232 243 242
f 224 222 247
f 224 247 246
f 216 214 251
f 216 251 250
f 248 249 268
f 248 268 267
f 212 210 253
f 212 253 252
f 220 218 249
f 220 249 248
f 228 226 245
f 228 245 244
f 236 234 241
f 236 241 240
f 235 234 236
f 235 236 237
f 227 226 228
f 227 228 229
f 219 218 220
f 219 220 221
f 211 210 212
f 211 212 213
f 209 208 210
f 209 210 211
f 217 216 218
f 217 218 219
f 225 224 226
f 225 226 227
f 233 232 234
f 233 234 235
f 206 236 240
f 206 240 239
f 230 228 244
f 230 244 243
f 222 220 248
f 222 248 247
f 214 212 252
f 214 252 251
f 267 268 286
f 267 286 287
f 269 249 250
f 286 269 272
f 286 272 271
f 263 264 283
f 263 283 282
f 259 260 279
f 259 279 278
f 255 256 275
f 255 275 274
f 246 247 266
f 246 266 265
f 242 243 262
f 242 262 261
f 238 239 258
f 238 258 257
f 284 285 270
f 284 270 271
f 284 271 272
f 284 272 273
f 284 273 274
f 284 274 275
f 284 275 276
f 284 276 277
f 284 277 278
f 284 278 279
f 284 279 280
f 284 280 281
f 284 281 282
f 284 282 283
f 253 238 257
f 253 257 256
f 241 242 261
f 241 261 260
f 245 246 265
f 245 265 264
f 268 269 286
f 256 257 276
f 256 276 275
f 260 261 280
f 260 280 279
f 264 265 284
f 264 284 283
f 287 286 271
f 287 271 270
f 248 266 247
f 266 267 287
f 262 263 282
f 262 282 281
f 258 259 278
f 258 278 277
f 254 255 274
f 254 274 273
f 250 251 254
f 250 254 269
f 243 244 263
f 243 263 262
f 239 240 259
f 239 259 258
f 251 252 255
f 251 255 254
f 252 253 256
f 252 256 255
f 240 241 260
f 240 260 259
f 244 245 264
f 244 264 263
f 269 254 273
f 269 273 272
f 257 258 277
f 257 277 276
f 261 262 281
f 261 281 280
f 265 266 285
f 265 285 284
f 266 287 270
f 266 270 285
f 266 248 267
f 249 269 268
f 235 237 207
f 235 207 209
f 235 209 211
f 235 211 213
f 235 213 215
f 235 215 217
f 235 217 219
f 235 219 221
f 235 221 223
f 235 223 225
f 235 225 227
f 235 227 229
f 235 229 231
f 235 231 233
f 395 399 315
f 395 315 313
f 391 396 291
f 391 291 289
f 388 387 299
f 388 299 297
f 384 392 307
f 384 307 305
f 348 349 368
f 348 368 383
f 344 345 380
f 344 380 379
f 340 341 376
f 340 376 375
f 336 337 372
f 336 372 371
f 332 333 352
f 332 352 367
f 328 329 364
f 328 364 363
f 324 325 360
f 324 360 359
f 320 321 356
f 320 356 355
f 317 319 336
f 317 336 351
f 309 311 348
f 309 348 347
f 301 303 344
f 301 344 343
f 293 295 340
f 293 340 339
f 292 290 320
f 292 320 335
f 300 298 332
f 300 332 331
f 308 306 328
f 308 328 327
f 316 314 324
f 316 324 323
f 398 316 318
f 398 318 397
f 393 308 310
f 393 310 394
f 385 300 302
f 385 302 386
f 390 292 294
f 390 294 389
f 396 290 292
f 396 292 390
f 387 298 300
f 387 300 385
f 392 306 308
f 392 308 393
f 399 314 316
f 399 316 398
f 290 288 321
f 290 321 320
f 314 312 325
f 314 325 324
f 306 304 329
f 306 329 328
f 298 296 333
f 298 333 332
f 319 289 337
f 319 337 336
f 295 297 341
f 295 341 340
f 303 305 345
f 303 345 344
f 311 313 349
f 311 349 348
f 333 334 353
f 333 353 352
f 321 322 357
f 321 357 356
f 325 326 361
f 325 361 360
f 329 330 365
f 329 365 364
f 349 350 369
f 349 369 368
f 337 338 373
f 337 373 372
f 341 342 377
f 341 377 376
f 345 346 381
f 345 381 380
f 394 395 313
f 394 313 311
f 386 384 305
f 386 305 303
f 389 388 297
f 389 297 295
f 397 391 289
f 397 289 319
f 399 398 317
f 399 317 315
f 396 390 293
f 396 293 291
f 387 385 301
f 387 301 299
f 392 393 309
f 392 309 307
f 347 348 383
f 347 383 382
f 343 344 379
f 343 379 378
f 339 340 375
f 339 375 374
f 351 336 371
f 351 371 370
f 331 332 367
f 331 367 366
f 327 328 363
f 327 363 362
f 323 324 359
f 323 359 358
f 335 320 355
f 335 355 354
f 315 317 351
f 315 351 350
f 307 309 347
f 307 347 346
f 299 301 343
f 299 343 342
f 291 293 339
f 291 339 338
f 294 292 335
f 294 335 334
f 302 300 331
f 302 331 330
f 310 308 327
f 310 327 326
f 318 316 323
f 318 323 322
f 397 318 288
f 397 288 391
f 394 310 312
f 394 312 395
f 386 302 304
f 386 304 384
f 389 294 296
f 389 296 388
f 391 288 290
f 391 290 396
f 388 296 298
f 388 298 387
f 384 304 306
f 384 306 392
f 395 312 314
f 395 314 399
f 288 318 322
f 288 322 321
f 312 310 326
f 312 326 325
f 304 302 330
f 304 330 329
f 296 294 334
f 296 334 333
f 289 291 338
f 289 338 337
f 297 299 342
f 297 342 341
f 305 307 346
f 305 346 345
f 313 315 350
f 313 350 349
f 334 335 354
f 334 354 353
f 322 323 358
f 322 358 357
f 326 327 362
f 326 362 361
f 330 331 366
f 330 366 365
f 350 351 370
f 350 370 369
f 338 339 374
f 338 374 373
f 342 343 378
f 342 378 377
f 346 347 382
f 346 382 381
f 393 394 311
f 393 311 309
f 385 386 303
f 385 303 301
f 390 389 295
f 390 295 293
f 398 397 319
f 398 319 317
f 366 367 352
f 366 352 353
f 366 353 354
f 366 354 355
f 366 355 356
f 366 356 357
f 366 357 358
f 366 358 359
f 366 359 360
f 366 360 361
f 366 361 362
f 366 362 363
f 366 363 364
f 366 364 365
f 382 383 368
f 382 368 369
f 382 369 370
f 382 370 371
f 382 371 372
f 382 372 373
f 382 373 374
f 382 374 375
f 382 375 376
f 382 376 377
f 382 377 378
f 382 378 379
f 382 379 380
f 382 380 381
f 442 460 441
f 460 461 481
f 456 457 476
f 456 476 475
f 452 453 472
f 452 472 471
f 448 449 468
f 448 468 467
f 444 445 448
f 444 448 463
f 440 441 460
f 440 460 459
f 436 437 456
f 436 456 455
f 432 433 452
f 432 452 451
f 404 402 432
f 404 432 447
f 412 410 444
f 412 444 443
f 420 418 440
f 420 440 439
f 428 426 436
f 428 436 435
f 478 479 464
f 478 464 465
f 478 465 466
f 478 466 467
f 478 467 468
f 478 468 469
f 478 469 470
f 478 470 471
f 478 471 472
f 478 472 473
f 478 473 474
f 478 474 475
f 478 475 476
f 478 476 477
f 425 424 426
f 425 426 427
f 417 416 418
f 417 418 419
f 409 408 410
f 409 410 411
f 401 400 402
f 401 402 403
f 407 406 408
f 407 408 409
f 415 414 416
f 415 416 417
f 423 422 424
f 423 424 425
f 431 430 400
f 431 400 401
f 430 428 435
f 430 435 434
f 422 420 439
f 422 439 438
f 414 412 443
f 414 443 442
f 406 404 447
f 406 447 446
f 447 432 451
f 447 451 450
f 435 436 455
f 435 455 454
f 439 440 459
f 439 459 458
f 443 463 462
f 463 448 467
f 463 467 466
f 451 452 471
f 451 471 470
f 455 456 475
f 455 475 474
f 459 460 479
f 459 479 478
f 460 481 464
f 460 464 479
f 463 443 444
f 480 463 466
f 480 466 465
f 457 458 477
f 457 477 476
f 453 454 473
f 453 473 472
f 449 450 469
f 449 469 468
f 461 462 480
f 461 480 481
f 460 442 461
f 437 438 457
f 437 457 456
f 433 434 453
f 433 453 452
f 445 446 449
f 445 449 448
f 410 408 445
f 410 445 444
f 418 416 441
f 418 441 440
f 426 424 437
f 426 437 436
f 402 400 433
f 402 433 432
f 427 426 428
f 427 428 429
f 419 418 420
f 419 420 421
f 411 410 412
f 411 412 413
f 403 402 404
f 403 404 405
f 405 404 406
f 405 406 407
f 413 412 414
f 413 414 415
f 421 420 422
f 421 422 423
f 429 428 430
f 429 430 431
f 400 430 434
f 400 434 433
f 424 422 438
f 424 438 437
f 416 414 442
f 416 442 441
f 408 406 446
f 408 446 445
f 446 447 450
f 446 450 449
f 434 435 454
f 434 454 453
f 438 439 458
f 438 458 457
f 442 443 462
f 442 462 461
f 462 463 480
f 450 451 470
f 450 470 469
f 454 455 474
f 454 474 473
f 458 459 478
f 458 478 477
f 481 480 465
f 481 465 464
f 425 427 496
f 425 496 495
f 417 419 492
f 417 492 491
f 409 411 488
f 409 488 487
f 401 403 484
f 401 484 483
f 403 405 485
f 403 485 484
f 411 413 489
f 411 489 488
f 419 421 493
f 419 493 492
f 427 429 497
f 427 497 496
f 423 425 495
f 423 495 494
f 415 417 491
f 415 491 490
f 407 409 487
f 407 487 486
f 431 401 483
f 431 483 482
f 405 407 486
f 405 486 485
f 413 415 490
f 413 490 489
f 421 423 494
f 421 494 493
f 429 431 482
f 429 482 497
f 492 493 512
f 492 512 511
f 488 489 508
f 488 508 507
f 484 485 504
f 484 504 503
f 496 497 500
f 496 500 499
f 495 496 499
f 495 499 498
f 483 484 503
f 483 503 502
f 487 488 507
f 487 507 506
f 491 492 511
f 491 511 510
f 493 494 513
f 493 513 512
f 489 490 509
f 489 509 508
f 485 486 505
f 485 505 504
f 497 482 501
f 497 501 500
f 512 513 498
f 512 498 499
f 512 499 500
f 512 500 501
f 512 501 502
f 512 502 503
f 512 503 504
f 512 504 505
f 512 505 506
f 512 506 507
f 512 507 508
f 512 508 509
f 512 509 510
f 512 510 511
f 482 483 502
f 482 502 501
f 486 487 506
f 486 506 505
f 490 491 510
f 490 510 509
f 494 495 498
f 494 498 513
f 704 703 770
f 704 770 771
f 702 701 714
f 702 714 769
f 750 768 745
f 750 745 747
f 743 742 692
f 743 692 761
f 766 765 764
f 766 764 767
f 756 763 762
f 756 762 754
f 691 690 759
f 691 759 760
f 724 727 757
f 724 757 758
f 751 735 739
f 751 739 753
f 747 745 736
f 747 736 738
f 744 719 718
f 744 718 722
f 740 741 742
f 740 742 737
f 734 736 739
f 734 739 735
f 731 730 732
f 731 732 726
f 723 726 727
f 723 727 724
f 716 719 720
f 716 720 715
f 716 709 712
f 716 712 717
f 699 707 700
f 677 676 711
f 677 711 706
f 700 707 708
f 695 696 703
f 695 703 704
f 698 681 682
f 698 682 699
f 694 683 679
f 694 679 695
f 687 686 688
f 687 688 689
f 666 659 679
f 666 679 683
f 659 658 660
f 659 660 678
f 659 678 679
f 648 649 674
f 648 674 675
f 652 654 670
f 652 670 671
f 657 635 665
f 657 665 667
f 644 645 663
f 644 663 662
f 637 638 658
f 637 658 659
f 654 630 631
f 654 631 655
f 652 653 654
f 650 643 589
f 650 589 651
f 647 646 548
f 647 548 549
f 644 546 545
f 644 545 645
f 636 642 592
f 636 592 587
f 639 585 640
f 633 636 637
f 632 631 623
f 632 623 621
f 617 622 629
f 617 629 625
f 612 611 624
f 612 624 622
f 612 616 602
f 612 602 603
f 615 618 619
f 615 619 614
f 614 613 607
f 614 607 608
f 606 604 598
f 606 598 597
f 605 606 597
f 605 597 596
f 593 594 595
f 593 595 596
f 593 596 597
f 593 597 598
f 593 598 599
f 593 599 600
f 590 578 577
f 590 577 591
f 582 583 585
f 582 585 586
f 581 576 571
f 581 571 582
f 574 573 577
f 574 577 578
f 563 562 574
f 563 574 575
f 553 568 561
f 553 561 554
f 558 557 564
f 558 564 565
f 553 554 555
f 553 555 556
f 553 556 557
f 553 557 558
f 553 558 559
f 553 559 560
f 543 542 550
f 543 550 549
f 538 537 545
f 538 545 546
f 528 541 542
f 528 542 529
f 533 536 537
f 533 537 538
f 527 535 528
f 527 528 522
f 521 529 530
f 521 530 523
f 518 524 525
f 518 525 519
f 514 515 516
f 514 516 517
f 514 517 518
f 514 518 519
f 514 519 520
f 517 523 524
f 517 524 518
f 522 528 529
f 522 529 521
f 527 532 534
f 527 534 535
f 527 514 520
f 527 520 526
f 527 526 532
f 528 535 540
f 528 540 541
f 531 544 537
f 531 537 536
f 544 543 549
f 544 549 548
f 552 540 539
f 552 539 547
f 557 556 563
f 557 563 564
f 567 568 553
f 567 553 560
f 568 572 573
f 568 573 561
f 576 567 566
f 576 566 571
f 580 572 576
f 580 576 581
f 584 569 575
f 584 575 579
f 588 584 579
f 588 579 589
f 590 589 579
f 590 579 578
f 603 599 598
f 603 598 604
f 593 601 608
f 593 608 594
f 605 607 613
f 605 613 609
f 616 617 618
f 616 618 615
f 612 622 617
f 612 617 616
f 611 610 623
f 611 623 624
f 620 619 627
f 620 627 628
f 632 621 620
f 632 620 628
f 625 636 633
f 638 586 585
f 638 585 639
f 636 625 629
f 636 629 642
f 644 641 547
f 644 547 546
f 648 550 551
f 648 551 649
f 649 551 643
f 649 643 650
f 652 591 653
f 653 591 592
f 653 592 642
f 628 627 635
f 628 635 657
f 641 644 662
f 641 662 661
f 666 664 634
f 666 634 633
f 654 655 669
f 654 669 670
f 649 650 673
f 649 673 674
f 645 646 677
f 645 677 663
f 681 662 663
f 681 663 682
f 685 684 686
f 685 686 687
f 684 683 694
f 684 694 686
f 697 680 681
f 697 681 698
f 696 697 702
f 696 702 703
f 663 677 706
f 663 706 682
f 712 711 676
f 712 676 675
f 682 706 707
f 682 707 699
f 715 710 709
f 715 709 716
f 717 718 719
f 717 719 716
f 720 723 724
f 720 724 725
f 728 729 730
f 728 730 731
f 736 734 737
f 736 737 738
f 740 729 670
f 740 670 669
f 723 720 719
f 723 719 744
f 736 745 746
f 736 746 739
f 733 735 751
f 733 751 752
f 751 690 689
f 751 689 752
f 757 688 705
f 757 705 758
f 754 762 759
f 754 759 753
f 761 760 765
f 761 765 766
f 667 693 741
f 667 741 668
f 745 768 755
f 745 755 746
f 573 574 562
f 573 562 561
f 703 702 769
f 703 769 770
f 705 704 771
f 705 771 758
f 769 714 713
f 769 713 721
f 725 721 715
f 725 715 720
f 748 743 761
f 748 761 766
f 693 692 742
f 693 742 741
f 763 764 765
f 763 765 762
f 692 691 760
f 692 760 761
f 727 733 752
f 727 752 757
f 753 739 746
f 753 746 754
f 747 738 743
f 747 743 748
f 722 728 731
f 722 731 744
f 741 740 669
f 741 669 668
f 734 732 730
f 734 730 737
f 726 732 733
f 726 733 727
f 728 722 672
f 728 672 671
f 721 713 710
f 721 710 715
f 717 712 675
f 717 675 674
f 713 714 700
f 706 711 708
f 706 708 707
f 700 708 709
f 700 709 710
f 694 695 704
f 694 704 705
f 698 699 700
f 698 700 701
f 695 679 678
f 695 678 696
f 687 689 690
f 687 690 691
f 664 666 683
f 664 683 684
f 660 661 680
f 660 680 678
f 647 648 675
f 647 675 676
f 651 652 671
f 651 671 672
f 656 657 667
f 656 667 668
f 635 634 664
f 635 664 665
f 638 639 660
f 638 660 658
f 655 631 632
f 655 632 656
f 654 653 630
f 651 589 590
f 551 552 643
f 645 545 548
f 645 548 646
f 640 585 588
f 640 588 643
f 639 640 641
f 637 636 587
f 626 625 633
f 626 633 634
f 622 624 630
f 622 630 629
f 618 617 625
f 618 625 626
f 610 611 604
f 610 604 606
f 614 619 620
f 614 620 613
f 615 614 608
f 615 608 601
f 609 610 606
f 609 606 605
f 595 607 605
f 595 605 596
f 601 593 600
f 601 600 602
f 591 577 580
f 591 580 592
f 581 582 586
f 581 586 587
f 582 571 570
f 582 570 583
f 575 574 578
f 575 578 579
f 564 563 575
f 564 575 569
f 564 569 570
f 564 570 565
f 559 558 565
f 559 565 566
f 561 562 555
f 561 555 554
f 542 541 551
f 542 551 550
f 538 546 547
f 538 547 539
f 529 542 543
f 529 543 530
f 534 533 538
f 534 538 539
f 526 525 536
f 526 536 533
f 523 530 531
f 523 531 524
f 519 525 526
f 519 526 520
f 521 516 515
f 521 515 522
f 521 523 517
f 521 517 516
f 514 527 522
f 514 522 515
f 532 526 533
f 532 533 534
f 536 525 524
f 536 524 531
f 535 534 539
f 535 539 540
f 530 543 544
f 530 544 531
f 537 544 548
f 537 548 545
f 551 541 540
f 551 540 552
f 556 555 562
f 556 562 563
f 560 559 566
f 560 566 567
f 565 570 571
f 565 571 566
f 572 568 567
f 572 567 576
f 573 572 580
f 573 580 577
f 583 570 569
f 583 569 584
f 583 584 588
f 583 588 585
f 592 580 581
f 592 581 587
f 602 600 599
f 602 599 603
f 594 608 607
f 594 607 595
f 603 604 611
f 603 611 612
f 602 616 615
f 602 615 601
f 613 620 621
f 613 621 609
f 621 623 610
f 621 610 609
f 619 618 626
f 619 626 627
f 630 624 623
f 630 623 631
f 627 626 634
f 627 634 635
f 637 587 586
f 637 586 638
f 641 640 547
f 640 643 552
f 640 552 547
f 647 549 550
f 647 550 648
f 643 588 589
f 651 590 591
f 651 591 652
f 630 653 642
f 630 642 629
f 656 632 628
f 656 628 657
f 639 641 661
f 639 661 660
f 659 666 633
f 659 633 637
f 655 656 668
f 655 668 669
f 650 651 672
f 650 672 673
f 646 647 676
f 646 676 677
f 680 661 662
f 680 662 681
f 665 664 684
f 665 684 685
f 685 687 691
f 685 691 692
f 685 692 693
f 696 678 680
f 696 680 697
f 697 698 701
f 697 701 702
f 686 694 705
f 686 705 688
f 709 708 711
f 709 711 712
f 700 710 713
f 700 714 701
f 674 673 718
f 674 718 717
f 673 672 722
f 673 722 718
f 671 670 729
f 671 729 728
f 733 732 734
f 733 734 735
f 737 730 729
f 737 729 740
f 738 737 742
f 738 742 743
f 744 731 726
f 744 726 723
f 749 750 747
f 749 747 748
f 754 746 755
f 754 755 756
f 757 752 689
f 757 689 688
f 759 690 751
f 759 751 753
f 762 765 760
f 762 760 759
f 665 685 693
f 665 693 667
f 749 748 766
f 749 766 767
f 749 767 764
f 749 764 763
f 749 763 756
f 749 756 755
f 749 755 768
f 749 768 750
f 769 721 725
f 769 725 770
f 758 771 770
f 758 770 725
f 758 725 724
f 879 883 799
f 879 799 797
f 875 880 775
f 875 775 773
f 872 871 783
f 872 783 781
f 868 876 791
f 868 791 789
f 832 833 852
f 832 852 867
f 828 829 864
f 828 864 863
f 824 825 860
f 824 860 859
f 820 821 856
f 820 856 855
f 816 817 836
f 816 836 851
f 812 813 848
f 812 848 847
f 808 809 844
f 808 844 843
f 804 805 840
f 804 840 839
f 801 803 820
f 801 820 835
f 793 795 832
f 793 832 831
f 785 787 828
f 785 828 827
f 777 779 824
f 777 824 823
f 776 774 804
f 776 804 819
f 784 782 816
f 784 816 815
f 792 790 812
f 792 812 811
f 800 798 808
f 800 808 807
f 882 800 802
f 882 802 881
f 877 792 794
f 877 794 878
f 869 784 786
f 869 786 870
f 874 776 778
f 874 778 873
f 880 774 776
f 880 776 874
f 871 782 784
f 871 784 869
f 876 790 792
f 876 792 877
f 883 798 800
f 883 800 882
f 774 772 805
f 774 805 804
f 798 796 809
f 798 809 808
f 790 788 813
f 790 813 812
f 782 780 817
f 782 817 816
f 803 773 821
f 803 821 820
f 779 781 825
f 779 825 824
f 787 789 829
f 787 829 828
f 795 797 833
f 795 833 832
f 817 818 837
f 817 837 836
f 805 806 841
f 805 841 840
f 809 810 845
f 809 845 844
f 813 814 849
f 813 849 848
f 833 834 853
f 833 853 852
f 821 822 857
f 821 857 856
f 825 826 861
f 825 861 860
f 829 830 865
f 829 865 864
f 878 879 797
f 878 797 795
f 870 868 789
f 870 789 787
f 873 872 781
f 873 781 779
f 881 875 773
f 881 773 803
f 883 882 801
f 883 801 799
f 880 874 777
f 880 777 775
f 871 869 785
f 871 785 783
f 876 877 793
f 876 793 791
f 831 832 867
f 831 867 866
f 827 828 863
f 827 863 862
f 823 824 859
f 823 859 858
f 835 820 855
f 835 855 854
f 815 816 851
f 815 851 850
f 811 812 847
f 811 847 846
f 807 808 843
f 807 843 842
f 819 804 839
f 819 839 838
f 799 801 835
f 799 835 834
f 791 793 831
f 791 831 830
f 783 785 827
f 783 827 826
f 775 777 823
f 775 823 822
f 778 776 819
f 778 819 818
f 786 784 815
f 786 815 814
f 794 792 811
f 794 811 810
f 802 800 807
f 802 807 806
f 881 802 772
f 881 772 875
f 878 794 796
f 878 796 879
f 870 786 788
f 870 788 868
f 873 778 780
f 873 780 872
f 875 772 774
f 875 774 880
f 872 780 782
f 872 782 871
f 868 788 790
f 868 790 876
f 879 796 798
f 879 798 883
f 772 802 806
f 772 806 805
f 796 794 810
f 796 810 809
f 788 786 814
f 788 814 813
f 780 778 818
f 780 818 817
f 773 775 822
f 773 822 821
f 781 783 826
f 781 826 825
f 789 791 830
f 789 830 829
f 797 799 834
f 797 834 833
f 818 819 838
f 818 838 837
f 806 807 842
f 806 842 841
f 810 811 846
f 810 846 845
f 814 815 850
f 814 850 849
f 834 835 854
f 834 854 853
f 822 823 858
f 822 858 857
f 826 827 862
f 826 862 861
f 830 831 866
f 830 866 865
f 877 878 795
f 877 795 793
f 869 870 787
f 869 787 785
f 874 873 779
f 874 779 777
f 882 881 803
f 882 803 801
f 850 851 836
f 850 836 837
f 850 837 838
f 850 838 839
f 850 839 840
f 850 840 841
f 850 841 842
f 850 842 843
f 850 843 844
f 850 844 845
f 850 845 846
f 850 846 847
f 850 847 848
f 850 848 849
f 866 867 852
f 866 852 853
f 866 853 854
f 866 854 855
f 866 855 856
f 866 856 857
f 866 857 858
f 866 858 859
f 866 859 860
f 866 860 861
f 866 861 862
f 866 862 863
f 866 863 864
f 866 864 865
f 931 923 907
f 931 907 912
f 941 1003 1004
f 941 1004 1001
f 1001 999 997
f 1001 997 1002
f 996 997 999
f 996 999 998
f 981 980 988
f 973 972 978
f 973 978 977
f 967 972 973
f 967 973 966
f 962 969 971
f 962 971 970
f 964 958 959
f 964 959 965
f 958 953 952
f 958 952 959
f 949 953 954
f 949 954 950
f 904 948 949
f 904 949 903
f 943 927 929
f 943 929 944
f 932 937 938
f 932 938 934
f 912 930 932
f 912 932 931
f 925 922 923
f 925 923 926
f 911 917 916
f 910 890 892
f 910 892 911
f 885 884 887
f 885 887 886
f 907 885 886
f 907 886 908
f 912 907 908
f 912 908 913
f 917 911 892
f 917 892 894
f 924 921 922
f 924 922 925
f 913 928 930
f 913 930 912
f 930 936 937
f 930 937 932
f 935 928 927
f 935 927 943
f 915 916 945
f 915 945 929
f 948 952 953
f 948 953 949
f 957 954 953
f 957 953 958
f 962 960 957
f 962 957 963
f 963 968 969
f 963 969 962
f 897 898 951
f 969 975 976
f 969 976 971
f 975 980 981
f 975 981 976
f 986 979 977
f 986 977 983
f 991 992 998
f 1002 997 926
f 1002 926 933
f 941 942 946
f 941 946 1003
f 993 924 925
f 993 925 996
f 942 940 938
f 942 938 937
f 942 937 936
f 942 936 935
f 942 935 943
f 942 943 944
f 942 944 947
f 942 947 946
f 933 926 923
f 933 923 931
f 939 941 1001
f 939 1001 1002
f 1000 991 998
f 1000 998 999
f 996 925 926
f 996 926 997
f 979 986 988
f 979 988 980
f 973 977 979
f 973 979 974
f 966 973 974
f 966 974 968
f 970 961 960
f 970 960 962
f 964 965 967
f 964 967 966
f 954 957 960
f 954 960 955
f 950 954 955
f 950 955 951
f 903 949 950
f 903 950 901
f 929 945 947
f 929 947 944
f 934 938 940
f 934 940 939
f 931 932 934
f 931 934 933
f 914 927 928
f 914 928 913
f 921 884 885
f 921 885 922
f 914 909 910
f 914 910 915
f 909 888 890
f 909 890 910
f 886 887 889
f 886 889 888
f 908 886 888
f 908 888 909
f 913 908 909
f 913 909 914
f 922 885 907
f 922 907 923
f 927 914 915
f 927 915 929
f 928 935 936
f 928 936 930
f 939 940 942
f 939 942 941
f 911 916 915
f 911 915 910
f 951 898 901
f 951 901 950
f 951 955 956
f 951 956 897
f 955 960 961
f 955 961 956
f 964 966 968
f 964 968 963
f 963 957 958
f 963 958 964
f 968 974 975
f 968 975 969
f 974 979 980
f 974 980 975
f 978 982 983
f 978 983 977
f 998 992 993
f 998 993 996
f 934 939 1002
f 934 1002 933
f 1004 1000 999
f 1004 999 1001
f 1057 1058 1056
f 918 919 920
f 918 920 995
f 918 995 906
f 905 985 982
f 905 982 904
f 1062 1061 1066
f 1062 1066 1065
f 1062 1065 994
f 1062 994 987
f 1062 987 984
f 990 989 992
f 990 992 991
f 983 982 985
f 983 985 984
f 1068 1047 884
f 1068 884 921
f 918 1054 1053
f 918 1053 919
f 887 1046 1051
f 887 1051 889
f 900 902 903
f 900 903 901
f 901 898 895
f 901 895 900
f 890 891 893
f 890 893 892
f 893 894 892
f 900 895 899
f 903 902 905
f 903 905 904
f 1045 1055 1058
f 1045 1058 1049
f 1067 1059 1052
f 1067 1052 1048
f 983 984 987
f 983 987 986
f 992 989 994
f 992 994 993
f 1063 1062 984
f 1063 984 985
f 1063 985 995
f 978 972 952
f 978 952 948
f 978 948 904
f 978 904 982
f 1062 1063 1061
f 1050 1051 1049
f 985 905 906
f 985 906 995
f 1064 924 993
f 1064 993 994
f 1064 994 1065
f 988 989 990
f 988 990 981
f 1061 1059 1067
f 1061 1067 1066
f 906 1056 1054
f 906 1054 918
f 1046 887 884
f 1046 884 1047
f 1051 1050 899
f 1051 899 891
f 1051 891 889
f 896 895 898
f 896 898 897
f 888 889 891
f 888 891 890
f 893 895 896
f 893 896 894
f 1049 1058 1057
f 1049 1057 902
f 1049 902 900
f 1049 900 899
f 1049 899 1050
f 905 902 1057
f 905 1057 1056
f 905 1056 906
f 1048 1052 1055
f 1048 1055 1045
f 919 1053 1060
f 919 1060 920
f 1064 1068 921
f 1064 921 924
f 986 987 989
f 986 989 988
f 989 987 994
f 1063 995 920
f 1063 920 1060
f 893 891 899
f 893 899 895
f 967 965 959
f 967 959 952
f 967 952 972
f 1065 1066 1064
f 1025 1034 1033
f 1025 1033 1026
f 1031 1030 1029
f 1031 1029 1028
f 1031 1028 1027
f 1031 1027 1032
f 1037 1036 1035
f 1037 1035 1024
f 1024 1035 1034
f 1024 1034 1025
f 1026 1033 1032
f 1026 1032 1027
f 1021 1022 894
f 1021 894 896
f 1017 1018 961
f 1017 961 970
f 1013 1014 981
f 1013 981 990
f 1009 1010 1004
f 1009 1004 1003
f 1005 1006 945
f 1005 945 916
f 1008 1009 1003
f 1008 1003 946
f 1012 1013 990
f 1012 990 991
f 1016 1017 970
f 1016 970 971
f 1020 1021 896
f 1020 896 897
f 1022 1023 917
f 1022 917 894
f 1018 1019 956
f 1018 956 961
f 1014 1015 976
f 1014 976 981
f 1010 1011 1000
f 1010 1000 1004
f 1006 1007 947
f 1006 947 945
f 1007 1008 946
f 1007 946 947
f 1011 1012 991
f 1011 991 1000
f 1015 1016 971
f 1015 971 976
f 1019 1020 897
f 1019 897 956
f 1023 1005 916
f 1023 916 917
f 1039 1040 1037
f 1039 1037 1020
f 1039 1020 1019
f 1024 1025 1022
f 1024 1022 1021
f 1038 1039 1019
f 1038 1019 1018
f 1037 1024 1021
f 1037 1021 1020
f 1025 1026 1023
f 1025 1023 1022
f 1026 1027 1005
f 1026 1005 1023
f 1027 1028 1006
f 1027 1006 1005
f 1030 1031 1009
f 1030 1009 1008
f 1028 1029 1007
f 1028 1007 1006
f 1029 1030 1008
f 1029 1008 1007
f 1036 1041 1042
f 1036 1042 1015
f 1036 1015 1014
f 1032 1033 1011
f 1032 1011 1010
f 1033 1034 1012
f 1033 1012 1011
f 1035 1036 1014
f 1035 1014 1013
f 1031 1032 1010
f 1031 1010 1009
f 1034 1035 1013
f 1034 1013 1012
f 1044 1038 1018
f 1044 1018 1017
f 1043 1044 1017
f 1043 1017 1016
f 1038 1044 1043
f 1038 1043 1042
f 1038 1042 1039
f 1039 1042 1041
f 1039 1041 1040
f 1042 1043 1016
f 1042 1016 1015
f 1040 1041 1036
f 1040 1036 1037
f 1073 1074 1049
f 1073 1049 1051
f 1077 1076 1071
f 1077 1071 1070
f 1075 1074 1073
f 1075 1073 1072
f 1070 1069 1078
f 1070 1078 1077
f 1076 1075 1072
f 1076 1072 1071
f 1079 1088 1081
f 1079 1081 1080
f 1087 1086 1083
f 1087 1083 1082
f 1088 1087 1082
f 1088 1082 1081
f 1086 1085 1084
f 1086 1084 1083
f 1071 1072 1046
f 1071 1046 1047
f 1070 1071 1047
f 1070 1047 1068
f 1072 1073 1051
f 1072 1051 1046
f 1069 1070 1068
f 1069 1068 1064
f 1075 1076 1048
f 1075 1048 1045
f 1076 1077 1067
f 1076 1067 1048
f 1074 1075 1045
f 1074 1045 1049
f 1077 1078 1066
f 1077 1066 1067
f 1084 1085 1061
f 1084 1061 1063
f 1078 1069 1064
f 1078 1064 1066
f 1079 1080 1056
f 1079 1056 1058
f 1080 1081 1054
f 1080 1054 1056
f 1083 1084 1063
f 1083 1063 1060
f 1081 1082 1053
f 1081 1053 1054
f 1082 1083 1060
f 1082 1060 1053
f 1087 1088 1055
f 1087 1055 1052
f 1086 1087 1052
f 1086 1052 1059
f 1088 1079 1058
f 1088 1058 1055
f 1085 1086 1059
f 1085 1059 1061
f 1136 1121 1091
f 1136 1091 1093
f 1132 1133 1099
f 1132 1099 1101
f 1128 1129 1107
f 1128 1107 1109
f 1124 1125 1115
f 1124 1115 1117
f 1090 1089 1119
f 1090 1119 1120
f 1114 1113 1111
f 1114 1111 1112
f 1106 1105 1103
f 1106 1103 1104
f 1098 1097 1095
f 1098 1095 1096
f 1092 1091 1089
f 1092 1089 1090
f 1100 1099 1097
f 1100 1097 1098
f 1108 1107 1105
f 1108 1105 1106
f 1116 1115 1113
f 1116 1113 1114
f 1121 1122 1089
f 1121 1089 1091
f 1125 1126 1113
f 1125 1113 1115
f 1129 1130 1105
f 1129 1105 1107
f 1133 1134 1097
f 1133 1097 1099
f 1150 1151 1132
f 1150 1132 1131
f 1135 1136 1093
f 1135 1093 1095
f 1131 1132 1101
f 1131 1101 1103
f 1127 1128 1109
f 1127 1109 1111
f 1123 1124 1117
f 1123 1117 1119
f 1120 1119 1117
f 1120 1117 1118
f 1112 1111 1109
f 1112 1109 1110
f 1104 1103 1101
f 1104 1101 1102
f 1096 1095 1093
f 1096 1093 1094
f 1094 1093 1091
f 1094 1091 1092
f 1102 1101 1099
f 1102 1099 1100
f 1110 1109 1107
f 1110 1107 1108
f 1118 1117 1115
f 1118 1115 1116
f 1122 1123 1119
f 1122 1119 1089
f 1126 1127 1111
f 1126 1111 1113
f 1130 1131 1103
f 1130 1103 1105
f 1134 1135 1095
f 1134 1095 1097
f 1170 1169 1151
f 1170 1151 1150
f 1133 1132 1152
f 1154 1155 1152
f 1154 1152 1169
f 1165 1166 1147
f 1165 1147 1146
f 1161 1162 1143
f 1161 1143 1142
f 1157 1158 1139
f 1157 1139 1138
f 1148 1149 1130
f 1148 1130 1129
f 1144 1145 1126
f 1144 1126 1125
f 1140 1141 1122
f 1140 1122 1121
f 1166 1165 1164
f 1166 1164 1163
f 1166 1163 1162
f 1166 1162 1161
f 1166 1161 1160
f 1166 1160 1159
f 1166 1159 1158
f 1166 1158 1157
f 1166 1157 1156
f 1166 1156 1155
f 1166 1155 1154
f 1166 1154 1153
f 1166 1153 1168
f 1166 1168 1167
f 1139 1140 1121
f 1139 1121 1136
f 1143 1144 1125
f 1143 1125 1124
f 1147 1148 1129
f 1147 1129 1128
f 1169 1152 1151
f 1158 1159 1140
f 1158 1140 1139
f 1162 1163 1144
f 1162 1144 1143
f 1166 1167 1148
f 1166 1148 1147
f 1153 1154 1169
f 1153 1169 1170
f 1130 1149 1131
f 1170 1150 1149
f 1164 1165 1146
f 1164 1146 1145
f 1160 1161 1142
f 1160 1142 1141
f 1156 1157 1138
f 1156 1138 1137
f 1152 1137 1134
f 1152 1134 1133
f 1145 1146 1127
f 1145 1127 1126
f 1141 1142 1123
f 1141 1123 1122
f 1137 1138 1135
f 1137 1135 1134
f 1138 1139 1136
f 1138 1136 1135
f 1142 1143 1124
f 1142 1124 1123
f 1146 1147 1128
f 1146 1128 1127
f 1155 1156 1137
f 1155 1137 1152
f 1159 1160 1141
f 1159 1141 1140
f 1163 1164 1145
f 1163 1145 1144
f 1167 1168 1149
f 1167 1149 1148
f 1168 1153 1170
f 1168 1170 1149
f 1150 1131 1149
f 1151 1152 1132
f 1116 1114 1112
f 1116 1112 1110
f 1116 1110 1108
f 1116 1108 1106
f 1116 1106 1104
f 1116 1104 1102
f 1116 1102 1100
f 1116 1100 1098
f 1116 1098 1096
f 1116 1096 1094
f 1116 1094 1092
f 1116 1092 1090
f 1116 1090 1120
f 1116 1120 1118
f 1196 1198 1282
f 1196 1282 1278
f 1172 1174 1279
f 1172 1279 1274
f 1180 1182 1270
f 1180 1270 1271
f 1188 1190 1275
f 1188 1275 1267
f 1266 1251 1232
f 1266 1232 1231
f 1262 1263 1228
f 1262 1228 1227
f 1258 1259 1224
f 1258 1224 1223
f 1254 1255 1220
f 1254 1220 1219
f 1250 1235 1216
f 1250 1216 1215
f 1246 1247 1212
f 1246 1212 1211
f 1242 1243 1208
f 1242 1208 1207
f 1238 1239 1204
f 1238 1204 1203
f 1234 1219 1202
f 1234 1202 1200
f 1230 1231 1194
f 1230 1194 1192
f 1226 1227 1186
f 1226 1186 1184
f 1222 1223 1178
f 1222 1178 1176
f 1218 1203 1173
f 1218 1173 1175
f 1214 1215 1181
f 1214 1181 1183
f 1210 1211 1189
f 1210 1189 1191
f 1206 1207 1197
f 1206 1197 1199
f 1280 1201 1199
f 1280 1199 1281
f 1277 1193 1191
f 1277 1191 1276
f 1269 1185 1183
f 1269 1183 1268
f 1272 1177 1175
f 1272 1175 1273
f 1273 1175 1173
f 1273 1173 1279
f 1268 1183 1181
f 1268 1181 1270
f 1276 1191 1189
f 1276 1189 1275
f 1281 1199 1197
f 1281 1197 1282
f 1203 1204 1171
f 1203 1171 1173
f 1207 1208 1195
f 1207 1195 1197
f 1211 1212 1187
f 1211 1187 1189
f 1215 1216 1179
f 1215 1179 1181
f 1219 1220 1172
f 1219 1172 1202
f 1223 1224 1180
f 1223 1180 1178
f 1227 1228 1188
f 1227 1188 1186
f 1231 1232 1196
f 1231 1196 1194
f 1235 1236 1217
f 1235 1217 1216
f 1239 1240 1205
f 1239 1205 1204
f 1243 1244 1209
f 1243 1209 1208
f 1247 1248 1213
f 1247 1213 1212
f 1251 1252 1233
f 1251 1233 1232
f 1255 1256 1221
f 1255 1221 1220
f 1259 1260 1225
f 1259 1225 1224
f 1263 1264 1229
f 1263 1229 1228
f 1194 1196 1278
f 1194 1278 1277
f 1186 1188 1267
f 1186 1267 1269
f 1178 1180 1271
f 1178 1271 1272
f 1202 1172 1274
f 1202 1274 1280
f 1198 1200 1281
f 1198 1281 1282
f 1174 1176 1273
f 1174 1273 1279
f 1182 1184 1268
f 1182 1268 1270
f 1190 1192 1276
f 1190 1276 1275
f 1265 1266 1231
f 1265 1231 1230
f 1261 1262 1227
f 1261 1227 1226
f 1257 1258 1223
f 1257 1223 1222
f 1253 1254 1219
f 1253 1219 1234
f 1249 1250 1215
f 1249 1215 1214
f 1245 1246 1211
f 1245 1211 1210
f 1241 1242 1207
f 1241 1207 1206
f 1237 1238 1203
f 1237 1203 1218
f 1233 1234 1200
f 1233 1200 1198
f 1229 1230 1192
f 1229 1192 1190
f 1225 1226 1184
f 1225 1184 1182
f 1221 1222 1176
f 1221 1176 1174
f 1217 1218 1175
f 1217 1175 1177
f 1213 1214 1183
f 1213 1183 1185
f 1209 1210 1191
f 1209 1191 1193
f 1205 1206 1199
f 1205 1199 1201
f 1274 1171 1201
f 1274 1201 1280
f 1278 1195 1193
f 1278 1193 1277
f 1267 1187 1185
f 1267 1185 1269
f 1271 1179 1177
f 1271 1177 1272
f 1279 1173 1171
f 1279 1171 1274
f 1270 1181 1179
f 1270 1179 1271
f 1275 1189 1187
f 1275 1187 1267
f 1282 1197 1195
f 1282 1195 1278
f 1204 1205 1201
f 1204 1201 1171
f 1208 1209 1193
f 1208 1193 1195
f 1212 1213 1185
f 1212 1185 1187
f 1216 1217 1177
f 1216 1177 1179
f 1220 1221 1174
f 1220 1174 1172
f 1224 1225 1182
f 1224 1182 1180
f 1228 1229 1190
f 1228 1190 1188
f 1232 1233 1198
f 1232 1198 1196
f 1236 1237 1218
f 1236 1218 1217
f 1240 1241 1206
f 1240 1206 1205
f 1244 1245 1210
f 1244 1210 1209
f 1248 1249 1214
f 1248 1214 1213
f 1252 1253 1234
f 1252 1234 1233
f 1256 1257 1222
f 1256 1222 1221
f 1260 1261 1226
f 1260 1226 1225
f 1264 1265 1230
f 1264 1230 1229
f 1192 1194 1277
f 1192 1277 1276
f 1184 1186 1269
f 1184 1269 1268
f 1176 1178 1272
f 1176 1272 1273
f 1200 1202 1280
f 1200 1280 1281
f 1248 1247 1246
f 1248 1246 1245
f 1248 1245 1244
f 1248 1244 1243
f 1248 1243 1242
f 1248 1242 1241
f 1248 1241 1240
f 1248 1240 1239
f 1248 1239 1238
f 1248 1238 1237
f 1248 1237 1236
f 1248 1236 1235
f 1248 1235 1250
f 1248 1250 1249
f 1264 1263 1262
f 1264 1262 1261
f 1264 1261 1260
f 1264 1260 1259
f 1264 1259 1258
f 1264 1258 1257
f 1264 1257 1256
f 1264 1256 1255
f 1264 1255 1254
f 1264 1254 1253
f 1264 1253 1252
f 1264 1252 1251
f 1264 1251 1266
f 1264 1266 1265
f 3607 3608 3553
f 3607 3553 3554
f 3554 3553 3552
f 3554 3552 3551
f 1337 1329 1330
f 1337 1330 1336
f 1329 1337 1327
f 1329 1327 1328
f 1328 1327 1345
f 1328 1345 1344
f 3602 3596 3551
f 3602 3551 3552
f 3600 3599 3598
f 3600 3598 3597
f 3600 3597 3601
f 3600 3601 3590
f 3600 3590 3589
f 3596 3597 3585
f 3596 3585 3586
f 3589 3590 3576
f 3589 3576 3574
f 3586 3585 3583
f 3586 3583 3582
f 3578 3579 3557
f 3578 3557 3555
f 3575 3574 3572
f 3575 3572 3571
f 3570 3571 1288
f 3570 1288 1289
f 3555 3557 1283
f 3555 1283 1284
f 1335 1331 1332
f 1335 1332 1333
f 1335 1333 1334
f 1320 1321 1335
f 1320 1335 1334
f 1316 1317 1331
f 1316 1331 1330
f 1306 1307 1321
f 1306 1321 1320
f 1313 1314 1317
f 1313 1317 1316
f 1295 1296 1310
f 1295 1310 1309
f 1302 1303 1306
f 1302 1306 1305
f 1289 1288 1302
f 1289 1302 1301
f 1285 1284 1295
f 1285 1295 1294
f 1290 1289 1301
f 1290 1301 1300
f 1286 1285 1294
f 1286 1294 1304
f 1294 1295 1309
f 1294 1309 1308
f 1301 1302 1305
f 1301 1305 1315
f 1305 1306 1320
f 1305 1320 1319
f 1309 1310 1324
f 1309 1324 1323
f 1319 1320 1334
f 1319 1334 1333
f 1323 1324 1327
f 1323 1327 1337
f 1296 1283 1339
f 1296 1339 1338
f 1310 1296 1338
f 1310 1338 1347
f 3569 3570 1289
f 3569 1289 1290
f 3573 3556 1285
f 3573 1285 1286
f 3577 3578 3555
f 3577 3555 3556
f 3584 3575 3571
f 3584 3571 3570
f 3588 3589 3574
f 3588 3574 3575
f 3592 3593 3579
f 3592 3579 3578
f 3599 3600 3589
f 3599 3589 3588
f 3552 3553 3593
f 3552 3593 3592
f 3603 1339 1283
f 3603 1283 3557
f 3610 3603 3557
f 3610 3557 3579
f 3608 3609 3593
f 3608 3593 3553
f 3601 3597 3596
f 3601 3596 3602
f 3601 3602 3591
f 3601 3591 3590
f 3597 3598 3587
f 3597 3587 3585
f 3590 3591 3577
f 3590 3577 3576
f 3585 3587 3584
f 3585 3584 3583
f 3582 3583 3569
f 3582 3569 3568
f 3574 3576 3573
f 3574 3573 3572
f 3571 3572 1287
f 3571 1287 1288
f 3556 3555 1284
f 3556 1284 1285
f 1327 1324 1346
f 1327 1346 1345
f 1336 1330 1331
f 1336 1331 1335
f 1321 1322 1336
f 1321 1336 1335
f 1317 1318 1332
f 1317 1332 1331
f 1307 1308 1322
f 1307 1322 1321
f 1314 1315 1318
f 1314 1318 1317
f 1299 1300 1314
f 1299 1314 1313
f 1303 1304 1307
f 1303 1307 1306
f 1288 1287 1303
f 1288 1303 1302
f 1284 1283 1296
f 1284 1296 1295
f 1291 1290 1300
f 1291 1300 1299
f 1287 1286 1304
f 1287 1304 1303
f 1304 1294 1308
f 1304 1308 1307
f 1300 1301 1315
f 1300 1315 1314
f 1315 1305 1319
f 1315 1319 1318
f 1308 1309 1323
f 1308 1323 1322
f 1318 1319 1333
f 1318 1333 1332
f 1322 1323 1337
f 1322 1337 1336
f 1324 1310 1347
f 1324 1347 1346
f 3568 3569 1290
f 3568 1290 1291
f 3572 3573 1286
f 3572 1286 1287
f 3576 3577 3556
f 3576 3556 3573
f 3583 3584 3570
f 3583 3570 3569
f 3587 3588 3575
f 3587 3575 3584
f 3591 3592 3578
f 3591 3578 3577
f 3598 3599 3588
f 3598 3588 3587
f 3602 3552 3592
f 3602 3592 3591
f 3609 3610 3579
f 3609 3579 3593
f 1366 3558 3615
f 1366 3615 1353
f 3562 3563 3611
f 3562 3611 3612
f 3618 3612 3608
f 3618 3608 3607
f 1353 3615 3604
f 1353 3604 1340
f 3612 3611 3609
f 3612 3609 3608
f 1340 3604 3567
f 1340 3567 1293
f 3595 3594 3580
f 3595 3580 3581
f 3567 3566 1292
f 3567 1292 1293
f 1350 1351 1364
f 1350 1364 1363
f 1356 1357 1360
f 1356 1360 1359
f 1342 1343 1356
f 1342 1356 1355
f 1347 1338 1351
f 1347 1351 1350
f 1311 1325 1343
f 1311 1343 1342
f 1325 1326 1329
f 1325 1329 1328
f 1298 1299 1313
f 1298 1313 1312
f 1366 1367 1358
f 1366 1358 1359
f 1366 1359 1360
f 1366 1360 1361
f 1366 1361 1362
f 1366 1362 1363
f 1366 1363 1364
f 1366 1364 1365
f 1297 1298 1312
f 1297 1312 1311
f 1326 1316 1330
f 1326 1330 1329
f 1325 1328 1344
f 1325 1344 1343
f 1338 1339 1352
f 1338 1352 1351
f 1343 1344 1357
f 1343 1357 1356
f 1357 1348 1361
f 1357 1361 1360
f 1351 1352 1365
f 1351 1365 1364
f 1365 3565 3564
f 1365 3564 3563
f 1365 3563 3562
f 1365 3562 3561
f 1365 3561 3560
f 1365 3560 3559
f 1365 3559 3558
f 1365 3558 1366
f 3581 3580 3566
f 3581 3566 3567
f 3551 3596 3586
f 3551 3586 3594
f 3606 3607 3554
f 3606 3554 3595
f 3614 1352 1339
f 3614 1339 3603
f 3617 3618 3607
f 3617 3607 3606
f 3561 3562 3612
f 3561 3612 3618
f 3565 1365 1352
f 3565 1352 3614
f 3558 3559 3616
f 3558 3616 3615
f 3563 3564 3613
f 3563 3613 3611
f 3559 3560 3617
f 3559 3617 3616
f 3615 3616 3605
f 3615 3605 3604
f 3611 3613 3610
f 3611 3610 3609
f 3604 3605 3581
f 3604 3581 3567
f 3594 3586 3582
f 3594 3582 3580
f 3566 3568 1291
f 3566 1291 1292
f 1354 1355 1358
f 1354 1358 1367
f 1349 1350 1363
f 1349 1363 1362
f 1355 1356 1359
f 1355 1359 1358
f 1341 1342 1355
f 1341 1355 1354
f 1346 1347 1350
f 1346 1350 1349
f 1297 1311 1342
f 1297 1342 1341
f 1312 1313 1316
f 1312 1316 1326
f 1292 1291 1299
f 1292 1299 1298
f 1293 1292 1298
f 1293 1298 1297
f 1311 1312 1326
f 1311 1326 1325
f 1293 1297 1341
f 1293 1341 1340
f 1345 1346 1349
f 1345 1349 1348
f 1340 1341 1354
f 1340 1354 1353
f 1344 1345 1348
f 1344 1348 1357
f 1348 1349 1362
f 1348 1362 1361
f 1353 1354 1367
f 1353 1367 1366
f 3580 3582 3568
f 3580 3568 3566
f 3554 3551 3594
f 3554 3594 3595
f 3605 3606 3595
f 3605 3595 3581
f 3613 3614 3603
f 3613 3603 3610
f 3616 3617 3606
f 3616 3606 3605
f 3560 3561 3618
f 3560 3618 3617
f 3564 3565 3614
f 3564 3614 3613
f 1447 1432 1449
f 1447 1449 1428
f 1446 1447 1428
f 1446 1428 1427
f 1442 1443 1424
f 1442 1424 1423
f 1438 1439 1420
f 1438 1420 1419
f 1434 1435 1416
f 1434 1416 1431
f 1430 1431 1411
f 1426 1427 1408
f 1426 1408 1407
f 1422 1423 1404
f 1422 1404 1403
f 1418 1419 1400
f 1418 1400 1415
f 1414 1415 1372
f 1414 1372 1374
f 1410 1411 1380
f 1410 1380 1382
f 1406 1407 1388
f 1406 1388 1390
f 1402 1403 1396
f 1402 1396 1398
f 1369 1368 1398
f 1369 1398 1399
f 1393 1392 1390
f 1393 1390 1391
f 1385 1384 1382
f 1385 1382 1383
f 1377 1376 1374
f 1377 1374 1375
f 1371 1370 1368
f 1371 1368 1369
f 1379 1378 1376
f 1379 1376 1377
f 1387 1386 1384
f 1387 1384 1385
f 1395 1394 1392
f 1395 1392 1393
f 1445 1444 1443
f 1445 1443 1442
f 1445 1442 1441
f 1445 1441 1440
f 1445 1440 1439
f 1445 1439 1438
f 1445 1438 1437
f 1445 1437 1436
f 1445 1436 1435
f 1445 1435 1434
f 1445 1434 1433
f 1445 1433 1432
f 1445 1432 1447
f 1445 1447 1446
f 1403 1404 1394
f 1403 1394 1396
f 1407 1408 1386
f 1407 1386 1388
f 1411 1412 1378
f 1411 1378 1380
f 1415 1400 1370
f 1415 1370 1372
f 1419 1420 1401
f 1419 1401 1400
f 1423 1424 1405
f 1423 1405 1404
f 1427 1428 1409
f 1427 1409 1408
f 1431 1416 1413
f 1431 1413 1412
f 1435 1436 1417
f 1435 1417 1416
f 1439 1440 1421
f 1439 1421 1420
f 1443 1444 1425
f 1443 1425 1424
f 1449 1429 1428
f 1409 1428 1410
f 1432 1433 1448
f 1432 1448 1449
f 1445 1446 1427
f 1445 1427 1426
f 1441 1442 1423
f 1441 1423 1422
f 1437 1438 1419
f 1437 1419 1418
f 1448 1431 1430
f 1429 1430 1411
f 1429 1411 1410
f 1425 1426 1407
f 1425 1407 1406
f 1421 1422 1403
f 1421 1403 1402
f 1417 1418 1415
f 1417 1415 1414
f 1413 1414 1374
f 1413 1374 1376
f 1409 1410 1382
f 1409 1382 1384
f 1405 1406 1390
f 1405 1390 1392
f 1401 1402 1398
f 1401 1398 1368
f 1399 1398 1396
f 1399 1396 1397
f 1391 1390 1388
f 1391 1388 1389
f 1383 1382 1380
f 1383 1380 1381
f 1375 1374 1372
f 1375 1372 1373
f 1373 1372 1370
f 1373 1370 1371
f 1381 1380 1378
f 1381 1378 1379
f 1389 1388 1386
f 1389 1386 1387
f 1397 1396 1394
f 1397 1394 1395
f 1400 1401 1368
f 1400 1368 1370
f 1404 1405 1392
f 1404 1392 1394
f 1408 1409 1384
f 1408 1384 1386
f 1412 1413 1376
f 1412 1376 1378
f 1416 1417 1414
f 1416 1414 1413
f 1420 1421 1402
f 1420 1402 1401
f 1424 1425 1406
f 1424 1406 1405
f 1429 1410 1428
f 1449 1448 1430
f 1449 1430 1429
f 1436 1437 1418
f 1436 1418 1417
f 1440 1441 1422
f 1440 1422 1421
f 1444 1445 1426
f 1444 1426 1425
f 1433 1434 1431
f 1433 1431 1448
f 1412 1411 1431
f 1464 1465 1397
f 1464 1397 1395
f 1460 1461 1389
f 1460 1389 1387
f 1456 1457 1381
f 1456 1381 1379
f 1452 1453 1373
f 1452 1373 1371
f 1451 1452 1371
f 1451 1371 1369
f 1455 1456 1379
f 1455 1379 1377
f 1459 1460 1387
f 1459 1387 1385
f 1463 1464 1395
f 1463 1395 1393
f 1465 1450 1399
f 1465 1399 1397
f 1461 1462 1391
f 1461 1391 1389
f 1457 1458 1383
f 1457 1383 1381
f 1453 1454 1375
f 1453 1375 1373
f 1450 1451 1369
f 1450 1369 1399
f 1454 1455 1377
f 1454 1377 1375
f 1458 1459 1385
f 1458 1385 1383
f 1462 1463 1393
f 1462 1393 1391
f 1480 1481 1462
f 1480 1462 1461
f 1476 1477 1458
f 1476 1458 1457
f 1472 1473 1454
f 1472 1454 1453
f 1468 1469 1450
f 1468 1450 1465
f 1479 1478 1477
f 1479 1477 1476
f 1479 1476 1475
f 1479 1475 1474
f 1479 1474 1473
f 1479 1473 1472
f 1479 1472 1471
f 1479 1471 1470
f 1479 1470 1469
f 1479 1469 1468
f 1479 1468 1467
f 1479 1467 1466
f 1479 1466 1481
f 1479 1481 1480
f 1469 1470 1451
f 1469 1451 1450
f 1473 1474 1455
f 1473 1455 1454
f 1477 1478 1459
f 1477 1459 1458
f 1481 1466 1463
f 1481 1463 1462
f 1479 1480 1461
f 1479 1461 1460
f 1475 1476 1457
f 1475 1457 1456
f 1471 1472 1453
f 1471 1453 1452
f 1467 1468 1465
f 1467 1465 1464
f 1466 1467 1464
f 1466 1464 1463
f 1470 1471 1452
f 1470 1452 1451
f 1474 1475 1456
f 1474 1456 1455
f 1478 1479 1460
f 1478 1460 1459
f 1726 1739 1672
f 1726 1672 1673
f 1689 1681 1682
f 1689 1682 1737
f 1688 1683 1689
f 1688 1689 1693
f 1734 1729 1711
f 1734 1711 1716
f 1709 1710 1660
f 1709 1660 1661
f 1730 1733 1732
f 1730 1732 1731
f 1729 1728 1659
f 1729 1659 1660
f 1725 1720 1701
f 1725 1701 1695
f 1722 1714 1707
f 1722 1707 1721
f 1716 1711 1706
f 1716 1706 1715
f 1712 1699 1696
f 1712 1696 1690
f 1636 1637 1708
f 1636 1708 1709
f 1705 1698 1700
f 1705 1700 1702
f 1695 1701 1700
f 1695 1700 1694
f 1639 1640 1690
f 1639 1690 1696
f 1683 1678 1681
f 1683 1681 1689
f 1642 1643 1680
f 1642 1680 1685
f 1668 1682 1681
f 1675 1676 1679
f 1675 1679 1674
f 1678 1677 1676
f 1678 1676 1668
f 1673 1672 1663
f 1673 1663 1662
f 1669 1668 1667
f 1669 1667 1666
f 1664 1646 1647
f 1664 1647 1663
f 1659 1658 1657
f 1659 1657 1655
f 1652 1651 1634
f 1652 1634 1632
f 1646 1648 1629
f 1646 1629 1628
f 1644 1643 1616
f 1644 1616 1615
f 1640 1639 1620
f 1640 1620 1619
f 1636 1635 1625
f 1636 1625 1624
f 1633 1632 1602
f 1633 1602 1603
f 1626 1628 1607
f 1626 1607 1606
f 1624 1600 1599
f 1624 1599 1623
f 1598 1621 1622
f 1558 1557 1619
f 1611 1520 1519
f 1614 1516 1513
f 1614 1513 1613
f 1611 1556 1553
f 1611 1553 1608
f 1609 1608 1607
f 1555 1604 1605
f 1602 1601 1593
f 1602 1593 1594
f 1597 1598 1592
f 1597 1592 1590
f 1594 1593 1585
f 1594 1585 1586
f 1574 1572 1579
f 1574 1579 1578
f 1581 1588 1587
f 1581 1587 1582
f 1569 1576 1582
f 1569 1582 1583
f 1573 1574 1578
f 1573 1578 1577
f 1564 1573 1575
f 1564 1575 1563
f 1570 1568 1561
f 1570 1561 1569
f 1560 1548 1545
f 1560 1545 1559
f 1555 1554 1550
f 1555 1550 1549
f 1551 1538 1539
f 1551 1539 1550
f 1547 1546 1542
f 1547 1542 1543
f 1537 1543 1531
f 1537 1531 1532
f 1533 1538 1537
f 1533 1537 1532
f 1534 1533 1526
f 1534 1526 1527
f 1522 1523 1530
f 1522 1530 1529
f 1518 1519 1509
f 1518 1509 1510
f 1507 1515 1514
f 1507 1514 1506
f 1498 1511 1510
f 1498 1510 1497
f 1507 1506 1501
f 1507 1501 1502
f 1501 1504 1493
f 1501 1493 1494
f 1492 1499 1498
f 1492 1498 1491
f 1488 1494 1493
f 1488 1493 1487
f 1490 1483 1484
f 1490 1484 1489
f 1484 1485 1491
f 1484 1491 1489
f 1483 1490 1495
f 1483 1495 1482
f 1502 1501 1494
f 1502 1494 1500
f 1499 1492 1493
f 1499 1493 1504
f 1508 1507 1502
f 1508 1502 1503
f 1499 1512 1511
f 1499 1511 1498
f 1513 1516 1512
f 1513 1512 1505
f 1520 1508 1509
f 1520 1509 1519
f 1531 1530 1523
f 1531 1523 1524
f 1535 1534 1527
f 1535 1527 1528
f 1534 1539 1538
f 1534 1538 1533
f 1544 1535 1536
f 1544 1536 1540
f 1545 1548 1540
f 1545 1540 1541
f 1552 1537 1538
f 1552 1538 1551
f 1553 1556 1552
f 1553 1552 1551
f 1555 1549 1548
f 1555 1548 1560
f 1571 1567 1568
f 1571 1568 1570
f 1563 1575 1576
f 1563 1576 1562
f 1580 1579 1572
f 1580 1572 1571
f 1569 1583 1584
f 1569 1584 1570
f 1577 1589 1588
f 1577 1588 1581
f 1577 1578 1591
f 1577 1591 1589
f 1595 1594 1586
f 1595 1586 1587
f 1599 1591 1592
f 1599 1592 1598
f 1603 1602 1594
f 1603 1594 1595
f 1606 1554 1555
f 1606 1555 1605
f 1515 1608 1609
f 1515 1520 1611
f 1515 1611 1608
f 1616 1518 1517
f 1616 1517 1615
f 1557 1556 1611
f 1620 1559 1558
f 1620 1558 1619
f 1597 1610 1621
f 1597 1621 1598
f 1625 1596 1600
f 1625 1600 1624
f 1628 1629 1609
f 1628 1609 1607
f 1605 1601 1634
f 1605 1634 1627
f 1637 1636 1624
f 1637 1624 1623
f 1641 1640 1619
f 1641 1619 1618
f 1645 1644 1615
f 1645 1615 1614
f 1649 1630 1629
f 1649 1629 1648
f 1653 1652 1632
f 1653 1632 1633
f 1661 1660 1659
f 1661 1659 1655
f 1661 1655 1653
f 1665 1648 1646
f 1665 1646 1664
f 1670 1669 1666
f 1670 1666 1665
f 1656 1673 1662
f 1656 1662 1654
f 1680 1679 1676
f 1680 1676 1677
f 1681 1678 1668
f 1669 1682 1668
f 1685 1686 1641
f 1685 1641 1642
f 1686 1690 1640
f 1686 1640 1641
f 1696 1697 1638
f 1696 1638 1639
f 1703 1702 1700
f 1703 1700 1701
f 1708 1697 1698
f 1708 1698 1705
f 1711 1710 1705
f 1711 1705 1706
f 1691 1694 1699
f 1691 1699 1712
f 1716 1715 1718
f 1716 1718 1717
f 1724 1723 1714
f 1724 1714 1722
f 1656 1657 1720
f 1656 1720 1725
f 1721 1719 1658
f 1721 1658 1727
f 1727 1728 1733
f 1727 1733 1730
f 1635 1661 1653
f 1635 1653 1633
f 1735 1734 1716
f 1735 1716 1717
f 1718 1736 1723
f 1718 1723 1724
f 1718 1724 1731
f 1718 1731 1732
f 1718 1732 1735
f 1718 1735 1717
f 1738 1693 1689
f 1738 1689 1737
f 1692 1693 1738
f 1692 1738 1739
f 1692 1739 1726
f 1739 1738 1671
f 1739 1671 1672
f 1737 1682 1669
f 1737 1669 1670
f 1715 1713 1736
f 1715 1736 1718
f 1729 1660 1710
f 1729 1710 1711
f 1735 1732 1733
f 1735 1733 1734
f 1722 1730 1731
f 1722 1731 1724
f 1728 1727 1658
f 1728 1658 1659
f 1726 1725 1695
f 1726 1695 1692
f 1721 1707 1703
f 1721 1703 1719
f 1706 1704 1713
f 1706 1713 1715
f 1690 1686 1687
f 1690 1687 1712
f 1705 1710 1709
f 1705 1709 1708
f 1703 1707 1704
f 1703 1704 1702
f 1694 1700 1698
f 1694 1698 1699
f 1692 1695 1694
f 1692 1694 1691
f 1683 1688 1687
f 1683 1687 1684
f 1685 1680 1677
f 1685 1677 1684
f 1668 1675 1667
f 1674 1679 1644
f 1674 1644 1645
f 1676 1675 1668
f 1672 1671 1664
f 1672 1664 1663
f 1667 1650 1649
f 1667 1649 1666
f 1663 1647 1651
f 1663 1651 1662
f 1657 1656 1654
f 1657 1654 1655
f 1651 1647 1627
f 1651 1627 1634
f 1647 1646 1628
f 1647 1628 1626
f 1647 1626 1627
f 1643 1642 1617
f 1643 1617 1616
f 1639 1638 1622
f 1639 1622 1620
f 1635 1633 1603
f 1635 1603 1625
f 1630 1631 1613
f 1630 1613 1612
f 1627 1626 1606
f 1627 1606 1605
f 1623 1599 1598
f 1623 1598 1622
f 1622 1621 1620
f 1619 1557 1611
f 1619 1611 1618
f 1517 1516 1614
f 1517 1614 1615
f 1613 1513 1514
f 1613 1514 1612
f 1555 1560 1610
f 1555 1610 1604
f 1608 1553 1607
f 1605 1604 1601
f 1589 1591 1599
f 1589 1599 1600
f 1593 1597 1590
f 1593 1590 1585
f 1590 1592 1579
f 1590 1579 1580
f 1571 1570 1584
f 1571 1584 1580
f 1582 1587 1586
f 1582 1586 1583
f 1576 1575 1581
f 1576 1581 1582
f 1565 1566 1572
f 1565 1572 1574
f 1564 1565 1574
f 1564 1574 1573
f 1568 1567 1566
f 1568 1566 1565
f 1568 1565 1564
f 1568 1564 1563
f 1568 1563 1562
f 1568 1562 1561
f 1559 1545 1546
f 1559 1546 1558
f 1554 1553 1551
f 1554 1551 1550
f 1550 1539 1544
f 1550 1544 1549
f 1546 1545 1541
f 1546 1541 1542
f 1543 1542 1530
f 1543 1530 1531
f 1522 1529 1536
f 1522 1536 1521
f 1533 1532 1525
f 1533 1525 1526
f 1528 1527 1526
f 1528 1526 1525
f 1528 1525 1524
f 1528 1524 1523
f 1528 1523 1522
f 1528 1522 1521
f 1517 1518 1510
f 1517 1510 1511
f 1514 1513 1505
f 1514 1505 1506
f 1497 1510 1509
f 1497 1509 1496
f 1506 1505 1504
f 1506 1504 1501
f 1490 1496 1503
f 1490 1503 1495
f 1491 1498 1497
f 1491 1497 1489
f 1487 1493 1492
f 1487 1492 1486
f 1488 1487 1486
f 1488 1486 1485
f 1488 1485 1484
f 1488 1484 1483
f 1488 1483 1482
f 1486 1492 1491
f 1486 1491 1485
f 1489 1497 1496
f 1489 1496 1490
f 1503 1502 1500
f 1503 1500 1495
f 1500 1494 1488
f 1500 1488 1482
f 1500 1482 1495
f 1509 1508 1503
f 1509 1503 1496
f 1504 1505 1512
f 1504 1512 1499
f 1516 1517 1511
f 1516 1511 1512
f 1515 1507 1508
f 1515 1508 1520
f 1532 1531 1524
f 1532 1524 1525
f 1528 1521 1536
f 1528 1536 1535
f 1529 1541 1540
f 1529 1540 1536
f 1539 1534 1535
f 1539 1535 1544
f 1549 1544 1540
f 1549 1540 1548
f 1547 1543 1537
f 1547 1537 1552
f 1557 1547 1552
f 1557 1552 1556
f 1546 1547 1557
f 1546 1557 1558
f 1572 1566 1567
f 1572 1567 1571
f 1562 1576 1569
f 1562 1569 1561
f 1577 1581 1575
f 1577 1575 1573
f 1583 1586 1585
f 1583 1585 1584
f 1584 1585 1590
f 1584 1590 1580
f 1592 1591 1578
f 1592 1578 1579
f 1596 1595 1587
f 1596 1587 1588
f 1596 1588 1589
f 1596 1589 1600
f 1601 1604 1593
f 1607 1553 1554
f 1607 1554 1606
f 1610 1597 1593
f 1610 1593 1604
f 1514 1515 1609
f 1514 1609 1612
f 1617 1519 1518
f 1617 1518 1616
f 1618 1611 1519
f 1618 1519 1617
f 1621 1559 1620
f 1610 1560 1559
f 1610 1559 1621
f 1625 1603 1595
f 1625 1595 1596
f 1629 1630 1612
f 1629 1612 1609
f 1601 1602 1632
f 1601 1632 1634
f 1638 1637 1623
f 1638 1623 1622
f 1642 1641 1618
f 1642 1618 1617
f 1631 1645 1614
f 1631 1614 1613
f 1650 1631 1630
f 1650 1630 1649
f 1655 1654 1652
f 1655 1652 1653
f 1654 1662 1651
f 1654 1651 1652
f 1666 1649 1648
f 1666 1648 1665
f 1671 1670 1665
f 1671 1665 1664
f 1650 1674 1645
f 1650 1645 1631
f 1643 1644 1679
f 1643 1679 1680
f 1667 1675 1674
f 1667 1674 1650
f 1684 1677 1678
f 1684 1678 1683
f 1684 1687 1686
f 1684 1686 1685
f 1693 1692 1691
f 1693 1691 1688
f 1699 1698 1697
f 1699 1697 1696
f 1706 1705 1702
f 1706 1702 1704
f 1637 1638 1697
f 1637 1697 1708
f 1712 1687 1688
f 1712 1688 1691
f 1707 1714 1713
f 1707 1713 1704
f 1720 1719 1703
f 1720 1703 1701
f 1720 1657 1658
f 1720 1658 1719
f 1726 1673 1656
f 1726 1656 1725
f 1721 1727 1730
f 1721 1730 1722
f 1734 1733 1728
f 1734 1728 1729
f 1636 1709 1661
f 1636 1661 1635
f 1714 1723 1736
f 1714 1736 1713
f 1529 1530 1542
f 1529 1542 1541
f 1738 1737 1670
f 1738 1670 1671
f 2007 2008 1893
f 2007 1893 2005
f 1746 1744 1747
f 1742 1743 1745
f 1742 1745 1886
f 1755 1768 1753
f 1755 1753 1754
f 1746 1747 1748
f 1746 1748 1749
f 1741 1740 1743
f 1741 1743 1742
f 1750 1880 1752
f 1750 1752 1754
f 1750 1754 1753
f 2005 1893 2006
f 2005 2006 1892
f 1756 1757 1773
f 1756 1773 1771
f 1880 1750 1749
f 1880 1749 1748
f 1880 1748 1751
f 1886 1745 1887
f 1886 1887 1744
f 1756 1758 1757
f 1771 1773 1768
f 1771 1768 1755
f 1747 1744 1887
f 2003 1892 2006
f 1740 1741 2008
f 1740 2008 2007
f 1980 1896 1933
f 1990 2003 2002
f 1990 2002 1989
f 1989 1975 1974
f 1989 1974 1990
f 1891 1971 1969
f 1891 1969 1991
f 1967 1987 1986
f 1967 1986 1964
f 1960 1967 1964
f 1960 1964 1959
f 1961 1958 1954
f 1961 1954 1953
f 1972 1970 1948
f 1972 1948 1947
f 1947 1943 1942
f 1947 1942 1946
f 1939 1951 1949
f 1939 1949 1938
f 1963 1985 1980
f 1935 1933 1825
f 1935 1825 1823
f 1958 1929 1928
f 1958 1928 1954
f 1924 1937 1925
f 1924 1925 1923
f 1922 1920 1919
f 1922 1919 1924
f 1842 1846 1918
f 1842 1918 1920
f 1992 1968 1849
f 1992 1849 1760
f 1990 1971 1891
f 1762 1888 1781
f 1847 1807 1783
f 1847 1783 1784
f 1847 1845 1811
f 1847 1811 1807
f 1844 1836 1815
f 1844 1815 1816
f 1836 1838 1839
f 1836 1839 1837
f 1832 1798 1803
f 1832 1803 1833
f 1821 1827 1828
f 1821 1828 1824
f 1822 1820 1823
f 1822 1823 1825
f 1789 1819 1772
f 1789 1772 1767
f 1813 1809 1810
f 1813 1810 1816
f 1808 1809 1813
f 1808 1813 1812
f 1780 1781 1806
f 1780 1806 1805
f 1801 1799 1800
f 1801 1800 1802
f 1793 1795 1797
f 1793 1797 1796
f 1787 1790 1791
f 1787 1791 1786
f 1785 1765 1769
f 1785 1769 1786
f 1778 1762 1781
f 1778 1781 1780
f 1748 1763 1764
f 1748 1764 1751
f 1743 1740 1760
f 1743 1760 1759
f 1747 1762 1763
f 1747 1763 1748
f 1819 1883 1772
f 1776 1777 1778
f 1776 1778 1779
f 1783 1761 1759
f 1783 1759 1784
f 1766 1788 1789
f 1766 1789 1767
f 1792 1794 1795
f 1792 1795 1793
f 1799 1791 1790
f 1799 1790 1800
f 1806 1781 1783
f 1806 1783 1807
f 1810 1806 1807
f 1810 1807 1811
f 1814 1813 1816
f 1814 1816 1815
f 1796 1817 1819
f 1796 1819 1789
f 1820 1821 1824
f 1820 1824 1823
f 1818 1826 1827
f 1818 1827 1821
f 1831 1794 1798
f 1831 1798 1832
f 1815 1836 1837
f 1815 1837 1835
f 1843 1838 1836
f 1843 1836 1844
f 1846 1842 1843
f 1846 1843 1845
f 1784 1759 1760
f 1784 1760 1849
f 1764 1879 1880
f 1764 1880 1751
f 1762 1747 1887
f 1762 1887 1888
f 2003 1990 1891
f 2003 1891 1892
f 1898 1988 1999
f 1898 1999 1897
f 1905 1979 1984
f 1905 1984 1912
f 1916 1997 2000
f 1968 1917 1848
f 1968 1848 1849
f 1920 1918 1941
f 1920 1941 1919
f 1840 1842 1920
f 1840 1920 1922
f 1938 1926 1925
f 1938 1925 1937
f 1957 1930 1929
f 1957 1929 1958
f 1934 1935 1823
f 1934 1823 1824
f 1944 1948 1970
f 1944 1970 1973
f 1944 1973 1976
f 1944 1976 1977
f 1944 1977 1978
f 1944 1978 1965
f 1944 1965 1962
f 1944 1962 1952
f 1944 1952 1950
f 1944 1950 1940
f 1939 1940 1950
f 1939 1950 1951
f 1947 1948 1944
f 1947 1944 1943
f 1954 1949 1951
f 1954 1951 1953
f 1959 1964 1963
f 1959 1963 1956
f 1961 1966 1967
f 1961 1967 1960
f 1983 1966 1965
f 1983 1965 1978
f 1974 1973 1970
f 1974 1970 1972
f 1988 1982 1975
f 1988 1975 1989
f 1987 1983 1982
f 1987 1982 1988
f 1991 2005 1892
f 1991 1892 1891
f 1980 1933 1963
f 1825 1933 1896
f 1825 1896 2010
f 1756 1883 1882
f 1881 1993 2009
f 1881 2009 1758
f 1740 2007 1992
f 1740 1992 1760
f 1989 2002 1999
f 1989 1999 1988
f 1982 1983 1978
f 1982 1978 1977
f 1975 1976 1973
f 1975 1973 1974
f 1991 1969 1968
f 1991 1968 1992
f 1964 1986 1985
f 1964 1985 1963
f 1958 1960 1959
f 1958 1959 1957
f 1961 1953 1952
f 1961 1952 1962
f 1971 1946 1945
f 1971 1945 1969
f 1946 1942 1941
f 1946 1941 1945
f 1939 1938 1937
f 1939 1937 1936
f 1955 1956 1935
f 1955 1935 1934
f 1932 1934 1824
f 1932 1824 1828
f 1954 1928 1927
f 1954 1927 1949
f 1922 1924 1923
f 1922 1923 1921
f 1924 1919 1936
f 1924 1936 1937
f 1918 1917 1945
f 1918 1945 1941
f 1945 1917 1968
f 1945 1968 1969
f 1997 1916 1912
f 1997 1912 1984
f 1932 1931 1955
f 1932 1955 1934
f 1898 1987 1988
f 1792 1791 1794
f 1879 1764 1765
f 1829 1826 1818
f 1829 1818 1797
f 1848 1846 1845
f 1848 1845 1847
f 1811 1844 1816
f 1811 1816 1810
f 1838 1840 1841
f 1838 1841 1839
f 1833 1803 1814
f 1833 1814 1834
f 1829 1797 1795
f 1829 1795 1830
f 1819 1822 1882
f 1819 1882 1883
f 1817 1818 1821
f 1817 1821 1820
f 1800 1790 1787
f 1800 1787 1774
f 1800 1774 1775
f 1800 1775 1776
f 1800 1776 1779
f 1800 1779 1782
f 1800 1782 1804
f 1800 1804 1808
f 1800 1808 1812
f 1800 1812 1802
f 1812 1813 1801
f 1812 1801 1802
f 1804 1805 1809
f 1804 1809 1808
f 1803 1798 1799
f 1803 1799 1801
f 1788 1793 1796
f 1788 1796 1789
f 1786 1791 1792
f 1786 1792 1785
f 1786 1769 1774
f 1786 1774 1787
f 1779 1778 1780
f 1779 1780 1782
f 1775 1770 1777
f 1775 1777 1776
f 1769 1765 1764
f 1769 1764 1770
f 1743 1759 1761
f 1743 1761 1745
f 1745 1761 1888
f 1745 1888 1887
f 1769 1770 1775
f 1769 1775 1774
f 1781 1888 1761
f 1781 1761 1783
f 1765 1785 1788
f 1765 1788 1766
f 1785 1792 1793
f 1785 1793 1788
f 1794 1791 1799
f 1794 1799 1798
f 1782 1780 1805
f 1782 1805 1804
f 1809 1805 1806
f 1809 1806 1810
f 1801 1813 1814
f 1801 1814 1803
f 1796 1797 1818
f 1796 1818 1817
f 1817 1820 1822
f 1817 1822 1819
f 1758 1756 1882
f 1758 1882 1881
f 1830 1795 1794
f 1830 1794 1831
f 1834 1814 1815
f 1834 1815 1835
f 1842 1840 1838
f 1842 1838 1843
f 1845 1843 1844
f 1845 1844 1811
f 1847 1784 1849
f 1847 1849 1848
f 1822 1825 2010
f 1822 2010 1882
f 1960 1958 1961
f 2009 1993 1979
f 2009 1979 1905
f 1846 1848 1917
f 1846 1917 1918
f 1919 1941 1942
f 1919 1942 1936
f 1840 1922 1921
f 1840 1921 1841
f 1949 1927 1926
f 1949 1926 1938
f 1955 1931 1930
f 1955 1930 1957
f 1935 1956 1963
f 1935 1963 1933
f 1943 1939 1936
f 1943 1936 1942
f 1943 1944 1940
f 1943 1940 1939
f 1971 1972 1947
f 1971 1947 1946
f 1953 1951 1950
f 1953 1950 1952
f 1957 1959 1956
f 1957 1956 1955
f 1962 1965 1966
f 1962 1966 1961
f 1987 1967 1966
f 1987 1966 1983
f 1990 1974 1972
f 1990 1972 1971
f 1982 1977 1976
f 1982 1976 1975
f 1992 2007 2005
f 1992 2005 1991
f 1879 1765 1752
f 1879 1752 1880
f 1752 1765 1766
f 1752 1766 1754
f 1756 1771 1772
f 1756 1772 1883
f 1754 1766 1767
f 1754 1767 1755
f 1755 1767 1772
f 1755 1772 1771
f 1770 1764 1763
f 1770 1763 1777
f 1777 1763 1762
f 1777 1762 1778
f 1757 1871 1873
f 1757 1873 1773
f 1850 1750 1753
f 1773 1873 1855
f 1773 1855 1768
f 1872 1758 2009
f 1758 1872 1871
f 1758 1871 1757
f 1850 1753 1768
f 1850 1768 1855
f 1826 1829 1830
f 1826 1830 1831
f 1826 1831 1832
f 1826 1832 1833
f 1826 1833 1834
f 1826 1834 1835
f 1826 1835 1837
f 1826 1837 1839
f 1826 1839 1841
f 1826 1841 1921
f 1826 1921 1923
f 1826 1923 1925
f 1826 1925 1926
f 1826 1926 1927
f 1826 1927 1928
f 1826 1928 1929
f 1826 1929 1930
f 1826 1930 1931
f 1826 1931 1932
f 1826 1932 1828
f 1826 1828 1827
f 1896 1994 2010
f 2001 2000 1897
f 2001 1897 1999
f 2001 1999 2002
f 1987 1998 1996
f 1987 1996 1986
f 1985 1995 1981
f 1985 1981 1980
f 1987 1898 1897
f 1987 1897 1998
f 2004 2003 2006
f 1979 1981 1995
f 1979 1995 1984
f 2003 2004 2001
f 2003 2001 2002
f 1986 1996 1995
f 1986 1995 1985
f 1981 1994 1896
f 1981 1896 1980
f 2010 1994 1881
f 1993 1994 1981
f 1993 1981 1979
f 1984 1995 1996
f 1984 1996 1997
f 1998 1897 2000
f 1998 2000 1997
f 1998 1997 1996
f 1994 1993 1881
f 1881 1882 2010
f 1899 1912 1916
f 1853 1852 1885
f 1853 1885 1884
f 1894 1895 1916
f 1878 1877 1884
f 1878 1884 1850
f 1885 1850 1884
f 1915 1914 1895
f 1915 1895 1894
f 1895 1900 1899
f 1895 1899 1916
f 1850 1885 1750
f 1878 1850 1855
f 1851 1741 1742
f 1851 1742 1886
f 1851 1886 1744
f 1851 1744 1746
f 1851 1746 1749
f 1851 1749 1889
f 1851 1889 1852
f 2001 1890 2000
f 1914 1913 1900
f 1914 1900 1895
f 2001 2004 2006
f 2001 2006 1893
f 2001 1893 2008
f 2001 2008 1741
f 2001 1741 1851
f 2001 1851 2015
f 2001 2015 1915
f 2001 1915 1890
f 1749 1750 1889
f 1854 1853 1884
f 1854 1884 1877
f 1750 1885 1852
f 1750 1852 1889
f 1916 2000 1894
f 1894 2000 1890
f 1894 1890 1915
f 1861 1862 1910
f 1906 1905 1901
f 1906 1901 2011
f 1911 1913 1914
f 1908 1870 2013
f 1908 2013 1907
f 1913 1909 1904
f 1913 1904 1900
f 1912 1901 1905
f 1870 1869 2012
f 1870 2012 2013
f 1860 1857 1854
f 1860 1854 1863
f 1856 1852 1853
f 1862 1861 1863
f 1869 1876 1873
f 1869 1873 2012
f 1911 1861 1910
f 1866 1864 1868
f 1911 1910 1913
f 2015 1858 1859
f 2015 1859 1915
f 1860 1863 1861
f 1872 1906 2011
f 1872 2011 2014
f 1877 1878 1875
f 1877 1875 1874
f 1865 1874 1875
f 1865 1875 1867
f 1859 1858 1857
f 1859 1857 1860
f 1856 1851 1852
f 1865 1867 1868
f 1865 1868 1864
f 1855 1873 1876
f 1912 1899 1903
f 1912 1903 1902
f 1909 1866 1904
f 1866 1909 1864
f 1903 1908 1907
f 1903 1907 1902
f 1872 2014 1871
f 1851 1858 2015
f 1871 2014 2013
f 1871 2013 2012
f 1906 2009 1905
f 1862 1909 1910
f 1875 1876 1869
f 1875 1869 1867
f 1859 1860 1861
f 1857 1856 1853
f 1857 1853 1854
f 1867 1869 1870
f 1867 1870 1868
f 1899 1900 1904
f 1899 1904 1903
f 1868 1870 1908
f 1868 1908 1866
f 1906 1872 2009
f 1855 1876 1875
f 1855 1875 1878
f 1871 2012 1873
f 2014 2011 1907
f 2014 1907 2013
f 1904 1866 1908
f 1904 1908 1903
f 1910 1909 1913
f 1902 1907 2011
f 1902 2011 1901
f 1912 1902 1901
f 1862 1863 1865
f 1862 1865 1864
f 1851 1856 1857
f 1851 1857 1858
f 1863 1874 1865
f 1863 1854 1877
f 1863 1877 1874
f 1911 1914 1915
f 1862 1864 1909
f 1915 1859 1861
f 1915 1861 1911
f 2063 2068 2067
f 2063 2067 2064
f 2059 2072 2071
f 2059 2071 2060
f 2066 2067 2068
f 2066 2068 2069
f 2066 2069 2070
f 2066 2070 2071
f 2066 2071 2072
f 2066 2072 2073
f 2066 2073 2074
f 2066 2074 2075
f 2043 2048 2047
f 2043 2047 2044
f 2039 2052 2051
f 2039 2051 2040
f 2046 2047 2048
f 2046 2048 2049
f 2046 2049 2050
f 2046 2050 2051
f 2046 2051 2052
f 2046 2052 2053
f 2046 2053 2054
f 2046 2054 2055
f 2023 2033 2034
f 2023 2034 2024
f 2019 2029 2030
f 2019 2030 2020
f 2035 2034 2033
f 2035 2033 2032
f 2035 2032 2031
f 2035 2031 2030
f 2035 2030 2029
f 2035 2029 2028
f 2035 2028 2027
f 2035 2027 2026
f 2016 2026 2027
f 2016 2027 2017
f 2020 2030 2031
f 2020 2031 2021
f 2024 2034 2035
f 2024 2035 2025
f 2036 2055 2054
f 2036 2054 2037
f 2040 2051 2050
f 2040 2050 2041
f 2044 2047 2046
f 2044 2046 2045
f 2056 2075 2074
f 2056 2074 2057
f 2060 2071 2070
f 2060 2070 2061
f 2064 2067 2066
f 2064 2066 2065
f 2062 2069 2068
f 2062 2068 2063
f 2058 2073 2072
f 2058 2072 2059
f 2056 2057 2058
f 2056 2058 2059
f 2056 2059 2060
f 2056 2060 2061
f 2056 2061 2062
f 2056 2062 2063
f 2056 2063 2064
f 2056 2064 2065
f 2042 2049 2048
f 2042 2048 2043
f 2038 2053 2052
f 2038 2052 2039
f 2036 2037 2038
f 2036 2038 2039
f 2036 2039 2040
f 2036 2040 2041
f 2036 2041 2042
f 2036 2042 2043
f 2036 2043 2044
f 2036 2044 2045
f 2022 2032 2033
f 2022 2033 2023
f 2018 2028 2029
f 2018 2029 2019
f 2016 2017 2018
f 2016 2018 2019
f 2016 2019 2020
f 2016 2020 2021
f 2016 2021 2022
f 2016 2022 2023
f 2016 2023 2024
f 2016 2024 2025
f 2017 2027 2028
f 2017 2028 2018
f 2021 2031 2032
f 2021 2032 2022
f 2025 2035 2026
f 2025 2026 2016
f 2037 2054 2053
f 2037 2053 2038
f 2041 2050 2049
f 2041 2049 2042
f 2045 2046 2055
f 2045 2055 2036
f 2057 2074 2073
f 2057 2073 2058
f 2061 2070 2069
f 2061 2069 2062
f 2065 2066 2075
f 2065 2075 2056
f 2169 2168 2167
f 2169 2167 2166
f 2169 2166 2165
f 2169 2165 2164
f 2169 2164 2163
f 2169 2163 2162
f 2169 2162 2161
f 2169 2161 2160
f 2169 2160 2159
f 2169 2159 2158
f 2169 2158 2157
f 2169 2157 2156
f 2169 2156 2171
f 2169 2171 2170
f 2153 2152 2151
f 2153 2151 2150
f 2153 2150 2149
f 2153 2149 2148
f 2153 2148 2147
f 2153 2147 2146
f 2153 2146 2145
f 2153 2145 2144
f 2153 2144 2143
f 2153 2143 2142
f 2153 2142 2141
f 2153 2141 2140
f 2153 2140 2155
f 2153 2155 2154
f 2105 2107 2185
f 2105 2185 2186
f 2081 2083 2177
f 2081 2177 2178
f 2089 2091 2174
f 2089 2174 2173
f 2097 2099 2182
f 2097 2182 2181
f 2169 2170 2135
f 2169 2135 2134
f 2165 2166 2131
f 2165 2131 2130
f 2161 2162 2127
f 2161 2127 2126
f 2157 2158 2139
f 2157 2139 2138
f 2153 2154 2119
f 2153 2119 2118
f 2149 2150 2115
f 2149 2115 2114
f 2145 2146 2111
f 2145 2111 2110
f 2141 2142 2123
f 2141 2123 2122
f 2137 2138 2103
f 2137 2103 2101
f 2133 2134 2095
f 2133 2095 2093
f 2129 2130 2087
f 2129 2087 2085
f 2125 2126 2079
f 2125 2079 2077
f 2121 2122 2082
f 2121 2082 2084
f 2117 2118 2090
f 2117 2090 2092
f 2113 2114 2098
f 2113 2098 2100
f 2109 2110 2106
f 2109 2106 2076
f 2187 2102 2100
f 2187 2100 2183
f 2180 2094 2092
f 2180 2092 2172
f 2175 2086 2084
f 2175 2084 2176
f 2184 2078 2076
f 2184 2076 2179
f 2176 2084 2082
f 2176 2082 2177
f 2172 2092 2090
f 2172 2090 2174
f 2183 2100 2098
f 2183 2098 2182
f 2179 2076 2106
f 2179 2106 2185
f 2110 2111 2104
f 2110 2104 2106
f 2114 2115 2096
f 2114 2096 2098
f 2118 2119 2088
f 2118 2088 2090
f 2122 2123 2080
f 2122 2080 2082
f 2126 2127 2081
f 2126 2081 2079
f 2130 2131 2089
f 2130 2089 2087
f 2134 2135 2097
f 2134 2097 2095
f 2138 2139 2105
f 2138 2105 2103
f 2142 2143 2108
f 2142 2108 2123
f 2146 2147 2112
f 2146 2112 2111
f 2150 2151 2116
f 2150 2116 2115
f 2154 2155 2120
f 2154 2120 2119
f 2158 2159 2124
f 2158 2124 2139
f 2162 2163 2128
f 2162 2128 2127
f 2166 2167 2132
f 2166 2132 2131
f 2170 2171 2136
f 2170 2136 2135
f 2095 2097 2181
f 2095 2181 2180
f 2087 2089 2173
f 2087 2173 2175
f 2079 2081 2178
f 2079 2178 2184
f 2103 2105 2186
f 2103 2186 2187
f 2107 2077 2179
f 2107 2179 2185
f 2083 2085 2176
f 2083 2176 2177
f 2091 2093 2172
f 2091 2172 2174
f 2099 2101 2183
f 2099 2183 2182
f 2168 2169 2134
f 2168 2134 2133
f 2164 2165 2130
f 2164 2130 2129
f 2160 2161 2126
f 2160 2126 2125
f 2156 2157 2138
f 2156 2138 2137
f 2152 2153 2118
f 2152 2118 2117
f 2148 2149 2114
f 2148 2114 2113
f 2144 2145 2110
f 2144 2110 2109
f 2140 2141 2122
f 2140 2122 2121
f 2136 2137 2101
f 2136 2101 2099
f 2132 2133 2093
f 2132 2093 2091
f 2128 2129 2085
f 2128 2085 2083
f 2124 2125 2077
f 2124 2077 2107
f 2120 2121 2084
f 2120 2084 2086
f 2116 2117 2092
f 2116 2092 2094
f 2112 2113 2100
f 2112 2100 2102
f 2108 2109 2076
f 2108 2076 2078
f 2186 2104 2102
f 2186 2102 2187
f 2181 2096 2094
f 2181 2094 2180
f 2173 2088 2086
f 2173 2086 2175
f 2178 2080 2078
f 2178 2078 2184
f 2177 2082 2080
f 2177 2080 2178
f 2174 2090 2088
f 2174 2088 2173
f 2182 2098 2096
f 2182 2096 2181
f 2185 2106 2104
f 2185 2104 2186
f 2111 2112 2102
f 2111 2102 2104
f 2115 2116 2094
f 2115 2094 2096
f 2119 2120 2086
f 2119 2086 2088
f 2123 2108 2078
f 2123 2078 2080
f 2127 2128 2083
f 2127 2083 2081
f 2131 2132 2091
f 2131 2091 2089
f 2135 2136 2099
f 2135 2099 2097
f 2139 2124 2107
f 2139 2107 2105
f 2143 2144 2109
f 2143 2109 2108
f 2147 2148 2113
f 2147 2113 2112
f 2151 2152 2117
f 2151 2117 2116
f 2155 2140 2121
f 2155 2121 2120
f 2159 2160 2125
f 2159 2125 2124
f 2163 2164 2129
f 2163 2129 2128
f 2167 2168 2133
f 2167 2133 2132
f 2171 2156 2137
f 2171 2137 2136
f 2093 2095 2180
f 2093 2180 2172
f 2085 2087 2175
f 2085 2175 2176
f 2077 2079 2184
f 2077 2184 2179
f 2101 2103 2187
f 2101 2187 2183
f 2411 2410 2406
f 2411 2406 2405
f 2390 2389 2527
f 2390 2527 2528
f 2384 2383 2382
f 2384 2382 2381
f 2223 2222 2412
f 2223 2412 2409
f 2405 2406 2402
f 2405 2402 2401
f 2397 2388 2391
f 2397 2391 2398
f 2389 2388 2392
f 2383 2384 2201
f 2383 2201 2200
f 2377 2378 2375
f 2377 2375 2372
f 2352 2351 2218
f 2352 2218 2216
f 2344 2342 2341
f 2344 2341 2343
f 2191 2199 2303
f 2191 2303 2302
f 2219 2221 2222
f 2219 2222 2223
f 2214 2213 2352
f 2214 2352 2357
f 2210 2205 2206
f 2210 2206 2211
f 2207 2206 2204
f 2200 2201 2303
f 2200 2303 2304
f 2190 2193 2194
f 2190 2194 2195
f 2189 2192 2193
f 2189 2193 2190
f 2195 2199 2191
f 2195 2191 2190
f 2205 2203 2204
f 2205 2204 2206
f 2206 2207 2208
f 2206 2208 2209
f 2211 2212 2364
f 2211 2364 2215
f 2211 2215 2213
f 2216 2218 2367
f 2216 2367 2221
f 2216 2221 2219
f 2188 2191 2302
f 2188 2302 2301
f 2343 2341 2208
f 2343 2208 2207
f 2346 2344 2343
f 2346 2343 2345
f 2372 2375 2376
f 2372 2376 2373
f 2372 2371 2381
f 2372 2381 2377
f 2388 2389 2390
f 2388 2390 2391
f 2395 2396 2392
f 2395 2392 2388
f 2402 2403 2404
f 2402 2404 2399
f 2402 2399 2397
f 2409 2412 2413
f 2409 2413 2414
f 2409 2414 2410
f 2298 2202 2385
f 2298 2385 2506
f 2389 2392 2526
f 2389 2526 2527
f 2528 2527 2387
f 2528 2387 2386
f 2410 2414 2407
f 2410 2407 2406
f 2526 2525 2394
f 2526 2394 2393
f 2385 2384 2381
f 2385 2381 2371
f 2223 2409 2408
f 2223 2408 2224
f 2403 2402 2406
f 2403 2406 2407
f 2399 2400 2395
f 2399 2395 2388
f 2399 2388 2397
f 2375 2378 2387
f 2375 2387 2393
f 2384 2385 2202
f 2384 2202 2201
f 2379 2380 2378
f 2379 2378 2377
f 2357 2352 2216
f 2357 2216 2217
f 2348 2345 2204
f 2348 2204 2203
f 2199 2198 2304
f 2199 2304 2303
f 2224 2220 2219
f 2224 2219 2223
f 2351 2352 2213
f 2351 2213 2215
f 2211 2206 2209
f 2211 2209 2363
f 2211 2363 2212
f 2344 2346 2194
f 2344 2194 2193
f 2201 2202 2302
f 2201 2302 2303
f 2195 2194 2196
f 2195 2196 2197
f 2188 2189 2190
f 2188 2190 2191
f 2197 2198 2199
f 2197 2199 2195
f 2346 2347 2196
f 2346 2196 2194
f 2342 2344 2193
f 2342 2193 2192
f 2210 2211 2213
f 2210 2213 2214
f 2217 2216 2219
f 2217 2219 2220
f 2301 2302 2202
f 2301 2202 2298
f 2345 2343 2207
f 2345 2207 2204
f 2347 2346 2345
f 2347 2345 2348
f 2371 2372 2373
f 2371 2373 2374
f 2377 2381 2382
f 2377 2382 2379
f 2378 2380 2386
f 2378 2386 2387
f 2376 2375 2393
f 2376 2393 2394
f 2401 2402 2397
f 2401 2397 2398
f 2408 2409 2410
f 2408 2410 2411
f 2506 2385 2371
f 2506 2371 2374
f 2392 2396 2525
f 2392 2525 2526
f 2527 2526 2393
f 2527 2393 2387
f 2434 2242 2231
f 2434 2231 2433
f 2456 2455 2464
f 2456 2464 2459
f 2472 2471 2468
f 2472 2468 2467
f 2472 2473 2278
f 2472 2278 2277
f 2463 2460 2459
f 2463 2459 2464
f 2452 2439 2454
f 2452 2454 2453
f 2451 2435 2434
f 2451 2434 2450
f 2447 2429 2427
f 2447 2427 2446
f 2443 2444 2428
f 2443 2428 2440
f 2242 2434 2435
f 2242 2435 2244
f 2429 2423 2425
f 2429 2425 2427
f 2360 2359 2233
f 2360 2233 2240
f 2263 2280 2250
f 2263 2250 2249
f 2269 2273 2274
f 2269 2274 2270
f 2264 2254 2251
f 2264 2251 2266
f 2253 2252 2255
f 2253 2255 2256
f 2253 2256 2257
f 2253 2257 2258
f 2253 2258 2259
f 2253 2259 2260
f 2253 2260 2262
f 2253 2262 2261
f 2257 2240 2241
f 2257 2241 2258
f 2236 2237 2254
f 2247 2248 2249
f 2247 2249 2250
f 2240 2233 2232
f 2240 2232 2241
f 2237 2236 2235
f 2237 2235 2238
f 2241 2232 2231
f 2241 2231 2368
f 2251 2237 2248
f 2251 2248 2247
f 2252 2237 2238
f 2252 2238 2255
f 2258 2241 2368
f 2258 2368 2243
f 2258 2243 2259
f 2260 2370 2263
f 2260 2263 2262
f 2355 2268 2269
f 2355 2269 2354
f 2276 2277 2306
f 2276 2306 2307
f 2273 2272 2307
f 2273 2307 2306
f 2354 2353 2265
f 2354 2265 2264
f 2368 2231 2242
f 2368 2242 2243
f 2427 2425 2426
f 2427 2426 2428
f 2433 2231 2421
f 2433 2421 2431
f 2441 2440 2428
f 2441 2428 2442
f 2446 2427 2428
f 2446 2428 2444
f 2450 2434 2433
f 2450 2433 2431
f 2450 2431 2448
f 2453 2454 2436
f 2453 2436 2451
f 2459 2460 2461
f 2459 2461 2462
f 2471 2472 2277
f 2471 2277 2276
f 2457 2456 2459
f 2457 2459 2462
f 2447 2449 2430
f 2432 2422 2424
f 2432 2424 2430
f 2454 2475 2437
f 2454 2437 2436
f 2460 2467 2468
f 2460 2468 2461
f 2455 2456 2445
f 2455 2445 2426
f 2443 2440 2439
f 2443 2439 2452
f 2430 2429 2447
f 2445 2442 2428
f 2435 2436 2437
f 2435 2437 2246
f 2435 2246 2244
f 2430 2424 2423
f 2430 2423 2429
f 2370 2260 2369
f 2257 2360 2240
f 2274 2273 2306
f 2274 2306 2308
f 2370 2245 2280
f 2370 2280 2263
f 2268 2272 2273
f 2268 2273 2269
f 2236 2254 2264
f 2236 2264 2265
f 2261 2249 2248
f 2261 2248 2253
f 2256 2239 2360
f 2237 2251 2254
f 2244 2246 2245
f 2244 2245 2370
f 2244 2370 2369
f 2239 2234 2359
f 2239 2359 2360
f 2238 2235 2234
f 2238 2234 2239
f 2244 2369 2243
f 2244 2243 2242
f 2248 2237 2252
f 2248 2252 2253
f 2255 2238 2239
f 2255 2239 2256
f 2259 2243 2369
f 2259 2369 2260
f 2262 2263 2249
f 2262 2249 2261
f 2353 2354 2269
f 2353 2269 2270
f 2277 2278 2308
f 2277 2308 2306
f 2355 2354 2264
f 2355 2264 2266
f 2360 2257 2256
f 2431 2421 2422
f 2431 2422 2432
f 2438 2439 2440
f 2438 2440 2441
f 2445 2428 2426
f 2448 2431 2432
f 2448 2432 2449
f 2452 2453 2451
f 2452 2451 2450
f 2452 2450 2448
f 2452 2448 2449
f 2452 2449 2447
f 2452 2447 2446
f 2452 2446 2444
f 2452 2444 2443
f 2457 2442 2445
f 2457 2445 2456
f 2463 2469 2467
f 2463 2467 2460
f 2439 2438 2475
f 2439 2475 2454
f 2473 2472 2467
f 2473 2467 2469
f 2432 2430 2449
f 2435 2451 2436
f 2485 2457 2462
f 2485 2462 2476
f 2441 2442 2484
f 2441 2484 2483
f 2468 2471 2479
f 2468 2479 2478
f 2476 2477 2478
f 2476 2478 2479
f 2476 2479 2331
f 2476 2331 2330
f 2476 2330 2480
f 2476 2480 2481
f 2476 2481 2482
f 2476 2482 2483
f 2476 2483 2484
f 2476 2484 2485
f 2336 2335 2266
f 2336 2266 2251
f 2332 2331 2276
f 2332 2276 2307
f 2335 2336 2337
f 2335 2337 2338
f 2335 2338 2328
f 2335 2328 2329
f 2335 2329 2330
f 2335 2330 2331
f 2335 2331 2332
f 2335 2332 2333
f 2335 2333 2334
f 2335 2334 2356
f 2333 2332 2307
f 2333 2307 2272
f 2337 2336 2251
f 2337 2251 2247
f 2356 2355 2266
f 2356 2266 2335
f 2471 2276 2331
f 2471 2331 2479
f 2442 2457 2485
f 2442 2485 2484
f 2438 2441 2483
f 2438 2483 2482
f 2461 2468 2478
f 2461 2478 2477
f 2437 2475 2481
f 2437 2481 2480
f 2328 2338 2250
f 2328 2250 2280
f 2355 2356 2334
f 2355 2334 2268
f 2330 2329 2245
f 2330 2245 2246
f 2329 2328 2280
f 2329 2280 2245
f 2334 2333 2272
f 2334 2272 2268
f 2338 2337 2247
f 2338 2247 2250
f 2246 2437 2480
f 2246 2480 2330
f 2461 2477 2476
f 2461 2476 2462
f 2475 2438 2482
f 2475 2482 2481
f 2507 2374 2373
f 2507 2373 2492
f 2488 2395 2400
f 2488 2400 2498
f 2363 2362 2294
f 2363 2294 2212
f 2282 2188 2301
f 2282 2301 2281
f 2361 2351 2215
f 2361 2215 2295
f 2208 2285 2286
f 2208 2286 2209
f 2365 2295 2215
f 2365 2215 2364
f 2283 2189 2188
f 2283 2188 2282
f 2365 2364 2212
f 2365 2212 2294
f 2492 2373 2376
f 2492 2376 2487
f 2396 2489 2495
f 2396 2495 2525
f 2491 2506 2374
f 2491 2374 2507
f 2394 2486 2487
f 2394 2487 2376
f 2342 2340 2339
f 2342 2339 2341
f 2298 2288 2281
f 2298 2281 2301
f 2192 2284 2340
f 2192 2340 2342
f 2362 2363 2209
f 2362 2209 2286
f 2284 2192 2189
f 2284 2189 2283
f 2341 2339 2285
f 2341 2285 2208
f 2395 2488 2489
f 2395 2489 2396
f 2506 2491 2288
f 2506 2288 2298
f 2525 2495 2486
f 2525 2486 2394
f 2520 2521 2515
f 2520 2515 2514
f 2524 2505 2509
f 2524 2509 2518
f 2504 2300 2319
f 2504 2319 2512
f 2496 2497 2524
f 2496 2524 2523
f 2490 2508 2520
f 2490 2520 2519
f 2490 2491 2507
f 2490 2507 2508
f 2327 2326 2291
f 2327 2291 2290
f 2323 2322 2295
f 2323 2295 2365
f 2323 2365 2294
f 2318 2317 2287
f 2318 2287 2289
f 2291 2292 2314
f 2291 2314 2313
f 2289 2287 2310
f 2289 2310 2309
f 2294 2362 2286
f 2294 2286 2315
f 2281 2288 2309
f 2281 2309 2310
f 2286 2285 2314
f 2286 2314 2315
f 2324 2325 2326
f 2324 2326 2327
f 2324 2327 2316
f 2324 2316 2317
f 2324 2317 2318
f 2324 2318 2319
f 2324 2319 2320
f 2324 2320 2321
f 2324 2321 2322
f 2324 2322 2323
f 2290 2291 2313
f 2290 2313 2312
f 2317 2316 2299
f 2317 2299 2287
f 2322 2321 2296
f 2322 2296 2361
f 2322 2361 2295
f 2326 2325 2292
f 2326 2292 2291
f 2490 2309 2288
f 2490 2288 2491
f 2494 2508 2507
f 2494 2507 2492
f 2508 2494 2521
f 2508 2521 2520
f 2505 2524 2497
f 2502 2503 2504
f 2502 2504 2512
f 2502 2512 2511
f 2523 2524 2518
f 2523 2518 2517
f 2521 2522 2516
f 2521 2516 2515
f 2505 2500 2499
f 2505 2499 2510
f 2505 2510 2509
f 2289 2519 2513
f 2289 2513 2318
f 2493 2496 2523
f 2493 2523 2522
f 2309 2490 2519
f 2309 2519 2289
f 2487 2486 2495
f 2487 2495 2489
f 2487 2489 2496
f 2487 2496 2493
f 2316 2327 2290
f 2316 2290 2299
f 2324 2323 2294
f 2324 2294 2293
f 2320 2319 2300
f 2320 2300 2297
f 2292 2293 2315
f 2292 2315 2314
f 2287 2299 2311
f 2287 2311 2310
f 2311 2282 2281
f 2311 2281 2310
f 2312 2313 2284
f 2312 2284 2283
f 2313 2314 2285
f 2313 2285 2339
f 2313 2339 2340
f 2313 2340 2284
f 2283 2282 2311
f 2283 2311 2312
f 2299 2290 2312
f 2299 2312 2311
f 2315 2293 2294
f 2321 2320 2297
f 2321 2297 2366
f 2321 2366 2296
f 2325 2324 2293
f 2325 2293 2292
f 2492 2487 2493
f 2492 2493 2494
f 2509 2510 2511
f 2509 2511 2512
f 2509 2512 2319
f 2509 2319 2318
f 2509 2318 2513
f 2509 2513 2514
f 2509 2514 2515
f 2509 2515 2516
f 2509 2516 2517
f 2509 2517 2518
f 2494 2493 2522
f 2494 2522 2521
f 2519 2520 2514
f 2519 2514 2513
f 2499 2501 2502
f 2499 2502 2511
f 2499 2511 2510
f 2522 2523 2517
f 2522 2517 2516
f 2222 2300 2504
f 2222 2504 2412
f 2367 2366 2297
f 2367 2297 2221
f 2221 2297 2300
f 2221 2300 2222
f 2404 2403 2499
f 2404 2499 2500
f 2412 2504 2503
f 2412 2503 2413
f 2502 2414 2413
f 2502 2413 2503
f 2351 2361 2296
f 2351 2296 2218
f 2366 2367 2218
f 2366 2218 2296
f 2499 2403 2407
f 2499 2407 2501
f 2414 2502 2501
f 2414 2501 2407
f 2505 2399 2404
f 2505 2404 2500
f 2497 2488 2498
f 2497 2498 2505
f 2399 2505 2498
f 2399 2498 2400
f 2497 2496 2489
f 2497 2489 2488
f 2529 2528 2386
f 2529 2386 2466
f 2465 2380 2379
f 2465 2379 2382
f 2465 2382 2470
f 2391 2390 2458
f 2391 2458 2420
f 2417 2423 2424
f 2417 2424 2418
f 2398 2419 2417
f 2398 2417 2401
f 2353 2350 2349
f 2353 2349 2267
f 2353 2267 2265
f 2275 2274 2308
f 2275 2308 2305
f 2305 2279 2200
f 2305 2200 2304
f 2347 2350 2271
f 2347 2271 2196
f 2228 2234 2235
f 2228 2235 2229
f 2210 2229 2230
f 2210 2230 2205
f 2224 2225 2226
f 2224 2226 2220
f 2214 2228 2229
f 2214 2229 2210
f 2358 2359 2234
f 2358 2234 2228
f 2236 2265 2267
f 2236 2267 2230
f 2270 2274 2275
f 2270 2275 2271
f 2350 2347 2348
f 2350 2348 2349
f 2408 2415 2225
f 2408 2225 2224
f 2391 2420 2419
f 2391 2419 2398
f 2419 2425 2423
f 2419 2423 2417
f 2465 2463 2464
f 2465 2464 2466
f 2473 2474 2279
f 2473 2279 2278
f 2474 2473 2469
f 2474 2469 2470
f 2455 2458 2529
f 2455 2529 2464
f 2529 2466 2464
f 2416 2411 2405
f 2416 2405 2418
f 2458 2390 2528
f 2458 2528 2529
f 2383 2474 2470
f 2383 2470 2382
f 2465 2470 2469
f 2465 2469 2463
f 2420 2458 2455
f 2420 2455 2426
f 2416 2422 2421
f 2416 2421 2415
f 2401 2417 2418
f 2401 2418 2405
f 2359 2358 2227
f 2359 2227 2233
f 2278 2279 2305
f 2278 2305 2308
f 2350 2353 2270
f 2350 2270 2271
f 2229 2235 2236
f 2229 2236 2230
f 2225 2231 2232
f 2225 2232 2226
f 2220 2226 2227
f 2220 2227 2217
f 2357 2358 2228
f 2357 2228 2214
f 2226 2232 2233
f 2226 2233 2227
f 2230 2267 2203
f 2230 2203 2205
f 2275 2198 2197
f 2275 2197 2196
f 2275 2196 2271
f 2198 2275 2305
f 2198 2305 2304
f 2349 2348 2203
f 2349 2203 2267
f 2358 2357 2217
f 2358 2217 2227
f 2411 2416 2415
f 2411 2415 2408
f 2415 2421 2231
f 2415 2231 2225
f 2420 2426 2425
f 2420 2425 2419
f 2380 2465 2466
f 2380 2466 2386
f 2383 2200 2279
f 2383 2279 2474
f 2422 2416 2418
f 2422 2418 2424
f 2848 2846 2847
f 2848 2847 2849
f 3276 2856 2857
f 3276 2857 3277
f 2856 2854 2855
f 2856 2855 2857
f 3388 3400 3402
f 3388 3402 3389
f 3392 3388 3390
f 3392 3390 3391
f 3375 3377 3380
f 3375 3380 3376
f 3369 3371 3372
f 3369 3372 3370
f 3298 3363 3364
f 3298 3364 3299
f 3353 3355 3356
f 3353 3356 3354
f 3343 3347 3348
f 3343 3348 3344
f 3308 3339 3340
f 3308 3340 3309
f 3327 3319 3322
f 3327 3322 3323
f 3311 3304 3303
f 3311 3303 3310
f 3296 3298 3300
f 3296 3300 3297
f 3389 3390 3388
f 3331 3332 3333
f 3331 3333 3334
f 3331 3334 3330
f 3308 3309 3307
f 3291 3289 3288
f 3291 3288 3290
f 3281 3279 3278
f 3281 3278 3280
f 3095 3263 3264
f 3095 3264 3262
f 3260 3261 3314
f 3260 3314 3312
f 3256 3257 3302
f 3256 3302 3306
f 3252 3253 3342
f 3252 3342 3316
f 2588 2578 3238
f 2588 3238 3040
f 3237 3032 3244
f 3237 3244 3245
f 3036 3296 3295
f 3036 3295 3241
f 3231 3087 3266
f 3231 3266 3269
f 3032 3042 3235
f 3032 3235 3240
f 3093 3092 3229
f 3093 3229 3228
f 3100 3291 3293
f 3100 3293 3221
f 3227 3093 3275
f 3227 3275 3277
f 3033 3238 3245
f 3033 3245 3244
f 3094 3099 3219
f 3094 3219 3224
f 3105 3112 3223
f 3105 3223 3222
f 3104 3099 3218
f 3104 3218 3214
f 3108 3153 3205
f 3108 3205 3207
f 3153 3108 3210
f 3153 3210 3206
f 3143 3141 3189
f 3143 3189 3196
f 3134 3135 3171
f 3134 3171 3164
f 3141 3143 3195
f 3141 3195 3188
f 3114 3158 3117
f 3114 3117 3187
f 3114 3187 3194
f 3127 3130 3168
f 3127 3168 3170
f 3130 3127 3169
f 3130 3169 3167
f 3120 3117 3186
f 3120 3186 3181
f 3156 3110 3201
f 3156 3201 3199
f 2682 2683 3185
f 2682 3185 3190
f 2691 2692 3166
f 2691 3166 3173
f 3118 3186 3191
f 3118 3191 3157
f 2669 2728 3206
f 2669 3206 3210
f 3119 3148 3179
f 3119 3179 3181
f 2994 3000 3147
f 3232 3145 3267
f 3134 3004 3165
f 3356 3358 3385
f 3356 3385 3383
f 3097 3220 3222
f 3121 3183 3188
f 3121 3188 3116
f 3184 3140 3142
f 3184 3142 3189
f 3128 3129 3133
f 3128 3133 3164
f 3128 3164 3171
f 3133 3163 3132
f 3133 3132 3022
f 3133 3022 3006
f 3167 3169 3125
f 3167 3125 3126
f 3125 3123 3178
f 3125 3178 3173
f 3148 3123 3174
f 3148 3174 3179
f 3157 3113 3198
f 3157 3198 3192
f 3201 3109 3155
f 3201 3155 3199
f 3205 3153 3109
f 3205 3109 3201
f 3107 3208 3214
f 3107 3214 3103
f 3107 3103 3152
f 3221 2659 2661
f 3221 2661 3216
f 3098 3095 3224
f 3098 3224 3219
f 3230 3091 3287
f 3230 3287 3286
f 3230 3286 3225
f 2650 3227 3277
f 2650 3277 2857
f 3091 3088 3228
f 3091 3228 3229
f 3364 3366 3270
f 3364 3270 3268
f 3085 3089 3084
f 3085 3084 3047
f 3085 3047 3062
f 3085 3062 3086
f 3081 2634 2638
f 3081 2638 3082
f 3020 2562 2634
f 3020 2634 3081
f 3029 3080 3079
f 3029 3079 3026
f 3076 2626 2625
f 3076 2625 3074
f 3070 3066 3065
f 3070 3065 3073
f 3070 3072 3248
f 3070 3248 3249
f 3065 3066 3064
f 3053 3375 3374
f 3053 3374 3052
f 2716 3060 3061
f 2716 3061 2715
f 3253 3252 3261
f 3253 3261 3260
f 3253 3260 3259
f 3057 3247 3059
f 3057 3059 3058
f 3053 3311 3313
f 3053 3313 3054
f 3046 3045 3246
f 3046 3246 3050
f 3002 3045 3046
f 3002 3046 3001
f 3373 3037 3241
f 3373 3241 3295
f 3363 3234 3041
f 3363 3041 3365
f 3033 3040 3238
f 3242 3241 3037
f 3242 3037 3035
f 3026 3027 3030
f 3026 3030 3029
f 3007 3017 3024
f 3007 3024 3023
f 3159 2565 2564
f 3159 2564 3019
f 3159 3019 3021
f 3336 3012 3014
f 3336 3014 3329
f 3399 3015 3013
f 3399 3013 3396
f 3012 3013 3015
f 3012 3015 3014
f 3400 3008 3384
f 3400 3384 3387
f 3400 3387 3401
f 3362 3361 3003
f 3362 3003 3002
f 3362 3002 2994
f 2993 3147 3000
f 2999 2990 2989
f 2998 2994 2997
f 2998 2997 2996
f 2993 3343 3346
f 2993 3346 3147
f 3353 2989 2990
f 3353 2990 3355
f 2545 2742 2705
f 2545 2705 2546
f 2979 2977 2978
f 2979 2978 2980
f 2967 2922 2921
f 2967 2921 2968
f 2956 2958 2957
f 2956 2957 2955
f 2948 2950 2949
f 2948 2949 2947
f 2940 2942 2941
f 2940 2941 2939
f 2932 2934 2933
f 2932 2933 2931
f 2924 2926 2925
f 2924 2925 2923
f 2914 2913 2912
f 2914 2912 2918
f 2896 2894 2895
f 2896 2895 2897
f 2887 2886 2885
f 2887 2885 2888
f 2983 2985 2984
f 2943 2946 2945
f 2943 2945 2944
f 2900 2902 2901
f 2873 2875 2874
f 2873 2874 2872
f 2863 2865 2864
f 2863 2864 2862
f 2645 2842 2840
f 2898 2900 2830
f 2898 2830 2839
f 2886 2887 2836
f 2886 2836 2835
f 2926 2924 2832
f 2926 2832 2831
f 2964 2587 2603
f 2964 2603 2963
f 2822 2823 2814
f 2822 2814 2577
f 2819 2818 2583
f 2819 2583 2581
f 2807 2808 2643
f 2807 2643 2646
f 2816 2820 2821
f 2816 2821 2580
f 2853 2851 2805
f 2853 2805 2649
f 2871 2794 2658
f 2871 2658 2873
f 2803 2804 2649
f 2803 2649 2648
f 2813 2814 2579
f 2813 2579 2590
f 2810 2801 2652
f 2810 2652 2646
f 2797 2799 2665
f 2797 2665 2656
f 2785 2791 2664
f 2785 2664 2666
f 2788 2784 2668
f 2788 2668 2725
f 2781 2783 2727
f 2781 2727 2671
f 2793 2798 2658
f 2793 2658 2662
f 2754 2749 2704
f 2754 2704 2706
f 2760 2765 2710
f 2760 2710 2708
f 2779 2771 2677
f 2779 2677 2732
f 2779 2732 2672
f 2752 2747 2695
f 2752 2695 2688
f 2739 2744 2698
f 2739 2698 2701
f 2756 2758 2686
f 2756 2686 2722
f 2770 2776 2732
f 2770 2732 2677
f 2769 2767 2682
f 2769 2682 2734
f 2755 2750 2691
f 2755 2691 2684
f 2767 2769 2733
f 2767 2733 2681
f 2729 2782 2784
f 2729 2784 2667
f 2723 2929 2943
f 2930 2719 2535
f 2930 2535 2946
f 2717 2843 2883
f 2717 2883 2884
f 2717 2884 2642
f 2703 2704 2749
f 2703 2749 2742
f 2794 2871 2867
f 2794 2867 2660
f 2906 2972 2973
f 2906 2973 2987
f 2906 2987 2988
f 2906 2988 2905
f 2773 2800 2713
f 2760 2753 2690
f 2760 2690 2687
f 2761 2709 2707
f 2761 2707 2754
f 2741 2703 2545
f 2741 2545 2547
f 2741 2547 2702
f 2697 2702 2740
f 2697 2740 2745
f 2745 2747 2696
f 2745 2696 2697
f 2693 2694 2743
f 2693 2743 2750
f 2759 2764 2679
f 2759 2679 2687
f 2733 2675 2770
f 2733 2770 2768
f 2777 2730 2670
f 2777 2670 2781
f 2781 2670 2728
f 2781 2728 2783
f 2792 2786 2666
f 2792 2666 2664
f 2802 2795 2660
f 2802 2660 2867
f 2802 2867 2868
f 2797 2841 2654
f 2797 2654 2655
f 2865 2806 2647
f 2865 2647 2869
f 2854 2856 2958
f 2854 2958 2956
f 2644 2808 2807
f 2644 2807 2647
f 2642 2641 2717
f 2640 2596 2546
f 2640 2546 2705
f 2576 2637 2636
f 2576 2636 2573
f 2632 2630 2631
f 2632 2631 2633
f 2614 2623 2630
f 2614 2630 2632
f 2629 2626 2627
f 2629 2627 2628
f 2605 2610 2620
f 2827 2619 2615
f 2827 2615 2828
f 2613 2614 2612
f 2613 2612 2593
f 2602 2961 2963
f 2602 2963 2603
f 2609 2587 2588
f 2609 2588 2716
f 2925 2825 2608
f 2925 2608 2923
f 2825 2901 2902
f 2825 2902 2605
f 2825 2605 2606
f 2602 2895 2888
f 2602 2888 2601
f 2824 2891 2892
f 2824 2892 2598
f 2824 2598 2594
f 2543 2594 2592
f 2543 2592 2544
f 2882 2586 2583
f 2882 2583 2880
f 2591 2577 2814
f 2591 2814 2813
f 2580 2587 2964
f 2580 2964 2965
f 2580 2965 2816
f 2816 2582 2819
f 2816 2819 2820
f 2570 2569 2572
f 2570 2572 2573
f 2976 2977 2560
f 2914 2556 2555
f 2914 2555 2913
f 2912 2919 2934
f 2912 2934 2932
f 2552 2554 2982
f 2552 2982 2980
f 2553 2554 2552
f 2553 2552 2551
f 2940 2938 2967
f 2940 2967 2969
f 2535 2543 2544
f 2535 2544 2945
f 2535 2945 2946
f 2541 2719 2534
f 2530 2531 2540
f 2537 2538 2535
f 2537 2535 2539
f 2719 2930 2927
f 2719 2927 2534
f 2939 2531 2530
f 2939 2530 2937
f 2533 2534 2927
f 2533 2927 2931
f 2537 2908 2909
f 2537 2909 2538
f 2540 2531 2539
f 2541 2540 2539
f 2542 2538 2909
f 2542 2909 2910
f 2542 2910 2546
f 2922 2936 2934
f 2922 2934 2919
f 2551 2552 2550
f 2551 2550 2549
f 2550 2552 2980
f 2550 2980 2978
f 2920 2553 2551
f 2920 2551 2968
f 2920 2968 2921
f 2915 2984 2985
f 2915 2985 2556
f 2915 2556 2914
f 2904 2567 2547
f 2904 2547 2903
f 2571 2572 2569
f 2571 2569 2568
f 2823 2822 2578
f 2823 2578 2815
f 2583 2586 2581
f 2812 2817 2581
f 2812 2581 2589
f 2957 2591 2813
f 2957 2813 2955
f 2592 2593 2548
f 2592 2548 2544
f 2594 2598 2597
f 2594 2597 2592
f 2601 2888 2885
f 2601 2885 2600
f 2605 2902 2899
f 2605 2899 2604
f 2892 2923 2608
f 2892 2608 2598
f 2832 2836 2837
f 2832 2837 2831
f 2603 2587 2609
f 2603 2609 2604
f 2612 2568 2548
f 2612 2548 2593
f 2592 2829 2613
f 2592 2613 2593
f 2620 2610 2715
f 2620 2715 2714
f 2622 2625 2624
f 2622 2624 2621
f 2628 2631 2630
f 2628 2630 2629
f 2612 2571 2568
f 2573 2636 2635
f 2573 2635 2570
f 2627 2639 2637
f 2627 2637 2576
f 2627 2576 2575
f 2627 2575 2574
f 2627 2574 2633
f 2627 2633 2631
f 2627 2631 2628
f 2881 2878 2600
f 2881 2600 2611
f 2810 2809 2717
f 2810 2717 2840
f 2848 2850 2952
f 2848 2952 2950
f 2858 2651 2803
f 2858 2803 2861
f 2654 2645 2640
f 2870 2864 2866
f 2791 2663 2660
f 2791 2660 2795
f 2724 2661 2793
f 2724 2793 2789
f 2780 2786 2665
f 2780 2665 2674
f 2764 2771 2678
f 2764 2678 2679
f 2758 2685 2681
f 2758 2681 2763
f 2687 2690 2752
f 2687 2752 2759
f 2690 2696 2747
f 2690 2747 2752
f 2739 2700 2694
f 2739 2694 2744
f 2736 2738 2700
f 2736 2700 2566
f 2749 2754 2707
f 2749 2707 2705
f 2772 2765 2679
f 2772 2679 2678
f 2678 2673 2780
f 2678 2780 2772
f 2567 2904 2905
f 2567 2905 2988
f 2567 2988 2975
f 2877 2875 2798
f 2877 2798 2659
f 2796 2792 2664
f 2796 2664 2657
f 2645 2840 2717
f 2645 2717 2641
f 2718 2935 2937
f 2718 2937 2530
f 2731 2776 2770
f 2731 2770 2675
f 2784 2788 2726
f 2784 2726 2667
f 2738 2736 2565
f 2738 2565 2699
f 2757 2755 2684
f 2757 2684 2720
f 2775 2769 2734
f 2775 2734 2676
f 2768 2770 2677
f 2768 2677 2735
f 2751 2756 2722
f 2751 2722 2688
f 2737 2739 2701
f 2737 2701 2567
f 2759 2752 2688
f 2759 2688 2722
f 2759 2722 2686
f 2785 2779 2672
f 2785 2672 2729
f 2785 2729 2667
f 2753 2760 2708
f 2753 2708 2706
f 2761 2754 2706
f 2761 2706 2708
f 2789 2793 2662
f 2789 2662 2725
f 2777 2781 2671
f 2777 2671 2731
f 2790 2788 2725
f 2790 2725 2662
f 2786 2780 2673
f 2786 2673 2666
f 2792 2796 2656
f 2792 2656 2665
f 2809 2810 2646
f 2809 2646 2643
f 2955 2813 2590
f 2955 2590 2953
f 2861 2803 2648
f 2861 2648 2863
f 2864 2870 2872
f 2864 2872 2862
f 2850 2852 2954
f 2850 2954 2952
f 2947 2811 2586
f 2947 2586 2882
f 2802 2807 2646
f 2802 2646 2652
f 2820 2819 2581
f 2820 2581 2817
f 2966 2962 2585
f 2824 2599 2889
f 2824 2889 2891
f 2924 2893 2833
f 2924 2833 2832
f 2887 2894 2837
f 2887 2837 2836
f 2645 2654 2841
f 2645 2841 2842
f 2866 2869 2868
f 2866 2868 2867
f 2866 2864 2865
f 2866 2865 2869
f 2875 2877 2876
f 2875 2876 2874
f 2903 2906 2905
f 2903 2905 2904
f 2963 2966 2965
f 2963 2965 2964
f 2986 2988 2987
f 2886 2890 2889
f 2886 2889 2885
f 2898 2896 2897
f 2898 2897 2899
f 2913 2920 2919
f 2913 2919 2912
f 2926 2900 2901
f 2926 2901 2925
f 2934 2936 2935
f 2934 2935 2933
f 2942 2907 2908
f 2942 2908 2941
f 2950 2952 2951
f 2950 2951 2949
f 2961 2960 2959
f 2961 2959 2962
f 2968 2970 2969
f 2968 2969 2967
f 2981 2979 2980
f 2981 2980 2982
f 2742 2749 2705
f 3347 3343 2993
f 3347 2993 2992
f 2997 3325 3324
f 2997 3324 2996
f 2998 2990 2999
f 2998 2999 3000
f 3005 3326 3325
f 3005 3325 2997
f 3005 2997 3001
f 3344 3348 3328
f 3344 3328 3334
f 3009 3008 3400
f 3009 3400 3388
f 3392 3009 3388
f 3384 3008 3010
f 3384 3010 3382
f 3344 3334 3333
f 3344 3333 3150
f 3344 3150 3345
f 3160 3021 3019
f 3160 3019 3390
f 3160 3390 3389
f 3160 3389 3022
f 3025 3024 3017
f 3025 3017 3016
f 3027 3028 3031
f 3027 3031 3030
f 3037 3038 3035
f 3039 3034 3041
f 3039 3041 3234
f 3365 3041 3235
f 3365 3235 3367
f 3038 3037 3373
f 3038 3373 3376
f 3001 3046 3047
f 3001 3047 3005
f 3050 3305 3301
f 3050 3301 3051
f 3054 3313 3315
f 3054 3315 3055
f 3058 3059 3049
f 3058 3049 3048
f 3257 3256 3255
f 3257 3255 3254
f 3257 3254 3258
f 3056 3061 3060
f 3056 3060 3055
f 3062 3047 3046
f 3062 3046 3050
f 3062 3050 3051
f 3064 3066 3250
f 3064 3250 3251
f 2714 3071 3248
f 2714 3248 3072
f 2714 3072 2622
f 3070 3073 3074
f 3070 3074 3072
f 3074 3073 3077
f 3074 3077 3076
f 3026 3079 3065
f 3026 3065 3063
f 3016 3020 3081
f 3016 3081 3025
f 3082 2638 2639
f 3082 2639 3083
f 3086 3062 3297
f 3086 3297 3300
f 3088 3231 3269
f 3088 3269 3271
f 3228 3088 3271
f 3228 3271 3273
f 3227 2650 2651
f 3227 2651 3226
f 3095 3262 3233
f 3095 3233 3224
f 3292 3278 2859
f 3292 2859 2876
f 3103 3101 3217
f 3103 3217 3213
f 3152 3103 3213
f 3152 3213 3211
f 3111 3106 3208
f 3111 3208 3202
f 3115 3111 3202
f 3115 3202 3194
f 3119 3118 3190
f 3119 3190 3185
f 3178 3123 3148
f 3178 3148 3180
f 3169 3174 3123
f 3169 3123 3125
f 3131 3126 3166
f 3131 3166 3161
f 3160 3162 3131
f 3160 3131 3021
f 3124 3128 3171
f 3124 3171 3176
f 3189 3142 3144
f 3189 3144 3196
f 3223 3144 3197
f 3223 3197 3097
f 3223 3097 3222
f 3084 3096 3097
f 3084 3097 3197
f 3084 3197 3144
f 3084 3144 3142
f 3084 3142 3140
f 3084 3140 3138
f 3084 3138 3136
f 3385 3358 3323
f 3385 3323 3322
f 3385 3322 3386
f 3004 3327 3326
f 3004 3326 3005
f 3001 2997 2994
f 3001 2994 3002
f 3354 3381 3338
f 3354 3338 3352
f 3119 3185 3180
f 3119 3180 3148
f 2676 3198 3200
f 2676 3200 2730
f 2669 3210 3212
f 2669 3212 2724
f 2692 2699 3161
f 2692 3161 3166
f 2683 2720 3180
f 2683 3180 3185
f 3110 3154 3205
f 3110 3205 3201
f 3117 3158 3191
f 3117 3191 3186
f 3127 3122 3174
f 3127 3174 3169
f 3130 3132 3163
f 3130 3163 3168
f 3117 3120 3182
f 3117 3182 3187
f 3143 3112 3203
f 3143 3203 3195
f 3135 3137 3176
f 3135 3176 3171
f 3141 3139 3184
f 3141 3184 3189
f 3108 3151 3212
f 3108 3212 3210
f 3113 3155 3200
f 3113 3200 3198
f 3100 3102 3213
f 3100 3213 3217
f 3112 3143 3196
f 3112 3196 3223
f 3105 3215 3209
f 3087 3232 3267
f 3087 3267 3266
f 3370 3372 3276
f 3370 3276 3274
f 3290 3280 3278
f 3290 3278 3292
f 3092 3281 3283
f 3092 3283 3229
f 3042 3369 3367
f 3042 3367 3235
f 3299 3364 3268
f 3299 3268 3265
f 3099 3094 3225
f 3099 3225 3218
f 3032 3240 3243
f 3032 3243 3244
f 3035 3038 3380
f 3035 3380 3379
f 3035 3379 3239
f 3341 3247 3317
f 3255 3256 3306
f 3255 3306 3309
f 3259 3260 3312
f 3259 3312 3310
f 3095 3098 3220
f 3095 3220 3263
f 3279 2858 2859
f 3279 2859 3278
f 3284 3288 3289
f 3284 3289 3285
f 3299 3300 3298
f 3324 3325 3326
f 3324 3326 3327
f 3324 3327 3323
f 3386 3387 3385
f 3297 3294 3295
f 3297 3295 3296
f 3305 3307 3309
f 3305 3309 3306
f 3318 3315 3314
f 3318 3314 3316
f 3335 3338 3337
f 3335 3337 3336
f 3346 3343 3344
f 3346 3344 3345
f 3354 3352 3351
f 3354 3351 3353
f 3362 3346 3345
f 3362 3345 3359
f 3370 3368 3367
f 3370 3367 3369
f 3373 3295 3294
f 3373 3294 3374
f 3387 3384 3383
f 3387 3383 3385
f 3399 3396 3395
f 3399 3395 3397
f 3052 3374 3294
f 3052 3294 3051
f 3266 3267 3145
f 3266 3145 3265
f 3275 3273 3272
f 3275 3272 3274
f 2850 2848 2849
f 2850 2849 2851
f 2854 2852 2853
f 2854 2853 2855
f 2846 2843 2844
f 2846 2844 2847
f 3273 3271 3269
f 3273 3269 3268
f 3273 3268 3270
f 3273 3270 3272
f 3275 3274 3276
f 3275 3276 3277
f 3005 3136 3165
f 3005 3165 3004
f 3394 3392 3391
f 3394 3391 3393
f 3382 3337 3338
f 3382 3338 3381
f 3371 2957 2958
f 3371 2958 3372
f 3363 3365 3366
f 3363 3366 3364
f 3355 3357 3358
f 3355 3358 3356
f 3347 3349 3350
f 3347 3350 3348
f 3339 3341 3342
f 3339 3342 3340
f 3334 3328 3329
f 3334 3329 3330
f 3313 3311 3310
f 3313 3310 3312
f 3304 3301 3302
f 3304 3302 3303
f 3398 3399 3397
f 3360 3361 3362
f 3360 3362 3359
f 3317 3318 3316
f 3290 3292 3293
f 3290 3293 3291
f 3280 3282 3283
f 3280 3283 3281
f 3262 3264 3089
f 3261 3252 3316
f 3261 3316 3314
f 3257 3258 3303
f 3257 3303 3302
f 3253 3254 3340
f 3253 3340 3342
f 3377 3054 3040
f 3377 3040 3378
f 2577 3237 3245
f 2577 3245 2822
f 3034 3036 3241
f 3034 3241 3242
f 3090 3087 3231
f 3090 3231 3230
f 3033 3244 3243
f 3033 3243 3239
f 3093 3228 3273
f 3093 3273 3275
f 3291 3100 3217
f 3291 3217 3289
f 3092 3093 3227
f 3092 3227 3226
f 3042 3032 3237
f 3042 3237 3236
f 3090 3094 3224
f 3090 3224 3233
f 3098 3105 3222
f 3098 3222 3220
f 3106 3104 3214
f 3106 3214 3208
f 3151 3108 3207
f 3151 3207 3211
f 3109 3153 3206
f 3109 3206 3204
f 3102 3100 3221
f 3102 3221 3216
f 3137 3135 3172
f 3137 3172 3177
f 3139 3141 3188
f 3139 3188 3183
f 3110 3156 3114
f 3110 3114 3194
f 3110 3194 3202
f 3122 3127 3170
f 3122 3170 3175
f 3132 3130 3167
f 3132 3167 3162
f 3149 3120 3181
f 3149 3181 3179
f 3114 3156 3199
f 3114 3199 3193
f 2734 2682 3190
f 2734 3190 3192
f 2684 2691 3173
f 2684 3173 3178
f 3118 3157 3192
f 3118 3192 3190
f 3107 3207 3205
f 3107 3205 3154
f 3359 3345 3150
f 3362 2994 3147
f 3362 3147 3346
f 3086 3300 3299
f 3086 3299 3265
f 3086 3265 3145
f 3165 3172 3135
f 3165 3135 3134
f 3101 3285 3289
f 3101 3289 3217
f 3321 3402 3401
f 3321 3401 3387
f 3321 3387 3386
f 3321 3386 3322
f 3144 3223 3196
f 3121 3124 3176
f 3121 3176 3183
f 3177 3138 3140
f 3177 3140 3184
f 3133 3006 3004
f 3133 3004 3134
f 3133 3134 3164
f 3168 3163 3133
f 3168 3133 3129
f 3129 3128 3170
f 3129 3170 3168
f 3173 3166 3126
f 3173 3126 3125
f 3121 3116 3187
f 3121 3187 3182
f 3191 3193 3113
f 3191 3113 3157
f 3204 2670 2730
f 3204 2730 3200
f 3206 2728 2670
f 3206 2670 3204
f 3104 3106 3209
f 3104 3209 3215
f 3286 3285 3101
f 3286 3101 3218
f 3286 3218 3225
f 3097 3096 3263
f 3097 3263 3220
f 3287 3091 3229
f 3287 3229 3283
f 3372 2958 2856
f 3372 2856 3276
f 3091 3230 3231
f 3091 3231 3088
f 3145 3085 3086
f 3136 3005 3047
f 3136 3047 3084
f 3028 3082 3083
f 3028 3083 3031
f 3080 3078 3077
f 3080 3077 3079
f 3079 3077 3073
f 3079 3073 3065
f 3075 2627 2626
f 3075 2626 3076
f 3071 3061 3056
f 3250 3066 3070
f 3250 3070 3249
f 3044 3063 3065
f 3044 3065 3064
f 3054 3377 3375
f 3054 3375 3053
f 2716 2588 3040
f 2716 3040 3060
f 3339 3059 3247
f 3339 3247 3341
f 3057 3056 3318
f 3057 3318 3317
f 3057 3317 3247
f 3052 3304 3311
f 3052 3311 3053
f 3045 3049 3308
f 3045 3308 3307
f 3045 3307 3246
f 3003 3043 3045
f 3003 3045 3002
f 3296 3036 3039
f 3296 3039 3298
f 3236 3237 2577
f 3236 2577 2591
f 3239 3379 3378
f 3239 3378 3040
f 3239 3040 3033
f 3243 3242 3035
f 3243 3035 3239
f 3028 3027 3024
f 3028 3024 3025
f 3019 3391 3390
f 3329 3014 3015
f 3329 3015 3330
f 3348 3350 3335
f 3348 3335 3328
f 3394 3396 3013
f 3394 3013 3011
f 3010 3011 3013
f 3010 3013 3012
f 3383 3381 3354
f 3383 3354 3356
f 3004 3006 3319
f 3004 3319 3327
f 2994 2998 3000
f 2999 2989 3146
f 2999 3146 2991
f 2998 2996 2995
f 3355 2990 2995
f 3355 2995 3357
f 3351 3349 2991
f 3351 2991 3146
f 2975 2988 2986
f 2975 2986 2974
f 2977 2976 2974
f 2977 2974 2978
f 2962 2966 2963
f 2962 2963 2961
f 2954 2956 2955
f 2954 2955 2953
f 2883 2948 2947
f 2883 2947 2882
f 2938 2940 2939
f 2938 2939 2937
f 2928 2932 2931
f 2928 2931 2927
f 2893 2924 2923
f 2893 2923 2892
f 2907 2906 2903
f 2907 2903 2911
f 2894 2887 2888
f 2894 2888 2895
f 2881 2884 2882
f 2881 2882 2880
f 2974 2976 2975
f 2914 2918 2917
f 2914 2917 2916
f 2914 2916 2915
f 2891 2893 2892
f 2872 2870 2871
f 2872 2871 2873
f 2862 2860 2861
f 2862 2861 2863
f 2840 2842 2841
f 2840 2841 2653
f 2896 2898 2839
f 2896 2839 2838
f 2890 2886 2835
f 2890 2835 2834
f 2900 2926 2831
f 2900 2831 2830
f 2587 2815 2578
f 2587 2578 2588
f 2823 2821 2579
f 2823 2579 2814
f 2818 2879 2880
f 2818 2880 2583
f 2847 2844 2643
f 2847 2643 2808
f 2817 2812 2590
f 2817 2590 2579
f 2805 2806 2648
f 2805 2648 2649
f 2798 2875 2873
f 2798 2873 2658
f 2855 2853 2649
f 2855 2649 2804
f 2821 2823 2815
f 2821 2815 2580
f 2801 2796 2657
f 2801 2657 2652
f 2799 2800 2674
f 2799 2674 2665
f 2791 2795 2657
f 2791 2657 2664
f 2784 2782 2727
f 2784 2727 2668
f 2783 2787 2668
f 2783 2668 2727
f 2773 2766 2710
f 2773 2710 2712
f 2741 2748 2704
f 2741 2704 2703
f 2765 2772 2712
f 2765 2712 2710
f 2771 2764 2680
f 2771 2680 2735
f 2771 2735 2677
f 2747 2745 2698
f 2747 2698 2695
f 2744 2746 2695
f 2744 2695 2698
f 2758 2763 2680
f 2758 2680 2686
f 2776 2778 2672
f 2776 2672 2732
f 2767 2762 2683
f 2767 2683 2682
f 2750 2743 2692
f 2750 2692 2691
f 2733 2768 2763
f 2733 2763 2681
f 2787 2783 2728
f 2787 2728 2669
f 2758 2756 2721
f 2758 2721 2685
f 2719 2541 2535
f 2845 2717 2809
f 2742 2545 2703
f 2969 2971 2942
f 2969 2942 2940
f 2799 2797 2655
f 2679 2765 2760
f 2679 2760 2687
f 2766 2711 2709
f 2766 2709 2761
f 2748 2741 2702
f 2748 2702 2697
f 2748 2697 2696
f 2547 2567 2701
f 2547 2701 2740
f 2547 2740 2702
f 2694 2693 2746
f 2694 2746 2744
f 2750 2755 2689
f 2750 2689 2693
f 2756 2751 2689
f 2756 2689 2721
f 2769 2775 2675
f 2769 2675 2733
f 2776 2731 2671
f 2776 2671 2778
f 2778 2671 2727
f 2778 2727 2782
f 2726 2663 2791
f 2726 2791 2785
f 2726 2785 2667
f 2793 2661 2659
f 2793 2659 2798
f 2796 2801 2653
f 2796 2653 2656
f 2802 2868 2869
f 2802 2869 2647
f 2802 2647 2807
f 2857 2855 2804
f 2857 2804 2650
f 2806 2805 2644
f 2806 2644 2647
f 2846 2848 2950
f 2846 2950 2948
f 2642 2611 2596
f 2642 2596 2640
f 2642 2640 2645
f 2642 2645 2641
f 2636 2638 2634
f 2636 2634 2635
f 2635 2634 2562
f 2635 2562 2561
f 2571 2632 2633
f 2571 2633 2574
f 2624 2625 2626
f 2624 2626 2629
f 2623 2614 2615
f 2623 2615 2619
f 2827 2826 2621
f 2827 2621 2619
f 2613 2615 2614
f 2601 2960 2961
f 2601 2961 2602
f 2715 2610 2609
f 2715 2609 2716
f 2837 2838 2839
f 2837 2839 2830
f 2837 2830 2831
f 2607 2608 2825
f 2607 2825 2606
f 2603 2897 2895
f 2603 2895 2602
f 2599 2824 2594
f 2599 2594 2595
f 2542 2595 2594
f 2542 2594 2543
f 2879 2818 2584
f 2879 2584 2959
f 2949 2589 2811
f 2949 2811 2947
f 2815 2587 2580
f 2582 2584 2818
f 2582 2818 2819
f 2574 2575 2572
f 2574 2572 2571
f 2568 2569 2558
f 2568 2558 2548
f 2566 2560 2564
f 2566 2564 2565
f 2566 2565 2736
f 2913 2555 2553
f 2913 2553 2920
f 2982 2554 2556
f 2982 2556 2985
f 2555 2556 2554
f 2555 2554 2553
f 2987 2973 2970
f 2987 2970 2549
f 2987 2549 2986
f 2911 2903 2547
f 2911 2547 2545
f 2541 2539 2535
f 2532 2718 2530
f 2532 2530 2540
f 2536 2537 2539
f 2941 2536 2531
f 2941 2531 2939
f 2718 2532 2933
f 2718 2933 2935
f 2532 2533 2931
f 2532 2931 2933
f 2908 2537 2536
f 2908 2536 2941
f 2531 2536 2539
f 2533 2532 2540
f 2540 2541 2534
f 2540 2534 2533
f 2918 2912 2932
f 2918 2932 2928
f 2974 2986 2549
f 2974 2549 2550
f 2974 2550 2978
f 2968 2551 2549
f 2968 2549 2970
f 2929 2723 2917
f 2929 2917 2918
f 2929 2918 2928
f 2567 2975 2976
f 2567 2976 2560
f 2567 2560 2566
f 2567 2566 2737
f 2557 2558 2569
f 2557 2569 2570
f 2575 2576 2573
f 2575 2573 2572
f 2582 2585 2584
f 2811 2589 2581
f 2811 2581 2586
f 2951 2812 2589
f 2951 2589 2949
f 2962 2959 2584
f 2962 2584 2585
f 2546 2596 2595
f 2546 2595 2542
f 2600 2885 2889
f 2600 2889 2599
f 2604 2899 2897
f 2604 2897 2603
f 2597 2598 2608
f 2597 2608 2607
f 2836 2832 2833
f 2836 2833 2834
f 2836 2834 2835
f 2604 2609 2610
f 2604 2610 2605
f 2600 2599 2595
f 2600 2595 2596
f 2600 2596 2611
f 2829 2828 2615
f 2829 2615 2613
f 2622 2621 2826
f 2622 2826 2620
f 2622 2620 2714
f 2621 2624 2623
f 2621 2623 2619
f 2629 2630 2623
f 2629 2623 2624
f 2612 2614 2632
f 2612 2632 2571
f 2570 2635 2561
f 2570 2561 2557
f 2637 2639 2638
f 2637 2638 2636
f 2884 2881 2611
f 2884 2611 2642
f 2849 2847 2808
f 2849 2808 2644
f 2851 2849 2644
f 2851 2644 2805
f 2803 2651 2650
f 2803 2650 2804
f 2801 2810 2840
f 2801 2840 2653
f 2876 2859 2860
f 2876 2860 2874
f 2790 2794 2660
f 2790 2660 2663
f 2788 2790 2663
f 2788 2663 2726
f 2779 2785 2666
f 2779 2666 2673
f 2771 2779 2673
f 2771 2673 2678
f 2762 2767 2681
f 2762 2681 2685
f 2757 2721 2689
f 2757 2689 2755
f 2693 2689 2751
f 2693 2751 2746
f 2738 2743 2694
f 2738 2694 2700
f 2566 2700 2739
f 2566 2739 2737
f 2753 2748 2696
f 2753 2696 2690
f 2773 2713 2711
f 2773 2711 2766
f 2799 2655 2774
f 2799 2774 2713
f 2799 2713 2800
f 2705 2707 2709
f 2705 2709 2711
f 2705 2711 2713
f 2705 2713 2774
f 2705 2774 2655
f 2705 2655 2654
f 2705 2654 2640
f 2972 2906 2907
f 2972 2907 2942
f 2972 2942 2971
f 2546 2910 2911
f 2546 2911 2545
f 2543 2535 2538
f 2543 2538 2542
f 2936 2922 2967
f 2936 2967 2938
f 2721 2757 2762
f 2721 2762 2685
f 2730 2777 2775
f 2730 2775 2676
f 2724 2789 2787
f 2724 2787 2669
f 2743 2738 2699
f 2743 2699 2692
f 2762 2757 2720
f 2762 2720 2683
f 2778 2782 2729
f 2778 2729 2672
f 2763 2768 2735
f 2763 2735 2680
f 2746 2751 2688
f 2746 2688 2695
f 2745 2740 2701
f 2745 2701 2698
f 2764 2759 2686
f 2764 2686 2680
f 2772 2780 2674
f 2772 2674 2712
f 2748 2753 2706
f 2748 2706 2704
f 2766 2761 2708
f 2766 2708 2710
f 2787 2789 2725
f 2787 2725 2668
f 2775 2777 2731
f 2775 2731 2675
f 2794 2790 2662
f 2794 2662 2658
f 2800 2773 2712
f 2800 2712 2674
f 2786 2792 2665
f 2844 2845 2809
f 2844 2809 2643
f 2852 2854 2956
f 2852 2956 2954
f 2874 2860 2862
f 2874 2862 2872
f 2806 2865 2863
f 2806 2863 2648
f 2812 2951 2953
f 2812 2953 2590
f 2843 2846 2948
f 2843 2948 2883
f 2795 2802 2652
f 2795 2652 2657
f 2821 2820 2817
f 2821 2817 2579
f 2816 2965 2966
f 2816 2966 2585
f 2816 2585 2582
f 2901 2825 2925
f 2893 2890 2834
f 2893 2834 2833
f 2894 2896 2838
f 2894 2838 2837
f 2841 2797 2656
f 2841 2656 2653
f 2860 2859 2858
f 2860 2858 2861
f 2867 2871 2870
f 2867 2870 2866
f 2882 2884 2883
f 2907 2911 2910
f 2907 2910 2909
f 2907 2909 2908
f 2971 2973 2972
f 2880 2879 2878
f 2880 2878 2881
f 2890 2893 2891
f 2890 2891 2889
f 2900 2898 2899
f 2900 2899 2902
f 2920 2921 2922
f 2920 2922 2919
f 2929 2928 2927
f 2929 2927 2930
f 2937 2935 2936
f 2937 2936 2938
f 2943 2929 2930
f 2943 2930 2946
f 2953 2951 2952
f 2953 2952 2954
f 2960 2878 2879
f 2960 2879 2959
f 2971 2969 2970
f 2971 2970 2973
f 2983 2981 2982
f 2983 2982 2985
f 2600 2878 2960
f 2600 2960 2601
f 3349 3347 2992
f 3349 2992 2991
f 3357 2995 2996
f 3357 2996 3324
f 2998 2995 2990
f 2999 2991 2992
f 2992 2993 3000
f 2992 3000 2999
f 3335 3350 3352
f 3335 3352 3338
f 3008 3009 3011
f 3008 3011 3010
f 3392 3394 3011
f 3392 3011 3009
f 3337 3382 3010
f 3337 3010 3012
f 3337 3012 3336
f 3330 3015 3399
f 3330 3399 3398
f 3330 3398 3331
f 3319 3006 3022
f 3319 3022 3320
f 3023 3024 3027
f 3023 3027 3026
f 3238 2578 2822
f 3238 2822 3245
f 3034 3039 3036
f 3041 3034 3240
f 3041 3240 3235
f 3371 3236 2591
f 3371 2591 2957
f 3003 3007 3044
f 3003 3044 3043
f 3043 3048 3049
f 3043 3049 3045
f 3051 3301 3304
f 3051 3304 3052
f 3055 3315 3318
f 3055 3318 3056
f 3049 3059 3339
f 3049 3339 3308
f 3253 3259 3258
f 3253 3258 3254
f 3055 3060 3040
f 3055 3040 3054
f 3044 3007 3023
f 3044 3023 3063
f 3044 3064 3251
f 3044 3251 3043
f 2714 2715 3061
f 2714 3061 3071
f 3072 3074 2625
f 3072 2625 2622
f 3076 3077 3078
f 3076 3078 3075
f 3023 3026 3063
f 3025 3081 3082
f 3025 3082 3028
f 3075 3078 3080
f 3075 3080 3029
f 3075 3029 3030
f 3075 3030 3031
f 3075 3031 3083
f 3075 3083 2639
f 3075 2639 2627
f 3062 3051 3294
f 3062 3294 3297
f 3262 3145 3232
f 3262 3232 3233
f 3366 3368 3272
f 3366 3272 3270
f 3279 3226 2651
f 3279 2651 2858
f 3084 3089 3096
f 3284 3282 3288
f 3218 3101 3103
f 3218 3103 3214
f 3212 3216 2661
f 3212 2661 2724
f 3112 3105 3209
f 3112 3209 3203
f 3116 3115 3194
f 3116 3194 3187
f 3186 3118 3119
f 3186 3119 3181
f 3182 3175 3124
f 3182 3124 3121
f 3175 3170 3128
f 3175 3128 3124
f 3167 3126 3131
f 3167 3131 3162
f 3021 3131 3161
f 3021 3161 3159
f 3136 3138 3177
f 3136 3177 3172
f 3115 3116 3188
f 3115 3188 3195
f 3195 3203 3111
f 3195 3111 3115
f 3389 3402 3321
f 3389 3321 3320
f 3389 3320 3022
f 2659 3221 3293
f 2659 3293 2877
f 3099 3104 3215
f 3099 3215 3219
f 3085 3145 3262
f 3085 3262 3089
f 2989 3353 3351
f 2989 3351 3146
f 3113 3193 3199
f 3113 3199 3155
f 3107 3152 3211
f 3107 3211 3207
f 2699 2565 3159
f 2699 3159 3161
f 2720 2684 3178
f 2720 3178 3180
f 2676 2734 3192
f 2676 3192 3198
f 3158 3114 3193
f 3158 3193 3191
f 3122 3149 3179
f 3122 3179 3174
f 3022 3132 3162
f 3022 3162 3160
f 3120 3149 3122
f 3120 3122 3175
f 3120 3175 3182
f 3107 3154 3110
f 3107 3110 3202
f 3107 3202 3208
f 3137 3139 3183
f 3137 3183 3176
f 3139 3137 3177
f 3139 3177 3184
f 3151 3102 3216
f 3151 3216 3212
f 3155 3109 3204
f 3155 3204 3200
f 3102 3151 3211
f 3102 3211 3213
f 3106 3111 3203
f 3106 3203 3209
f 3105 3098 3219
f 3105 3219 3215
f 3087 3090 3233
f 3087 3233 3232
f 3369 3042 3236
f 3369 3236 3371
f 3281 3092 3226
f 3281 3226 3279
f 3280 3290 3288
f 3280 3288 3282
f 3368 3370 3274
f 3368 3274 3272
f 3298 3039 3234
f 3298 3234 3363
f 3094 3090 3230
f 3094 3230 3225
f 3240 3034 3242
f 3240 3242 3243
f 3038 3376 3380
f 3307 3305 3050
f 3307 3050 3246
f 3254 3255 3309
f 3254 3309 3340
f 3258 3259 3310
f 3258 3310 3303
f 3264 3263 3096
f 3264 3096 3089
f 3285 3286 3287
f 3285 3287 3284
f 3287 3283 3282
f 3287 3282 3284
f 3292 2876 2877
f 3292 2877 3293
f 3320 3321 3322
f 3320 3322 3319
f 3378 3379 3380
f 3378 3380 3377
f 3401 3402 3400
f 3301 3305 3306
f 3301 3306 3302
f 3315 3313 3312
f 3315 3312 3314
f 3328 3335 3336
f 3328 3336 3329
f 3341 3317 3316
f 3341 3316 3342
f 3349 3351 3352
f 3349 3352 3350
f 3357 3324 3323
f 3357 3323 3358
f 3365 3367 3368
f 3365 3368 3366
f 3376 3373 3374
f 3376 3374 3375
f 3381 3383 3384
f 3381 3384 3382
f 3396 3394 3393
f 3396 3393 3395
f 3136 3172 3165
f 3269 3266 3265
f 3269 3265 3268
f 2843 2717 2845
f 2843 2845 2844
f 2852 2850 2851
f 2852 2851 2853
f 3360 3359 3150
f 3360 3150 3007
f 3067 3043 3251
f 3058 3068 3069
f 3058 3069 3057
f 2563 2562 3020
f 2563 3020 3018
f 3332 3331 3398
f 3332 3398 3397
f 3332 3397 3016
f 3332 3016 3017
f 2826 2827 2618
f 2826 2618 2620
f 2605 2620 2618
f 2605 2618 2606
f 2560 2559 2563
f 2560 2563 2564
f 2977 2979 2559
f 2977 2559 2560
f 2558 2557 2983
f 2558 2983 2984
f 2558 2984 2915
f 2558 2915 2916
f 2559 2561 2562
f 2559 2562 2563
f 2606 2618 2617
f 2606 2617 2607
f 2829 2592 2616
f 2548 2723 2943
f 2548 2943 2944
f 3395 3020 3016
f 3395 3016 3397
f 3067 3048 3043
f 3068 3067 3251
f 3068 3251 3250
f 3071 3069 3249
f 3071 3249 3248
f 3057 3069 3071
f 3057 3071 3056
f 2564 2563 3018
f 2564 3018 3019
f 3019 3018 3393
f 3019 3393 3391
f 2827 2828 2617
f 2827 2617 2618
f 2558 2916 2917
f 2558 2917 2723
f 2558 2723 2548
f 2597 2607 2617
f 2597 2617 2616
f 2981 2561 2559
f 2981 2559 2979
f 2544 2548 2944
f 2544 2944 2945
f 2983 2557 2561
f 2983 2561 2981
f 2592 2597 2616
f 2828 2829 2616
f 2828 2616 2617
f 3361 3360 3007
f 3361 3007 3003
f 3393 3018 3020
f 3393 3020 3395
f 3067 3068 3058
f 3067 3058 3048
f 3007 3150 3333
f 3007 3333 3332
f 3007 3332 3017
f 3069 3068 3250
f 3069 3250 3249
f 3473 3472 3413
f 3473 3413 3414
f 3469 3468 3409
f 3469 3409 3410
f 3465 3476 3405
f 3465 3405 3406
f 3466 3465 3406
f 3466 3406 3407
f 3470 3469 3410
f 3470 3410 3411
f 3474 3473 3414
f 3474 3414 3415
f 3472 3471 3412
f 3472 3412 3413
f 3468 3467 3408
f 3468 3408 3409
f 3476 3475 3404
f 3476 3404 3405
f 3467 3466 3407
f 3467 3407 3408
f 3471 3470 3411
f 3471 3411 3412
f 3404 3475 3474
f 3404 3474 3415
f 3464 3463 3462
f 3464 3459 3458
f 3464 3455 3454
f 3463 3451 3450
f 3463 3450 3462
f 3459 3447 3446
f 3459 3446 3458
f 3455 3443 3442
f 3455 3442 3454
f 3451 3439 3438
f 3451 3438 3450
f 3447 3435 3434
f 3447 3434 3446
f 3443 3431 3430
f 3443 3430 3442
f 3439 3427 3426
f 3439 3426 3438
f 3435 3423 3422
f 3435 3422 3434
f 3431 3419 3418
f 3431 3418 3430
f 3427 3415 3414
f 3427 3414 3426
f 3423 3411 3410
f 3423 3410 3422
f 3419 3407 3406
f 3419 3406 3418
f 3418 3406 3405
f 3418 3405 3417
f 3422 3410 3409
f 3422 3409 3421
f 3426 3414 3413
f 3426 3413 3425
f 3430 3418 3417
f 3430 3417 3429
f 3434 3422 3421
f 3434 3421 3433
f 3438 3426 3425
f 3438 3425 3437
f 3442 3430 3429
f 3442 3429 3441
f 3446 3434 3433
f 3446 3433 3445
f 3450 3438 3437
f 3450 3437 3449
f 3454 3442 3441
f 3454 3441 3453
f 3458 3446 3445
f 3458 3445 3457
f 3462 3450 3449
f 3462 3449 3461
f 3464 3454 3453
f 3464 3458 3457
f 3464 3462 3461
f 3464 3452 3463
f 3464 3460 3459
f 3464 3456 3455
f 3452 3440 3451
f 3452 3451 3463
f 3460 3448 3447
f 3460 3447 3459
f 3456 3444 3443
f 3456 3443 3455
f 3440 3428 3439
f 3440 3439 3451
f 3448 3436 3435
f 3448 3435 3447
f 3444 3432 3431
f 3444 3431 3443
f 3428 3416 3427
f 3428 3427 3439
f 3436 3424 3423
f 3436 3423 3435
f 3432 3420 3419
f 3432 3419 3431
f 3416 3404 3415
f 3416 3415 3427
f 3424 3412 3411
f 3424 3411 3423
f 3420 3408 3407
f 3420 3407 3419
f 3417 3405 3404
f 3417 3404 3416
f 3421 3409 3408
f 3421 3408 3420
f 3425 3413 3412
f 3425 3412 3424
f 3429 3417 3416
f 3429 3416 3428
f 3433 3421 3420
f 3433 3420 3432
f 3437 3425 3424
f 3437 3424 3436
f 3441 3429 3428
f 3441 3428 3440
f 3445 3433 3432
f 3445 3432 3444
f 3449 3437 3436
f 3449 3436 3448
f 3453 3441 3440
f 3453 3440 3452
f 3457 3445 3444
f 3457 3444 3456
f 3461 3449 3448
f 3461 3448 3460
f 3464 3453 3452
f 3464 3457 3456
f 3464 3461 3460
f 3469 3470 3403
f 3473 3474 3403
f 3465 3466 3403
f 3476 3465 3403
f 3472 3473 3403
f 3468 3469 3403
f 3470 3471 3403
f 3474 3475 3403
f 3466 3467 3403
f 3475 3476 3403
f 3471 3472 3403
f 3467 3468 3403
f 3489 3488 3547
f 3489 3547 3548
f 3485 3484 3543
f 3485 3543 3544
f 3481 3480 3539
f 3481 3539 3540
f 3480 3479 3550
f 3480 3550 3539
f 3484 3483 3542
f 3484 3542 3543
f 3488 3487 3546
f 3488 3546 3547
f 3489 3548 3549
f 3489 3549 3478
f 3486 3485 3544
f 3486 3544 3545
f 3482 3481 3540
f 3482 3540 3541
f 3479 3478 3549
f 3479 3549 3550
f 3483 3482 3541
f 3483 3541 3542
f 3487 3486 3545
f 3487 3545 3546
f 3535 3536 3538
f 3531 3532 3538
f 3527 3528 3538
f 3535 3523 3524
f 3535 3524 3536
f 3531 3519 3520
f 3531 3520 3532
f 3527 3515 3516
f 3527 3516 3528
f 3523 3511 3512
f 3523 3512 3524
f 3519 3507 3508
f 3519 3508 3520
f 3515 3503 3504
f 3515 3504 3516
f 3511 3499 3500
f 3511 3500 3512
f 3507 3495 3496
f 3507 3496 3508
f 3503 3491 3492
f 3503 3492 3504
f 3499 3487 3488
f 3499 3488 3500
f 3495 3483 3484
f 3495 3484 3496
f 3491 3479 3480
f 3491 3480 3492
f 3492 3480 3481
f 3492 3481 3493
f 3496 3484 3485
f 3496 3485 3497
f 3500 3488 3489
f 3500 3489 3501
f 3504 3492 3493
f 3504 3493 3505
f 3508 3496 3497
f 3508 3497 3509
f 3512 3500 3501
f 3512 3501 3513
f 3516 3504 3505
f 3516 3505 3517
f 3520 3508 3509
f 3520 3509 3521
f 3524 3512 3513
f 3524 3513 3525
f 3528 3516 3517
f 3528 3517 3529
f 3532 3520 3521
f 3532 3521 3533
f 3536 3524 3525
f 3536 3525 3537
f 3528 3529 3538
f 3532 3533 3538
f 3536 3537 3538
f 3534 3535 3538
f 3530 3531 3538
f 3526 3527 3538
f 3534 3522 3523
f 3534 3523 3535
f 3530 3518 3519
f 3530 3519 3531
f 3526 3514 3515
f 3526 3515 3527
f 3522 3510 3511
f 3522 3511 3523
f 3518 3506 3507
f 3518 3507 3519
f 3514 3502 3503
f 3514 3503 3515
f 3510 3498 3499
f 3510 3499 3511
f 3506 3494 3495
f 3506 3495 3507
f 3502 3490 3491
f 3502 3491 3503
f 3498 3486 3487
f 3498 3487 3499
f 3494 3482 3483
f 3494 3483 3495
f 3490 3478 3479
f 3490 3479 3491
f 3493 3481 3482
f 3493 3482 3494
f 3497 3485 3486
f 3497 3486 3498
f 3501 3489 3478
f 3501 3478 3490
f 3505 3493 3494
f 3505 3494 3506
f 3509 3497 3498
f 3509 3498 3510
f 3513 3501 3490
f 3513 3490 3502
f 3517 3505 3506
f 3517 3506 3518
f 3521 3509 3510
f 3521 3510 3522
f 3525 3513 3502
f 3525 3502 3514
f 3529 3517 3518
f 3529 3518 3530
f 3533 3521 3522
f 3533 3522 3534
f 3537 3525 3514
f 3537 3514 3526
f 3529 3530 3538
f 3533 3534 3538
f 3537 3526 3538
f 3477 3543 3542
f 3477 3547 3546
f 3477 3539 3550
f 3477 3540 3539
f 3477 3548 3547
f 3477 3544 3543
f 3477 3542 3541
f 3477 3546 3545
f 3477 3550 3549
f 3477 3541 3540
f 3477 3549 3548
f 3477 3545 3544
