# Phase 3 generated mesh
o mesh
v 44.877305 325.117827 77.875167
v -217.567103 399.458092 104.356961
v -46.057130 306.548679 8.648629
v -27.148922 264.094970 130.846898
v -5.378555 486.356776 -76.201748
v 120.210388 295.389871 112.106561
v 76.552623 307.100788 114.400424
v 11.166114 434.621275 -35.249163
v -58.959201 466.035016 1.676150
v -226.263976 255.586614 17.400432
v -85.235151 465.193347 -9.041111
v -155.865321 413.214568 -41.411609
v -201.429427 448.317693 -85.289997
v -185.845335 275.101357 178.135297
v 99.811747 269.297577 133.336013
v -70.568571 458.441222 9.738705
v 72.623915 15.592270 158.688252
v -135.328502 25.500538 160.141786
v -95.207331 18.530539 154.117417
v -56.841956 311.240332 10.709369
v -112.075578 417.006069 36.452180
v -14.800234 420.833062 -10.758333
v -132.957054 417.162211 32.377553
v -120.654448 26.844548 159.700943
v -111.130718 32.817038 153.979608
v -43.393675 10.824875 180.893530
v 44.429190 31.335118 164.298154
v 72.830193 29.065854 158.204847
v -74.693804 453.813547 -34.996669
v -134.391619 40.642715 149.871835
v -81.921760 32.806783 146.160499
v -32.411921 39.293879 176.624354
v -16.978709 35.903607 183.408719
v -67.682918 454.727842 9.410368
v -168.963247 430.330985 -41.059445
v 223.071838 123.751372 84.503056
v -108.537743 43.907746 142.944767
v -93.133856 35.149744 148.023540
v -90.104495 46.398738 139.983038
v -19.073264 44.250895 178.855881
v 34.463713 39.299476 164.168287
v 57.569611 38.962962 160.874368
v 170.333800 268.878787 87.396182
v -32.398247 495.110455 -22.115544
v -2.455434 49.112531 168.615087
v 32.842173 43.925475 164.110509
v 76.368396 44.839132 169.432794
v 86.806286 50.822547 170.369744
v -62.513222 265.222078 122.452220
v -198.343629 351.555080 169.911910
v 173.063579 32.989501 102.005018
v -120.163435 50.888670 134.771215
v -102.479425 50.762825 136.097027
v -74.176248 43.750364 140.246022
v -32.401733 48.617128 170.267191
v -18.650452 49.479174 172.961412
v 11.486508 48.871767 165.445404
v 15.440954 54.159901 170.809782
v 54.182590 46.527968 169.644871
v 63.229080 56.285960 180.212895
v -19.935645 55.545971 161.161214
v -4.025932 55.659818 162.308899
v 30.152946 56.502560 175.850818
v 47.309748 60.115734 183.217656
v -157.766434 429.283808 -62.275457
v 165.005349 40.297421 106.571127
v -238.833085 307.181390 6.891761
v -82.789202 449.674305 15.948808
v -159.714801 402.566378 -12.184922
v -58.657408 57.678364 133.279274
v -20.606360 59.355738 152.182589
v 8.197850 70.775788 174.917991
v 60.922080 63.652429 183.091040
v 68.466709 66.655045 184.008317
v 83.359911 61.210702 178.481363
v -187.226010 324.233896 178.128259
v 183.635022 55.242067 111.883962
v 185.325734 49.441471 111.332422
v 128.372947 309.434332 76.193604
v -200.013060 385.290635 -24.985847
v -236.070999 289.434038 4.370673
v -90.216733 452.161912 12.818302
v -79.935455 299.464532 93.076865
v -100.157712 71.253429 130.937821
v -91.395721 59.481750 135.597736
v -71.529852 57.944633 136.684762
v -10.305409 61.323209 159.607775
v -0.370128 62.113602 167.374032
v 1.848697 70.319696 173.566138
v 21.295676 68.288281 179.101538
v 41.864701 70.907497 185.635554
v 82.498234 72.861965 181.754638
v 183.508708 239.883547 -5.767468
v -208.466823 319.038160 183.092146
v -211.064825 339.091037 175.856315
v -141.860876 392.405649 120.555766
v -163.853038 389.795112 132.860215
v -50.776499 307.906297 69.986685
v -176.188857 426.659028 -25.833348
v -95.262394 321.883797 73.260798
v -84.047316 76.594448 138.342161
v -46.296286 70.723673 127.944756
v -26.766897 64.669611 141.837868
v -16.046652 78.848362 157.345716
v 55.492986 71.137135 188.091960
v -214.823483 309.257546 179.760959
v -44.223012 485.287077 -12.579649
v 175.332307 57.441823 110.334980
v 201.473733 63.125723 113.861587
v -157.977203 399.878826 120.527380
v -92.795566 93.060929 137.499687
v -74.330915 82.733803 139.530868
v -208.748139 459.593633 -133.690222
v 40.806867 81.940796 185.911910
v 51.283934 75.793766 188.057105
v 73.727295 79.455200 184.011066
v 56.409794 301.114759 121.427531
v 168.806837 274.570697 78.022763
v 185.959282 77.553618 109.494114
v -58.934199 69.662454 132.522763
v 27.715978 89.983376 190.329855
v 54.830750 83.897207 187.563143
v -248.934729 273.978204 139.498761
v 192.960952 71.209090 112.261731
v 209.253429 80.744247 112.186257
v 124.536738 305.572150 91.790063
v 8.817892 316.267963 9.351451
v 16.131007 81.047850 181.761910
v 67.203065 88.874801 190.850494
v 14.764810 299.404877 117.535287
v 102.601617 301.330656 113.896709
v -201.765773 408.544933 87.193389
v -37.537479 93.053255 130.548523
v 53.441395 91.438217 192.058706
v -71.215122 274.683036 116.162086
v 1.908520 303.366764 104.091865
v -28.730647 419.226872 0.007155
v -170.980787 406.301911 106.292827
v 41.867483 94.203286 191.601844
v 45.595475 287.600992 133.492289
v 34.759239 297.272183 124.749535
v 198.113656 86.429991 108.352931
v 218.882425 95.417128 106.673311
v 225.257719 90.496776 106.330832
v -75.020264 99.753064 143.658112
v -59.144935 92.064861 137.495230
v 6.886382 108.162990 185.041050
v 65.236030 98.497899 194.406024
v 9.414742 289.278600 126.460926
v 122.191834 264.935534 130.796727
v -52.939825 474.816914 -3.730255
v 49.096009 221.619377 172.033913
v -131.376670 95.584396 98.576003
v -127.039528 101.050188 111.108348
v -115.647060 91.197385 110.318558
v -84.383159 121.722973 145.139563
v -45.148935 97.742662 132.261120
v 18.140939 105.342958 189.019626
v 79.613419 105.201093 191.302430
v 200.466772 215.766431 8.405620
v 192.493164 94.727076 104.977505
v 211.085570 95.850631 106.258241
v 182.161011 246.471755 93.121003
v -207.250065 437.566582 -90.171071
v -151.467786 383.081127 -9.529410
v 37.035708 107.844842 193.226936
v 57.156384 108.690031 194.553653
v -12.540053 289.846427 115.576027
v 70.769420 316.759579 100.974698
v -99.699911 115.094415 137.802888
v -2.077095 121.821873 186.243095
v 5.223553 126.012492 189.310494
v 21.844131 119.364864 190.265039
v 55.927829 120.577533 194.588943
v -65.380777 286.408733 107.768447
v -179.383441 100.735827 71.356065
v 200.493617 102.170359 98.938155
v 199.850182 175.097508 98.383667
v 113.218236 314.495443 81.820163
v -84.859627 318.185363 8.570911
v 111.031886 298.974860 110.119016
v -216.042218 403.849326 91.761543
v -51.802730 183.933665 -79.256143
v 10.140855 125.938929 188.274376
v 74.044974 116.280474 191.541518
v 82.099351 130.924633 192.854126
v 67.979282 290.621170 128.674221
v 78.603844 279.592664 134.721447
v 210.760518 111.145800 94.815201
v 231.675643 103.950822 99.751472
v -151.137305 300.488685 -24.432632
v 34.879118 241.082073 -71.584597
v -61.724404 118.136477 143.653353
v -53.250567 115.354449 139.440380
v -41.706884 121.460023 136.908802
v 39.540977 121.806825 195.636991
v 111.852073 286.851452 122.408284
v -243.258704 220.234110 63.690249
v 209.529416 121.251834 83.890823
v 239.081960 118.930389 87.136147
v -94.471297 128.249314 145.489181
v 42.083045 321.194850 91.531637
v -191.295275 293.604013 183.918131
v -191.810652 371.197411 155.763623
v 225.216564 113.889085 94.957568
v -124.859880 413.582785 -3.365891
v 143.938842 291.026353 96.487614
v 20.323938 323.721233 41.812202
v -94.770879 180.811940 -68.312361
v -72.189373 119.088072 145.211752
v -41.740867 140.287127 142.999697
v -102.252435 434.510076 25.324137
v 16.538402 133.633064 193.483854
v 34.946180 130.283645 199.258074
v 46.273664 130.290683 199.908949
v -30.096375 202.653156 -90.172512
v 0.362789 276.073363 131.828555
v -225.624697 251.390230 87.850966
v -192.682719 436.548160 -47.093667
v -259.720929 311.235909 69.397074
v -61.686734 307.464750 77.477424
v -109.574330 134.479593 144.632296
v -54.504927 145.266062 143.306249
v 31.788260 136.099155 199.253751
v 56.379397 134.679672 198.331983
v 70.360047 132.732946 193.647000
v -202.609554 376.524790 149.489675
v 193.958931 185.715669 -27.835607
v 181.711086 252.019354 6.106227
v -128.393894 138.673865 145.524337
v -86.933270 146.407212 148.421083
v -173.368992 412.190046 75.339300
v 22.979819 144.221297 197.299451
v 45.421102 142.101841 201.743671
v 101.263069 200.292298 177.456472
v -190.036323 203.005589 -44.471199
v -193.278430 341.054352 174.846237
v -30.331810 296.664172 92.370961
v -57.718179 478.113045 -7.523532
v -196.408701 452.709329 -84.826231
v -66.550683 140.012614 145.749551
v -3.333533 148.052245 192.938213
v 18.171772 156.065299 198.339457
v 55.957121 146.027197 199.987874
v 65.482760 153.479797 195.056128
v 74.967144 144.402407 193.742481
v -151.131373 405.292940 -58.771204
v -187.162568 360.876754 162.404984
v 109.257355 320.742881 49.329651
v 17.083373 214.642909 177.873151
v -141.165327 148.250982 148.948291
v -121.724414 149.480744 150.200138
v -113.762905 143.568781 149.538941
v -102.556105 141.564445 147.838141
v -94.693059 152.442875 146.870157
v -76.133128 150.202467 148.804951
v 5.212225 166.332703 195.778018
v 7.517248 145.022482 194.298913
v 36.396865 153.253779 199.247517
v 180.899479 259.177333 68.011875
v 64.325959 329.499978 45.033932
v -257.532669 283.474083 67.511679
v -157.981459 151.858224 146.006201
v -95.768321 164.465238 150.023184
v -66.038087 160.338697 149.621687
v -55.108782 164.073258 145.230889
v -46.919009 156.706320 145.049545
v 49.409498 159.822683 197.853370
v 83.736709 159.011243 190.549572
v 12.894295 276.912116 135.404763
v -205.375763 302.327764 179.699360
v -32.777056 410.100417 -9.095940
v -220.088827 277.935968 -2.819747
v -35.986185 156.358981 164.819899
v 60.514316 169.365046 197.493430
v 76.920036 167.892677 194.199209
v -152.932347 170.000806 153.109820
v -144.332430 158.288481 150.006326
v -128.819387 163.177966 155.729438
v -124.670560 158.381985 154.444815
v -111.354190 160.871804 153.314456
v -84.439463 160.108825 147.255031
v -75.597877 168.647210 150.761262
v -232.455077 251.609545 66.113610
v -234.336986 223.227611 16.877547
v -18.811017 167.481394 191.274111
v -0.644708 165.042583 197.752962
v 14.728715 173.979918 196.894670
v 31.357672 280.258050 136.623398
v 49.116754 261.821015 147.189579
v -197.455576 308.051747 182.884326
v -201.941219 330.530734 180.790039
v -148.534645 410.166305 80.431210
v -69.500347 315.471503 56.313961
v 49.430210 226.637455 157.878186
v -161.508267 171.728886 152.831453
v -137.612143 169.696130 153.052544
v -96.789223 173.193815 152.963632
v -61.068569 166.156386 148.785312
v -44.175422 174.582265 151.574746
v -241.607002 220.854320 37.041590
v -7.823801 168.122449 196.725793
v -223.500917 247.793478 7.507680
v -178.669594 283.506659 181.633686
v -62.756601 478.062339 -11.345665
v -181.077873 299.059650 183.512881
v 207.567442 202.158858 25.859188
v -123.384629 174.396430 156.894719
v -107.915054 177.328332 156.960306
v -66.840478 176.865872 151.131725
v 19.867780 186.059020 194.876158
v 43.419984 172.522865 196.660742
v -107.979501 282.867983 110.809537
v -87.516983 285.036269 107.671324
v -137.017539 409.899367 48.479201
v -28.858603 306.369313 5.399518
v 120.023681 315.205738 64.577531
v -143.097206 186.121691 156.146754
v -134.492329 183.628353 154.751367
v 68.292638 328.704625 29.126531
v 0.393655 180.830574 195.129858
v 27.825737 169.850663 198.025565
v 68.062263 177.723260 196.159172
v -38.869123 493.984386 -21.330580
v -200.296253 279.608549 177.528862
v 116.193706 193.002576 168.224013
v -78.896187 279.458206 113.754644
v 76.114830 328.769910 61.350707
v -231.168375 195.692943 4.810242
v -112.511125 186.118976 156.410543
v -92.610200 182.130379 150.678382
v -84.641452 178.969979 147.518049
v -54.485824 177.207078 147.604247
v -41.695054 191.510367 153.222058
v 33.193567 171.333455 196.562211
v 34.116374 191.382646 195.594228
v 52.137334 186.951932 194.496210
v 87.834762 191.090404 186.660713
v 191.014897 231.266672 -1.751423
v -232.675096 272.664591 12.374913
v -243.628665 208.867482 52.674143
v -168.680289 414.851121 -15.821723
v -121.102127 193.052546 154.335593
v -66.840578 186.260707 150.123491
v 10.639677 189.280248 194.905951
v 134.518134 302.378336 88.330752
v -67.875758 314.498493 6.156531
v -190.680629 411.619303 53.093001
v -163.519876 193.484474 152.737681
v -141.417419 196.796558 156.904103
v -55.090584 185.210480 151.413745
v -50.385492 192.413937 153.010417
v -10.796053 183.395799 191.269586
v 18.724183 197.921621 192.998605
v 187.374041 251.290425 49.012810
v 152.409797 289.178896 87.230723
v -174.739780 412.951885 -1.639955
v -153.541865 193.767600 156.084552
v 158.337947 286.727049 74.749588
v 5.227239 196.096284 192.033302
v 37.464050 200.832778 192.289349
v 72.389485 195.537003 188.339863
v -172.535198 197.956711 147.029080
v -130.110981 197.321889 155.964706
v -117.634739 208.281625 152.220125
v -107.272223 193.623523 153.959633
v -95.885955 193.349513 149.924820
v -92.879719 206.280171 148.985491
v -75.840451 188.642444 149.673868
v -63.145094 198.762956 153.228359
v 55.895757 200.719333 190.629570
v 88.179487 208.369599 175.589242
v 128.165664 194.531986 165.979985
v 26.200477 455.637679 -71.053669
v -188.409589 411.253632 80.103745
v -160.731682 401.517290 -1.859539
v -176.175183 207.561644 146.158622
v -145.170178 208.600979 153.045138
v -41.694316 204.369942 155.181217
v -32.711704 201.015429 155.698103
v 8.066073 205.365977 185.921261
v 26.582101 208.089388 187.437700
v 52.221252 210.775499 185.326086
v 69.872285 209.487256 182.379740
v 40.883245 304.895067 117.145452
v -206.565475 355.148212 166.938484
v 92.416154 326.699853 53.032508
v -133.462378 211.179074 151.316119
v -65.345722 209.079257 151.022537
v -25.400633 209.651776 153.885366
v 92.888332 311.768278 105.030357
v 36.659380 214.624443 181.732518
v 113.190922 213.808077 163.960970
v -169.014825 220.736518 144.365223
v -128.001211 222.301185 148.927646
v -106.631972 211.616532 153.042591
v -129.257280 405.903866 59.128396
v -259.541294 297.484728 83.954935
v 100.688673 212.573489 168.348752
v 125.476604 212.118504 162.386082
v 80.915369 293.823529 125.528869
v 11.082866 320.106853 24.972375
v -11.092551 307.442162 84.021427
v -176.409580 440.673058 -52.739026
v -158.277186 216.261466 147.620937
v -117.954194 222.525829 148.127869
v -91.124694 221.579428 147.011318
v -76.872446 230.722405 140.948575
v -64.114486 222.868006 146.851691
v -47.143385 213.164810 154.612184
v -38.679333 216.073821 151.629039
v -29.565245 219.193100 153.135860
v -229.355505 259.611406 87.203108
v 80.414771 219.682571 167.240613
v 88.650224 227.150655 163.733611
v 101.506783 226.066076 164.005778
v 82.242556 328.990130 44.121917
v 59.017616 278.243928 139.585060
v -187.181369 443.621885 -56.069577
v 37.535200 326.616470 40.211139
v -31.848015 307.922417 63.258422
v -103.188211 226.225602 146.896432
v -82.645494 218.627987 144.984360
v -56.240649 236.371217 141.496797
v -20.341064 233.047604 150.903361
v -18.637650 217.497930 154.996052
v -6.936384 220.063726 154.068855
v -183.096419 148.344922 132.524339
v -188.349599 284.725293 182.707574
v -173.151956 340.741667 -22.969514
v -193.988859 249.850263 -25.354803
v -161.397035 419.629341 -37.244249
v -208.225221 394.193451 122.775597
v -192.077692 221.636603 133.452508
v -179.822910 226.815347 138.333313
v -141.623128 224.887725 148.156490
v -108.540056 238.653651 140.033577
v -41.390981 230.119556 147.847927
v 17.430913 227.118180 153.071413
v 73.549235 228.998078 157.198154
v -116.276318 240.152597 140.187138
v -11.453061 230.690031 151.427553
v 70.554931 241.057641 147.614971
v 112.719548 234.815465 156.743236
v -29.694274 309.390127 20.229077
v -185.470079 241.491379 130.722796
v -161.482864 235.957051 141.194568
v -146.964314 239.162561 142.061172
v -129.056130 235.750739 144.106529
v -91.970452 237.973787 143.514337
v 4.314822 238.121416 148.807633
v 30.727241 233.710979 151.459324
v 30.149561 240.818888 151.844131
v 88.869405 241.049698 151.101362
v 157.854777 275.573736 101.102487
v -102.874789 244.808490 139.578625
v -74.327731 246.396214 133.150714
v -30.392135 237.805514 146.421841
v -4.213107 240.393261 148.416893
v 5.431876 250.575841 146.900722
v 43.241924 242.479706 152.587237
v 56.396053 238.476664 151.678070
v 96.450364 237.032145 157.108672
v 106.593766 247.866170 145.096196
v 145.078149 298.250690 73.329803
v -65.100265 244.760967 134.481889
v -14.498039 254.749669 141.420820
v 13.341908 238.824170 150.638400
v 74.017593 255.130924 144.637021
v 86.268889 247.321468 143.190626
v -117.429098 426.667876 28.903764
v -125.344090 272.158161 121.743668
v 100.632571 322.641581 70.955339
v -176.221768 252.520890 130.671151
v -170.553317 248.109046 132.382507
v -157.453916 258.267965 130.912418
v -113.775138 254.628751 133.318016
v 24.824427 248.399545 150.601132
v 60.247444 254.757746 147.947597
v 89.156653 257.152754 138.840514
v 123.774095 248.063232 140.108816
v 46.964889 242.860290 -70.301448
v -128.010192 249.451414 137.095073
v -97.746583 253.839966 134.848029
v -85.540128 248.214045 137.201815
v -51.478885 253.550339 132.664963
v -46.816892 277.037224 115.090510
v 17.401119 256.472857 147.319311
v -42.319787 200.603576 -78.588881
v -211.951537 196.962418 -26.601891
v -110.584743 268.484160 122.661716
v -90.229770 431.002236 24.309703
v -138.013607 255.113698 132.312798
v -82.747209 264.551699 125.193796
v -27.243566 276.885138 119.232601
v -13.676645 270.743805 131.895047
v 30.996526 263.179201 145.859309
v 68.929939 265.080582 144.032865
v -154.260773 397.424968 -25.990328
v -142.082906 267.770078 126.404421
v -114.880059 203.037326 -67.964385
v -191.514054 171.138973 -45.821041
v -185.484457 340.349050 -21.036562
v -8.740642 459.480222 -65.394334
v -129.798363 387.908712 -1.601783
v 112.235808 12.288564 149.079699
v -118.895870 282.994733 118.142493
v -175.615064 200.176541 -50.283861
v 145.383629 280.560379 108.418350
v -22.700681 12.490687 186.428159
v 31.581211 19.031003 168.949623
v 100.660756 17.236766 154.109709
v 121.615997 25.133426 147.874738
v -158.028781 380.843902 133.943454
v -109.854272 9.339134 158.982270
v -88.888542 9.975430 152.571049
v -41.042503 309.177950 30.980423
v 50.493809 20.667724 163.364354
v -48.787345 403.213465 -10.696399
v 64.960144 248.559373 -64.091311
v -134.060836 374.809546 111.341974
v -132.928165 14.656359 161.878815
v -114.496894 16.764990 160.090845
v -114.549377 340.355150 97.415918
v -29.648460 18.603030 186.483927
v -19.241370 24.484898 185.896226
v -2.738761 18.772074 180.592340
v -9.755713 452.376636 -38.670737
v 136.002602 207.495119 160.295917
v 105.720124 31.526750 154.139335
v 129.002507 22.962526 141.860289
v -158.408528 190.568055 -58.224659
v 124.403688 224.911218 158.329284
v -65.768433 202.158858 -73.906209
v 6.098334 31.039022 177.244597
v -135.847265 301.930992 139.799248
v -125.247536 301.857864 130.901190
v 132.132208 34.558859 142.055106
v 152.861632 33.656026 112.740913
v -87.013469 415.455713 22.400346
v 87.216731 36.245985 155.972984
v 106.738680 41.711274 151.738261
v -157.369762 231.921769 -53.629492
v -57.877337 429.581445 -41.237906
v -219.150101 141.765059 60.408529
v -165.889447 301.831053 174.601652
v 4.325680 40.126969 174.726056
v 119.741460 36.663301 149.110632
v 142.845248 43.624151 133.249815
v 147.694383 37.662620 126.129071
v -95.516564 414.368855 29.110075
v 136.256269 244.170485 136.939200
v 128.805814 49.658876 141.350810
v 203.048252 51.925860 110.011872
v 217.423831 52.483064 99.361370
v 232.801041 48.138515 76.021510
v -120.387643 38.249316 152.909172
v -44.475707 466.760124 -16.346451
v -59.343975 406.071201 10.499002
v 91.930537 44.915108 160.713802
v 112.420068 50.703606 151.352046
v 152.917031 197.140746 152.161274
v -144.566793 314.870296 141.608331
v -66.864641 417.955452 18.997271
v -70.662779 431.282078 5.794983
v -17.584708 503.299122 -35.567445
v -25.349323 494.861982 -27.980588
v -94.112128 392.849608 30.589650
v 146.783004 60.351538 134.841092
v 216.287574 65.154960 108.181574
v 229.586047 52.105763 85.897069
v -169.927678 271.231768 165.955486
v 1.820780 425.636014 -27.516084
v -157.936182 451.146540 -131.536112
v -83.330721 390.945412 20.184671
v -61.673798 441.129552 -4.017436
v 194.781732 221.818315 86.325310
v 103.410778 64.393758 167.824996
v 121.394369 60.363335 155.106548
v 135.660491 60.876400 142.553425
v 171.118731 62.406045 114.752287
v 243.841378 66.483353 82.712405
v -77.541754 388.489140 10.335655
v -101.171911 310.668115 95.406756
v -36.555554 190.263413 -101.980285
v 120.668490 73.250157 164.903483
v 129.654823 69.097945 156.123864
v 161.158851 65.532998 128.679818
v 212.686197 71.751144 112.134612
v 229.988014 66.916655 98.562129
v -41.772035 429.294666 -2.083513
v -173.937322 373.095743 149.217207
v -131.606810 391.098403 105.065948
v 206.173395 206.086594 45.267223
v -83.795894 410.582582 26.600315
v -172.826569 300.228014 180.707695
v -158.567954 208.456768 -55.741576
v -5.302981 509.836958 -52.463106
v 95.669656 78.316898 178.952234
v -142.684180 290.473809 140.860869
v 254.347133 82.602127 72.900858
v 202.251893 214.755784 62.995907
v -31.808000 423.361455 3.230126
v 106.257990 77.217774 170.938107
v 137.698844 72.553301 149.368757
v 153.337832 76.463274 140.327092
v -109.613977 322.354366 106.378456
v 193.126209 207.318433 101.011698
v 115.876563 83.563307 168.732688
v 168.825404 84.473144 133.362958
v 178.246849 79.383111 117.579458
v -158.870250 298.706714 165.862619
v -162.957244 357.938786 143.410343
v 226.561580 80.427406 105.514198
v 246.235649 79.297114 86.379502
v -109.084993 388.176422 42.751497
v -177.489131 338.888646 166.723526
v 121.782595 89.461765 167.765542
v 146.840480 89.290877 150.600629
v 249.612784 94.117490 86.077441
v -134.443700 311.429217 137.101843
v 134.961021 279.012839 117.364332
v -139.075664 353.723433 115.354131
v 77.955651 90.445902 188.557234
v 91.180863 86.641967 180.863568
v 134.004767 84.939324 158.699747
v 167.037501 95.393937 138.291019
v -159.350203 311.582577 161.310954
v -134.828775 275.853980 127.276454
v 238.794913 83.895464 97.643846
v -44.686141 458.482109 -19.695803
v -67.953879 424.131874 10.362232
v -131.481803 348.548308 112.113767
v -170.504487 362.598768 151.987169
v 89.790536 98.616069 185.974012
v 104.973500 94.083708 174.216175
v 157.021452 96.720319 144.204121
v 182.047767 93.010658 120.141801
v 237.093912 94.112731 99.706697
v 254.440369 99.934978 77.229889
v -25.355255 481.336753 -34.309465
v 11.888709 445.607051 -42.355295
v 187.743700 245.934157 73.504343
v -3.915000 494.231752 -55.704107
v 129.709752 92.384819 163.429573
v 174.750371 94.911972 131.000325
v -151.968418 344.147657 127.967144
v 246.734571 101.819602 89.711360
v -53.619757 422.869403 12.328261
v 93.882491 111.515090 185.883323
v 99.604832 103.536958 180.718721
v 123.759550 102.356428 165.565417
v 176.861784 111.801601 131.588093
v 190.050130 104.065406 111.162205
v -167.239825 331.104861 157.392301
v -83.116700 423.851396 16.823120
v 167.051644 249.185078 111.931317
v 138.992148 101.830829 156.466310
v 143.806629 116.285869 152.102960
v 168.121946 113.092391 138.116880
v 200.133979 111.929256 95.437656
v 239.677670 105.191140 95.387251
v 0.904441 435.480740 -26.024445
v -3.655669 428.402592 -17.511061
v 194.109274 215.097158 -8.356388
v 134.684498 123.217730 162.525567
v 184.004078 108.479798 122.710647
v 90.306886 297.962168 121.324610
v 252.002262 112.041661 78.629533
v 184.671508 171.722988 -43.556637
v 170.677385 213.631659 130.947942
v -48.779335 418.217297 11.378476
v -138.944524 360.895186 113.689090
v -167.624833 288.908271 177.531778
v -171.890524 278.704108 176.395688
v 111.833104 110.461981 175.922002
v 154.712776 111.265947 146.696119
v 180.398914 203.227753 -34.156675
v 245.367570 115.120556 85.298342
v -149.120133 374.987639 129.431235
v 84.415333 268.287064 138.328454
v 95.876203 126.049626 186.749022
v 155.982486 125.131745 144.566340
v 177.943112 127.054106 129.353415
v 190.025799 123.951116 114.625404
v -154.037939 350.121085 127.892139
v 3.302365 475.025136 -57.549821
v -252.923762 272.943259 61.999638
v 53.123549 228.234127 153.401224
v -157.221061 266.210103 132.343363
v -148.450793 280.533970 137.863984
v 126.658239 120.735887 169.197928
v 142.298065 124.807866 154.238603
v 166.830385 134.695256 140.653988
v 197.588057 122.016556 99.873262
v -129.752818 322.574553 127.623559
v -80.438466 439.202767 17.518233
v 35.344359 227.581912 153.508334
v 19.484983 445.407542 -48.814039
v -45.413461 439.608253 -12.892402
v 143.814203 226.487346 144.832341
v -163.545212 268.061884 146.794415
v 152.875507 212.487828 146.589947
v 107.459465 128.231250 181.644511
v 153.437670 136.665173 150.576566
v 206.691823 141.451737 82.570071
v -205.857560 389.817332 -3.417335
v -98.176232 401.023362 35.140175
v -119.203193 380.447901 68.425169
v -16.057510 416.660641 -18.030829
v 113.872328 133.239208 178.659121
v 132.340967 140.219999 170.233376
v 175.187024 133.274197 133.936986
v -243.579567 352.197744 88.958502
v -122.044171 331.486183 115.491270
v -70.298783 409.572673 19.613526
v -247.160668 341.201780 77.627767
v -156.060339 325.289385 144.620130
v 103.474622 145.255605 186.684876
v 116.999248 142.423240 180.876605
v 197.768396 152.661386 102.785524
v -118.354954 363.590144 73.705829
v 153.708094 262.032655 118.264249
v -127.120631 366.516684 102.092724
v 143.119526 141.516520 160.528235
v 161.200710 142.761228 148.069119
v 185.154512 141.896534 122.436234
v 211.648973 136.635144 66.480253
v -103.409839 326.644991 90.507249
v 17.941297 462.494970 -60.729693
v -66.513247 446.042028 4.023669
v -100.048288 421.834660 31.114914
v -96.416582 379.801048 23.907804
v 195.184268 197.917365 -20.029401
v -159.146438 339.584731 138.841318
v -148.560953 330.023299 135.390285
v -104.036483 297.740473 101.598996
v -109.711369 306.999744 111.469796
v -182.096664 351.449712 165.345231
v 90.201753 144.640255 190.155046
v 116.287612 154.856785 181.785739
v 129.168368 157.317045 173.963111
v 141.001276 152.203720 165.923715
v 159.814170 153.123879 150.380610
v -152.961470 360.402129 128.854828
v -152.033569 413.423527 -54.813742
v 125.536829 237.474563 149.093373
v -156.852005 276.170553 147.644262
v 104.646773 156.763562 185.123964
v 152.757136 165.033970 154.196443
v 205.276160 162.666711 87.254217
v 208.935415 167.665251 70.993008
v -110.143632 292.671085 112.759514
v -41.478486 478.879945 -13.880963
v -138.755573 333.128267 128.696776
v 187.000729 213.746411 -21.105970
v -127.101662 292.921132 130.482299
v 100.508134 170.590350 182.812271
v -10.474755 441.001897 -28.512857
v 123.847289 285.496349 119.824190
v -130.902615 282.969195 129.818824
v 116.782982 168.619662 176.846820
v -157.369226 421.645340 -163.124059
v -5.787224 479.993882 -52.151996
v 152.606524 235.571741 132.438811
v 195.100919 233.030143 60.530184
v 138.119545 216.858718 154.732834
v 126.434735 177.629119 170.637621
v 158.339455 173.098467 149.114855
v 167.003082 169.150791 144.509501
v 180.224340 156.063053 129.634195
v -204.169227 268.946116 166.357453
v 154.334504 245.353863 127.596345
v -121.579835 349.339405 99.699794
v -154.800247 290.514729 156.569835
v -162.869504 282.219924 168.299855
v 168.155359 264.656396 98.096687
v 185.045323 181.578740 122.889376
v -151.299178 440.649733 -184.881121
v -20.361977 471.267383 -40.045413
v 202.984140 184.595298 -6.999776
v 187.987648 227.726659 97.300362
v 92.957807 176.676854 188.398512
v 137.104038 171.533500 166.814315
v 179.498092 220.808640 115.019695
v -117.770840 309.501326 120.885275
v -49.537991 446.099639 -14.242545
v 81.912812 178.017211 193.040799
v 112.512499 185.448798 174.290107
v 171.609643 179.711744 140.948106
v 177.438425 171.354535 132.109335
v 194.580849 235.606193 13.936194
v 139.307313 259.737251 128.058938
v -19.440711 432.982241 -15.381014
v 13.094374 487.562809 -70.856841
v -27.274801 459.146121 -33.002655
v -106.131407 376.315395 33.005939
v 98.314209 188.630077 183.914210
v 143.016370 184.904531 161.327912
v 166.086073 186.536125 146.448350
v -21.927548 428.055722 -5.710695
v -254.016250 288.650247 94.794958
v -192.752294 349.575678 -17.385753
v -253.695387 294.939946 103.016771
v -203.019028 416.688323 -42.399802
v -255.063125 300.822350 127.371467
v 151.564039 183.325320 153.213981
v 174.448510 192.795494 136.288493
v 109.126047 200.727377 172.334064
v 186.291841 206.594800 113.955795
v -149.842292 303.052503 149.287754
v -172.075119 315.623958 173.036718
v -12.788592 499.579139 -42.954290
v 107.036888 276.171961 129.076489
v -113.670842 400.334650 44.570032
v 157.413398 225.136600 137.028447
v -236.694660 208.321540 18.477939
v -144.812417 367.094264 123.773609
v -140.096734 378.917118 118.274337
v 164.930445 202.512297 142.007047
v -198.124381 390.997325 -51.476723
v 118.630640 6.649304 -24.116495
v 113.983025 6.533547 -44.248130
v 204.861961 192.732822 79.025199
v 184.784987 18.502823 15.336240
v 130.683433 11.613995 -2.043229
v 122.114249 16.502643 -36.950499
v 135.674332 21.625352 129.467865
v 212.793844 30.683439 26.969405
v 128.767072 14.569658 -10.791143
v 112.068741 16.375558 -61.674619
v -246.170665 269.295298 131.383021
v -247.309771 269.522757 39.409184
v -153.295805 480.874093 -188.816163
v 19.132684 491.351261 -82.156676
v -152.362241 398.445635 -70.703113
v -85.379999 206.689544 -70.647949
v 201.399533 28.668646 11.883062
v 203.028914 37.605412 0.737357
v 129.021376 23.853126 -26.746436
v 18.825160 439.669985 -49.163053
v -152.729017 401.565986 -92.213177
v 25.309341 482.428772 -89.776980
v 195.313364 174.941233 -25.722752
v -216.057467 252.978390 103.634969
v 222.453908 35.209767 53.840932
v 233.889809 48.386753 21.865396
v 129.961610 31.990517 -43.749007
v 118.326099 16.704028 -52.463542
v -61.329509 397.892722 4.522625
v 219.683811 40.066275 12.683744
v 163.258936 223.069459 -44.033038
v 8.640871 430.199812 -39.770330
v -106.784963 345.446256 27.778566
v 24.187327 472.383030 -90.181024
v 233.266081 44.339104 39.915077
v 228.681204 50.858441 8.453444
v 136.442204 216.874772 -64.765813
v 138.640117 36.262809 -31.297264
v 124.529902 34.695328 -63.589439
v -17.030488 259.948623 -61.039161
v -124.105514 390.461202 88.975795
v 237.664319 48.471878 63.563466
v 246.432778 57.663585 40.583211
v 210.275404 49.697584 -8.007507
v -224.600343 260.675072 100.564521
v 154.192974 47.389913 -23.546624
v 151.669876 49.458194 -38.088533
v 145.578177 47.915580 -50.088206
v 130.171307 39.153020 -53.777289
v 120.385130 46.443144 -69.147395
v 3.413766 225.950017 -74.541299
v -153.203575 465.245126 -171.946174
v -152.638630 382.545372 -20.704104
v 209.123730 183.796660 48.951614
v -109.328572 367.062827 35.039164
v -221.061604 262.459590 153.171284
v -118.523496 391.532577 63.445329
v -156.898724 384.417898 -62.630873
v -116.266230 350.736937 84.268994
v -149.863607 475.444429 -198.233184
v 245.743396 56.356272 57.130428
v 241.497277 60.681584 15.713104
v 224.942152 65.273365 -6.482823
v -153.765872 449.525972 -148.237694
v 245.727577 59.889448 71.796371
v 247.027349 61.224074 29.278114
v 233.441393 62.298331 2.887446
v -74.133987 1.533230 -92.365464
v 155.979034 57.023300 -41.921256
v -174.257112 6.058721 -12.482191
v 253.455461 74.380482 67.464223
v -31.368263 300.921786 -10.024981
v -122.463866 371.006583 86.277184
v 251.281645 65.390496 55.849960
v 256.713420 78.859288 49.684430
v 239.124388 76.193085 2.750440
v 146.041340 60.705680 -62.844692
v 27.162294 467.874933 -84.544010
v -201.883910 129.555320 93.461505
v -155.066013 421.152550 -138.981004
v 175.973429 76.321812 -25.192662
v 165.562954 68.360503 -31.918311
v 155.976554 64.442420 -49.408577
v 254.837945 77.259331 36.648672
v 248.749196 76.084432 18.455552
v 153.707759 73.397853 -55.498432
v -1.419651 207.465459 -102.562891
v -231.616893 255.972828 30.633453
v 259.383779 95.070091 57.221150
v 255.820273 91.140211 24.538805
v 248.362847 89.263496 11.297238
v 186.438800 88.912303 -16.565900
v 159.069255 80.401634 -50.391943
v -36.735524 292.829807 -25.246150
v -239.268834 234.049537 63.647318
v 260.000000 94.967371 40.036632
v 176.671827 89.168852 -35.136857
v 137.583757 77.576675 -76.319784
v -151.327531 453.589004 -171.386692
v -247.189322 266.268552 59.062642
v -240.189228 261.184484 47.460544
v 255.908649 99.835944 24.898745
v 159.999838 91.185388 -55.802269
v -257.303232 306.439558 92.818808
v -256.009828 291.200425 132.031549
v 25.374090 468.641564 -76.128286
v -217.635136 145.958125 83.100798
v -67.671188 393.217357 -1.859908
v 257.703523 108.530102 67.080153
v 256.844460 110.975716 33.501242
v 192.728700 104.447633 -13.773450
v 172.753575 100.379138 -44.119370
v -151.077081 424.603784 -81.519308
v -200.202347 402.632870 -38.261163
v 184.031459 105.575377 -32.373598
v 163.247005 105.056715 -56.944057
v -222.393750 380.158475 15.275848
v -235.452632 242.365289 37.694408
v -183.145484 495.145678 -180.962937
v -230.680948 305.985947 -4.193652
v 259.833000 108.909313 51.802847
v 190.059213 116.835834 -27.104600
v 173.544002 115.391549 -47.592991
v -251.425822 315.579385 127.155033
v -152.906139 436.876161 -161.487103
v -182.209171 382.366341 -87.500511
v -112.486090 348.034874 11.511627
v -112.914700 362.919631 59.567730
v 257.010119 117.979699 59.165127
v -149.492976 467.111954 -190.303948
v 140.060036 109.213351 -74.018950
v -194.555044 390.843898 -88.043437
v -152.236764 90.337886 73.501327
v -151.486889 10.473515 152.157420
v 251.942473 126.939187 48.779587
v -64.763148 300.140911 -22.824767
v 154.222265 115.758393 -63.463058
v -83.385717 309.807141 -18.556898
v -192.456399 439.234706 -123.190868
v 23.514199 455.706013 -78.001716
v -243.905021 293.157339 16.774324
v -152.525789 437.026036 -131.179423
v 202.141398 195.084732 -3.902852
v -106.016522 349.348957 49.356831
v -243.017605 345.931638 107.046992
v -192.468598 412.948668 -79.377229
v 181.576662 133.330299 -37.378472
v 144.520979 123.769570 -75.059257
v -104.640003 371.859480 19.210621
v -252.087890 277.513826 125.090842
v -182.666837 136.030217 125.516636
v -151.679092 414.461019 -108.257852
v 23.792499 449.350929 -59.916209
v 201.562846 128.580399 -2.507498
v 196.302227 121.515321 -15.675602
v 168.596068 132.380011 -52.122705
v 155.725333 128.013041 -66.357894
v -42.426496 409.516235 0.974569
v -233.242521 239.570057 25.015909
v -127.721336 379.757514 100.277909
v 204.450644 173.918554 -2.127416
v 201.302141 142.436478 -8.050472
v 100.199369 193.766259 -93.126935
v -168.469318 193.827020 -53.433603
v -248.073253 299.812742 25.410670
v 209.196857 138.662437 13.706054
v -255.507051 291.418165 42.559664
v 205.897709 199.355751 64.729986
v 18.625116 439.921809 -56.164421
v 208.832192 179.779442 17.993025
v 211.317353 147.675816 28.139478
v 191.305899 131.801124 -26.160445
v 201.147474 221.784801 21.776014
v -114.977887 374.995381 52.823850
v 206.090046 199.001374 12.497138
v 201.832298 196.225815 87.205722
v 192.880116 242.096105 30.127961
v -230.617004 211.028060 2.738510
v 192.779943 151.367915 -22.557359
v 175.408350 143.282437 -43.408907
v -254.490606 292.982563 114.533944
v -152.413819 396.658101 -44.206473
v 206.985673 159.636144 7.015997
v 183.038340 155.465399 -39.571157
v 169.799487 151.975054 -54.125801
v -248.819274 364.258949 77.792254
v -191.712054 485.534611 -175.727286
v -150.705042 426.866211 -109.135146
v -110.417240 361.331739 22.709110
v 193.932723 191.534966 105.136261
v -188.065434 106.398447 67.955873
v -248.502265 354.054384 63.185194
v 200.010848 226.647778 36.723207
v -186.520842 478.568835 -174.450739
v -197.940590 393.464254 -25.264952
v -229.466771 232.479743 9.638029
v -201.837024 270.315999 -10.505102
v 211.411728 152.126973 54.522505
v 197.423101 161.615244 -17.383105
v 178.712156 163.152161 -49.424127
v -69.103810 40.614228 -76.225912
v -229.061554 356.405220 13.281968
v -155.881776 441.454872 -105.276919
v -150.111041 413.916920 -81.986425
v 210.197383 180.058178 33.198578
v 205.882796 170.480424 7.738089
v -93.980050 378.654234 10.703504
v -158.599356 490.062415 -191.861242
v -168.472971 494.052486 -184.783763
v -160.843384 487.771735 -182.319247
v -159.426648 468.029801 -160.007026
v -179.570214 494.002148 -173.234752
v -195.950967 398.881786 120.168747
v 1.768599 318.835869 60.881042
v -151.869652 411.209494 65.408141
v -131.408173 403.865748 89.990162
v -68.626906 467.790477 2.064443
v -192.229007 491.190159 -165.265668
v -208.588043 409.086653 55.713860
v -186.688580 406.475379 104.131546
v -170.711302 482.529817 -163.862137
v 31.054438 224.218853 164.121100
v -143.355330 406.906771 93.354863
v -203.033942 402.690681 108.509005
v -216.821451 406.930331 70.981245
v -185.742782 421.127850 -13.211086
v 10.363556 508.077006 -80.659004
v -89.363401 305.652516 80.437377
v -175.287532 409.825100 10.454161
v -190.852857 409.147246 12.840656
v -172.233606 472.843042 -147.071341
v -144.954717 400.470381 115.187131
v -22.315874 311.156883 60.646981
v -187.599120 486.739170 -156.599126
v -200.395957 483.346284 -152.943691
v 102.912056 317.036974 89.122017
v -233.145565 253.886584 45.119527
v -48.789758 295.257558 92.007066
v -108.262761 346.396578 69.696621
v -87.571410 321.648428 36.035333
v -162.608196 404.155979 8.030364
v -69.728074 304.696028 86.451926
v 88.170706 325.449883 74.391894
v 50.281431 327.977439 59.798709
v 68.448846 326.620392 75.912020
v -254.283457 280.543857 44.814148
v -164.013671 410.021458 92.162939
v -233.797177 365.912059 33.228908
v -180.743203 410.176326 28.111795
v 29.213248 325.070237 61.513350
v -92.114596 310.863267 74.660676
v -179.036438 395.884700 128.027268
v 5.329122 507.155004 -68.954890
v -1.574955 515.063058 -61.985092
v -223.739671 399.652406 30.708624
v -239.053305 215.262214 23.999565
v -239.954697 354.175872 40.628723
v -170.853300 411.667496 52.813260
v 34.232332 312.039339 106.268262
v -241.117430 345.012418 28.922699
v -202.444163 412.522002 -58.616839
v -255.965120 284.534398 83.264179
v -22.474596 313.054443 41.822625
v -166.718013 463.837405 -136.219186
v -175.395950 466.408630 -125.781464
v 247.939901 126.675365 31.881915
v -196.358497 490.035570 -170.652367
v -50.364881 311.952135 38.526560
v 26.180871 322.447166 78.788222
v 171.345788 263.497550 -2.541649
v -216.547575 213.786728 -18.071783
v -21.777439 502.485437 -55.099415
v -150.279448 410.581175 42.167550
v -241.386447 191.610775 76.033005
v 251.937647 116.486786 24.153595
v -87.956787 316.845408 61.412741
v 159.648879 275.593476 -5.684923
v -240.732321 206.349813 31.556829
v -251.067591 280.812371 108.222159
v -185.275128 474.854416 -135.557453
v -176.752025 401.414704 118.465098
v 257.653654 116.693466 43.356223
v -78.021338 311.592397 70.679318
v 166.298753 278.991490 19.867495
v -187.753285 374.673044 -47.497376
v -229.468078 241.996937 83.024822
v -198.571926 260.498487 -16.053003
v -233.716040 396.262737 91.686270
v 243.610601 131.607145 40.725880
v -126.822022 408.601304 47.236805
v 179.402812 260.931856 17.927707
v 161.881412 281.322286 10.616469
v -207.621467 207.553266 -30.559387
v -243.335987 369.385010 108.608743
v -13.708282 511.568759 -45.428492
v -181.185688 429.164197 -27.649671
v -181.374036 462.683620 -104.836646
v -46.820612 309.437248 60.583304
v -126.191356 401.051815 80.391462
v 51.098267 315.826416 102.938583
v 153.934179 291.452651 25.450552
v 142.523983 294.645191 4.846504
v -243.037076 221.986690 49.937058
v -196.487961 461.306766 -105.225877
v -39.530420 287.220206 105.134753
v 126.919346 307.214635 8.653556
v -252.829152 284.394376 143.050973
v 64.381223 224.067471 162.275720
v -133.475414 400.143821 104.266272
v -135.610857 408.041185 69.724773
v -65.859156 297.231262 97.702965
v -192.059628 470.024552 -122.341289
v 229.027503 134.681850 47.526030
v -165.207840 408.921898 28.950851
v 177.298269 265.937065 40.129767
v 112.325458 313.652500 5.716057
v -214.379121 367.661890 -0.164269
v -251.209891 368.774151 64.591373
v -234.678594 400.484625 56.986184
v -164.242839 450.204898 -97.446549
v -205.831117 453.879067 -107.519438
v -186.894791 382.804502 144.768094
v 252.161621 123.636051 64.554206
v 246.824858 129.723359 62.408508
v 240.362796 133.558864 55.987937
v 215.319523 135.334434 46.625577
v 97.593223 320.821706 9.437146
v -211.103869 235.290525 -17.243854
v -200.595801 408.159020 31.673692
v 129.190051 294.502790 108.454780
v -195.921542 389.017421 136.261882
v -30.560710 500.760104 -40.413899
v -171.534438 457.257475 -101.028589
v 112.713884 306.859052 100.233034
v 237.336821 132.627980 67.565066
v 225.627914 134.350799 59.149309
v -143.378187 411.965268 31.514032
v 141.242275 303.092217 38.420890
v 120.863273 313.637050 23.585366
v -247.861579 365.046963 92.131202
v -99.696258 334.797061 61.571497
v -24.485769 504.381656 -33.723406
v 85.391058 320.513578 92.629722
v 64.657579 323.495952 88.240164
v 248.492479 121.229447 75.861447
v -229.667922 402.466540 73.263378
v 166.491090 280.192563 36.121397
v 137.566229 303.193027 21.310572
v -103.775443 334.166998 81.627558
v -156.647671 435.719192 -81.877036
v -166.914237 440.587430 -64.308247
v -173.278605 449.121526 -75.330352
v -187.538594 456.960039 -85.565013
v 217.866416 132.007067 61.923393
v -35.465713 301.399997 77.555075
v -94.766388 328.217399 42.321547
v 154.345061 292.466649 46.187583
v 102.145257 322.949641 28.202015
v 84.528577 327.096122 25.999142
v 59.551526 326.201869 13.636345
v 66.629139 217.832232 174.332602
v -119.374583 401.467455 48.292394
v -179.497120 454.985463 -82.652113
v 238.486015 127.880426 76.624694
v 207.660041 126.416268 80.476923
v 121.056615 315.277826 42.826066
v -256.316112 313.694158 50.228295
v -236.622806 243.411897 50.700540
v -20.278728 192.119249 180.180185
v -151.813416 404.704770 108.315864
v -97.360569 292.978743 97.684163
v 226.495658 130.185885 74.275131
v -244.003284 356.592396 103.192250
v -122.400492 400.241481 59.306724
v 5.274193 316.837231 77.174156
v 169.126024 276.263018 62.548965
v 136.740546 306.242898 56.974387
v -225.770248 215.987154 -6.012153
v -65.093429 316.590602 37.979411
v -75.033636 318.288888 21.840696
v -56.548910 484.057517 -22.446595
v -193.334700 412.840150 -3.730757
v -100.390432 333.574639 32.185283
v -228.463329 401.876594 47.377765
v 19.889195 313.714433 97.383878
v 45.892040 326.489922 23.879082
v -241.165556 213.576227 75.611869
v -160.902234 4.091183 56.942582
v -159.189470 5.953923 86.312910
v -167.322504 8.666275 118.410504
v 122.792873 211.838361 -71.396852
v -73.294027 426.941350 -36.448091
v -201.382977 325.451257 -18.348039
v -186.803197 7.002306 28.527569
v -175.640770 7.188443 45.325638
v -158.722118 8.683032 64.245710
v -167.580997 13.632943 116.556713
v -154.591656 19.276426 148.098008
v -184.163973 11.661015 34.113643
v -162.108938 13.337216 91.949020
v -166.199820 14.754354 104.242544
v -160.055672 21.214337 137.051304
v -145.266196 26.449720 153.413825
v -145.844781 17.203018 156.604756
v -66.878784 185.511368 -75.026145
v -76.056381 14.215516 148.645023
v -185.048071 14.286331 18.302661
v -183.967581 20.614772 25.124629
v -182.199116 20.297429 32.161589
v -174.941166 17.285864 41.058506
v -169.086679 16.194817 50.325317
v -148.550162 15.014757 71.026690
v -75.000457 30.487114 143.970395
v -61.481864 17.682033 164.938807
v -40.719898 20.028077 183.627532
v -4.769338 215.108251 161.973659
v -167.956722 299.880139 -24.885708
v -157.360881 16.556634 60.579048
v -159.576556 26.723831 99.622745
v -231.432432 213.535843 96.846046
v -69.374971 23.164850 153.422941
v -58.760564 25.516625 167.261726
v -48.166532 23.407591 176.936034
v -178.282575 29.368887 27.387759
v -213.076802 216.134080 117.727891
v -31.745597 148.538097 167.028369
v -69.376044 31.592907 149.038812
v -31.425002 30.796079 183.648076
v -177.075837 28.726056 15.633743
v -168.761895 29.033010 39.289103
v -236.624314 230.382305 78.766605
v -23.940932 152.455812 184.383741
v -147.801761 33.914788 148.000315
v -48.317312 35.315705 171.803237
v -197.493179 235.369752 125.855764
v -152.905803 28.740969 54.054784
v -148.302125 37.141277 46.598498
v 142.956715 188.686146 -71.115200
v -203.912845 163.900159 124.939794
v -146.055382 42.266199 139.320903
v -27.418442 162.434627 184.002788
v -59.162329 37.716812 157.198087
v -43.709243 45.151281 164.986497
v 5.634468 223.270408 154.105687
v -169.264470 36.419386 30.424292
v -137.582115 44.019247 42.042845
v -117.347290 437.745681 10.828847
v -128.604194 50.518877 134.055994
v -207.948563 286.088071 174.624945
v -34.949230 183.259632 165.532138
v -196.847834 423.819960 -30.016393
v -64.851089 44.222475 141.506549
v -28.950733 192.262789 168.691164
v -211.974327 279.486860 168.389974
v -119.687838 47.817652 54.764175
v -51.084492 57.482911 136.816673
v -49.221820 45.647053 156.629087
v -11.799227 203.395121 177.861287
v -185.480435 195.207259 144.033100
v -123.476792 53.784109 45.860889
v -219.861904 296.785325 170.409425
v -110.440599 55.058075 129.093682
v -52.051370 51.487297 147.482289
v -21.187995 205.125548 163.685988
v -233.077297 195.762384 94.822205
v -137.113321 51.638043 29.354124
v -235.165954 186.344961 88.349922
v -252.819064 306.905067 141.659473
v 3.143643 213.523208 173.004511
v -36.594665 57.617838 150.219576
v -231.641659 366.388761 138.520154
v -195.374829 190.237507 137.619265
v -243.411997 382.044473 97.784437
v -122.284198 62.389120 44.280706
v -111.829082 67.538540 59.446075
v -231.867141 380.045365 121.686829
v -178.081256 176.842982 146.315099
v -112.601914 62.072648 119.040466
v -222.861706 389.760057 118.046743
v -41.470208 63.524472 131.105223
v -241.176247 288.687515 161.008960
v -204.075388 470.434762 -134.043794
v -223.261058 203.823664 108.520601
v -131.598264 67.566591 29.673546
v -208.238392 384.949329 137.224035
v -171.262908 182.675652 150.843840
v -91.528068 199.656371 -70.013831
v -233.941823 331.648022 161.756086
v -254.215021 293.348871 144.485102
v -114.237362 65.077409 53.414735
v -110.470728 76.851869 117.655836
v -244.553114 320.858336 149.154737
v -37.714701 71.187440 128.254962
v -30.384662 78.353328 136.282862
v -224.213055 298.119784 -7.533519
v -216.683373 324.456127 179.634578
v -116.151814 75.635144 58.256028
v -207.105854 472.901558 -151.232803
v -121.015594 79.539253 75.308132
v -121.245768 87.953603 92.814183
v -118.404253 77.058884 94.357635
v -103.604019 95.965953 127.983398
v -223.668755 160.396676 95.502505
v -5.158435 81.036992 171.743247
v -212.039478 191.955332 120.902736
v -224.581877 177.717160 102.906409
v -129.484002 87.506124 82.113343
v -219.271355 374.779283 141.034606
v -24.755992 130.567877 164.765875
v -28.662279 98.052800 141.175666
v -249.113627 299.987149 152.815031
v -98.113729 452.060733 7.439111
v -238.044535 369.339632 124.638202
v -235.233920 351.271083 146.787176
v 3.635963 92.207195 180.464987
v -224.552820 309.337544 174.013717
v -154.116864 266.208093 -40.629561
v -215.270324 172.222480 115.920316
v -240.505331 277.949541 157.097043
v -11.621200 97.046074 166.545567
v 14.012790 94.928729 187.364305
v -179.937728 162.570392 141.067483
v -224.817379 335.155526 169.566582
v -133.249966 50.423899 127.652381
v 89.634093 254.328499 -60.293442
v -131.131549 8.738464 160.392336
v -198.410858 436.698772 -55.428220
v -224.536968 233.247146 98.935206
v -239.461606 313.748986 159.605429
v -208.878810 244.279673 112.382247
v -239.307844 205.024336 84.543239
v -242.337841 352.580406 131.177144
v -8.447361 197.108975 185.341972
v -138.965035 193.095678 -65.239700
v -34.336728 112.957296 137.924711
v -15.468335 490.867990 -67.866625
v 30.084846 254.475592 -69.385310
v -24.088260 176.570614 184.992689
v -146.398264 410.109834 19.493881
v -233.218089 296.179125 167.216918
v -191.979864 390.663995 -104.321536
v -12.667573 155.044296 192.692354
v -224.666499 355.143252 155.424730
v -20.554615 7.785327 182.140852
v -232.428735 315.186132 167.724722
v -163.976370 247.293752 -43.016526
v -15.685472 137.020354 182.114678
v -199.820589 415.750569 -25.313748
v -202.475264 175.227676 130.379479
v -225.716592 322.539129 174.158531
v -215.899046 159.839306 109.718356
v -217.516296 229.109345 108.658712
v -232.760892 227.085772 90.139266
v -214.972486 354.329098 163.686692
v -208.146965 206.181238 123.726053
v -189.820895 208.130745 139.729471
v -120.231233 184.027973 -68.382003
v -199.876792 148.135594 118.071577
v -16.724572 245.558298 -69.858963
v -239.826338 390.964347 92.251986
v -24.391662 115.947580 156.378269
v -10.782380 114.816818 177.783535
v -223.795974 292.296533 169.780937
v 7.188275 473.403228 -82.077114
v -35.508477 170.245558 168.333737
v -84.229867 184.841223 -69.186505
v -49.912643 232.260964 -69.943787
v -37.164938 238.274642 -71.547798
v -190.994688 291.091270 -21.458503
v -98.274160 240.475370 -63.593796
v -35.564479 133.920279 147.875810
v -96.292546 4.781035 -66.628887
v -94.483295 19.126786 -65.739527
v -99.408440 11.697612 -54.615842
v -239.844838 269.146362 24.482099
v 229.728314 132.672889 35.347191
v -179.582682 13.876120 1.844491
v -147.871504 17.802348 80.269673
v -204.086313 459.037335 -139.537537
v -90.462223 456.611494 -19.506382
v -203.719201 482.161498 -163.343107
v -79.565729 18.687753 -86.743129
v -91.878657 9.456165 -76.311104
v -167.013706 23.863314 -11.849883
v -175.751600 27.361300 5.614108
v -197.195743 422.256131 -85.213250
v -155.123456 21.128106 89.361038
v -186.009888 397.331765 -134.263780
v -81.273634 27.544186 -75.670284
v -101.177877 18.709102 -42.008593
v -243.843824 319.075561 20.202266
v -201.708900 403.453962 -2.730768
v -178.699321 454.169231 -166.535512
v -160.839530 28.200758 110.928411
v -84.948674 304.261084 -27.072527
v -104.794435 307.056148 -23.209675
v -84.956784 33.628143 -67.116549
v -169.293594 35.940707 10.243358
v -189.641528 406.605715 -95.385977
v -129.202887 32.261577 69.098263
v -145.004720 27.178482 81.893189
v -163.171599 25.564047 123.323784
v -212.028050 392.403571 6.995855
v -91.260157 28.953280 -55.337230
v -95.131723 30.643557 -42.600785
v -222.226448 232.401052 -6.069630
v -163.119116 41.281391 20.241779
v -196.482029 397.818187 -43.271299
v -126.255837 42.320123 84.102832
v -153.035771 34.895071 100.460024
v -154.270760 39.790623 121.002675
v -156.635271 34.231562 132.233605
v -145.633073 38.339033 -8.879038
v -155.642989 41.020418 6.590671
v -152.316326 44.339473 29.065368
v -248.683106 387.244935 77.046233
v -135.038874 42.517955 95.003851
v -135.650035 46.884959 105.140718
v -76.140669 471.034193 -20.420039
v -244.116695 352.262895 119.390351
v -254.037900 324.671923 89.367808
v -252.963543 316.072275 104.677287
v -57.498227 25.856557 -94.435588
v -245.988215 279.054530 23.988472
v -139.803755 48.331857 5.679695
v -184.067888 378.253575 -67.314650
v -119.272868 40.683368 64.241453
v -142.814850 46.812602 119.492971
v -136.468211 420.486594 18.916570
v -215.019975 254.561455 -1.798778
v -117.644693 42.864892 70.056092
v -117.396857 51.138383 77.515428
v -203.931077 413.127331 -50.662669
v -69.091175 48.167035 -52.499670
v -208.038916 402.704489 18.331617
v -136.852951 57.361289 20.420408
v -120.062524 57.391719 102.314787
v -121.313533 53.150192 118.806538
v -190.030156 453.810665 -145.147405
v -126.079218 48.684457 -14.868217
v -119.014543 59.572573 87.028902
v -208.889568 449.274014 -114.027783
v 87.848067 302.272298 -27.973550
v -53.337100 253.554595 -58.512510
v -48.034119 54.618908 -60.072685
v 210.461440 122.341205 15.069871
v 168.663263 255.886429 -18.456859
v -128.178667 65.210325 -8.257387
v -134.381196 54.780814 -0.166347
v -112.237215 52.915293 62.493633
v -113.258285 55.677983 69.227761
v -117.589127 67.077422 101.171358
v -170.531332 442.472657 -180.922218
v -45.145416 62.993444 -54.272089
v 25.779207 261.766789 -63.880843
v -134.955860 70.762985 12.808416
v -53.446623 483.569085 -34.000600
v -40.916424 60.175623 -69.352165
v -48.871130 61.938525 -41.572510
v -130.279322 79.340783 -6.263005
v -114.333681 68.716053 71.168253
v -241.550431 396.753448 72.285742
v -202.264260 470.793596 -155.455696
v -207.039061 438.685982 -101.693405
v -36.011086 69.413009 -79.311207
v -126.223127 73.890072 39.576988
v -235.404071 326.021866 8.022823
v -245.350780 333.366450 24.814826
v -252.801872 330.595449 56.681877
v -106.705669 440.423212 -11.987558
v -124.892020 89.312862 -20.500339
v -136.178215 81.685587 34.211839
v -234.577348 352.556745 20.241946
v -255.338577 327.140394 71.725087
v -249.616068 334.499725 87.709035
v 129.416941 282.842512 -28.597580
v -43.053073 83.095721 -66.455017
v -48.557439 73.391117 -43.251693
v -141.433439 86.884005 13.728475
v -246.129510 343.350661 52.387096
v -150.037344 460.947161 -201.743671
v -165.121173 443.283528 -191.571882
v -25.936856 491.813184 -57.793770
v 2.242285 501.632205 -82.293279
v -46.948300 79.388339 -54.804559
v 91.376115 210.704114 -81.830049
v -136.371054 87.874476 1.352808
v -242.458927 345.847652 91.945702
v 70.956629 236.639094 -67.137964
v -246.583088 332.508761 109.137928
v -247.985346 352.709033 73.880940
v -259.521722 311.157989 79.373509
v -246.448596 328.062799 132.785848
v -94.783513 297.853885 -33.806085
v 94.337845 217.619050 -72.195724
v -75.162128 220.772311 -68.470547
v -163.242213 419.807099 -181.370869
v -203.123759 433.319593 -64.589161
v -106.504686 447.686894 -3.496662
v -201.492970 402.851347 -25.458193
v -170.752859 415.701639 -175.947774
v 233.616503 106.978406 3.254692
v -41.068041 93.082412 -78.543201
v -47.811385 106.403340 -71.280223
v 137.576585 232.424713 -56.409241
v -129.608037 426.271540 9.580351
v -167.040417 425.958586 -185.534677
v -205.774076 427.042361 -75.464810
v -5.093686 289.481360 -32.268565
v 129.074931 255.555747 -45.575049
v -172.871142 423.926735 -176.707502
v -28.972182 90.148030 -98.472177
v -32.640989 106.487594 -101.153864
v -38.959644 96.820861 -88.665322
v -52.968614 93.687272 -46.821500
v -181.214946 277.517312 -21.697290
v -177.556025 422.529941 -160.652438
v -45.324482 115.237151 -87.715034
v -54.214060 110.781335 -56.649536
v 101.662254 232.064002 -67.353158
v 205.136741 122.154901 8.143608
v 48.933432 264.253927 -60.916299
v -185.089863 113.065077 2.546072
v -207.447462 468.623031 -138.205558
v -222.570101 393.492138 19.086586
v -236.736753 336.610367 13.002529
v 144.608819 171.766857 -72.622893
v -194.718391 124.368465 -2.691724
v -126.600796 195.229043 -69.093839
v -189.158525 398.827594 -114.688979
v -193.543626 465.433441 -154.394611
v -39.814150 117.210386 -97.619113
v 114.529637 231.750613 -67.046136
v -216.019663 133.101700 28.769406
v -194.989217 404.741535 -58.623307
v -250.535926 330.624338 40.620311
v 53.543010 207.301341 -102.465768
v -203.825273 136.365725 -12.883051
v -211.332266 132.196287 15.162671
v -217.259813 134.594446 42.374901
v -190.622314 383.902319 -62.852166
v -249.709203 386.000327 59.495106
v -248.168633 378.527551 54.598649
v -173.411555 475.295594 -186.691646
v -35.032646 248.555049 -66.348979
v 128.172098 299.709854 -4.857530
v -208.659226 135.444661 2.135024
v -218.721123 143.050219 10.871309
v -224.328276 145.658175 34.991474
v -246.008927 389.324476 48.653406
v 59.148756 279.474091 -53.135798
v -193.632739 396.572406 -91.043104
v -41.177431 132.764650 -106.816383
v -48.203833 136.333552 -96.713264
v -52.971530 129.517114 -78.370101
v -213.735888 145.108412 -5.046113
v -243.613684 370.717726 46.821533
v -203.053044 379.560217 -9.625327
v -187.997735 419.057626 -109.346519
v 80.217207 272.711108 -56.515849
v -59.325743 143.507182 -70.013630
v -224.844928 159.123045 12.659580
v -224.341347 147.228069 20.609729
v -232.599656 159.596329 40.276022
v -232.120004 156.246106 53.364430
v -216.975917 149.608868 94.541358
v 145.675066 266.021051 -30.253974
v -198.538781 413.296777 -66.820855
v -245.360063 393.867930 57.761328
v -182.167479 435.820069 -147.053445
v -54.996912 145.997839 -87.894099
v -189.227463 156.422826 -41.113838
v -209.412453 156.640666 -18.534175
v -232.029550 165.343873 70.462918
v -226.335193 158.923369 79.303164
v -182.820834 415.442475 -136.404585
v -190.183818 428.637927 -113.297815
v 112.383805 256.724982 -52.073238
v -47.515959 146.492740 -105.013398
v -152.684343 476.361874 -201.096248
v -2.637750 273.484912 -52.693246
v -219.694871 159.413913 -3.088730
v -207.042881 359.240803 -10.459154
v -40.653339 153.955494 -112.498105
v -48.343553 157.861479 -102.888044
v -55.156841 155.209084 -86.009542
v -93.492522 283.546440 -44.384532
v -210.879660 170.642229 -24.393455
v -228.703792 169.272078 4.707455
v -234.515917 171.038364 46.588745
v -234.174980 165.408522 55.822881
v -228.918583 173.825787 91.029631
v -201.670091 166.316515 -33.407939
v -221.110299 167.975289 -9.673587
v -232.518619 165.097311 26.295607
v -249.209845 362.398924 57.497137
v -193.838012 370.915559 -18.996366
v -223.362806 337.227828 -0.687221
v -197.745405 395.581532 -61.662118
v -194.794300 400.224489 -60.040847
v -119.020240 295.883230 -31.220919
v -46.695806 174.666921 -97.272277
v -52.917706 162.987641 -92.558672
v -233.438209 179.737349 8.039781
v 14.407618 244.766497 -69.970196
v -240.580201 377.865852 38.072747
v -230.606011 381.439914 27.080537
v -236.978557 393.135985 38.992572
v -145.158113 7.508937 155.470744
v -239.569152 179.498126 32.123751
v -241.339896 182.502250 52.646427
v -238.620271 178.684809 56.802628
v -235.235496 178.075760 80.109141
v -193.741459 381.952745 -42.529602
v -60.013785 170.002850 -76.478842
v -228.444863 189.865435 -5.109321
v -238.923171 182.422118 21.218543
v -250.314633 375.764828 79.627445
v -260.000000 296.696715 64.972192
v -41.435723 174.552571 -107.863057
v -46.105089 185.385892 -87.365550
v -204.333747 182.768184 -34.226283
v -214.246205 183.972374 -21.174271
v -222.773095 188.237159 -13.968703
v -243.304317 188.445985 43.996508
v -244.308663 356.597490 51.132334
v -202.203399 396.142891 -13.740841
v -115.021924 437.127114 -3.960630
v -233.398428 316.252747 -0.013892
v -176.969732 407.522154 -163.234454
v -236.154013 197.062525 19.063294
v -242.257139 197.957649 40.391444
v -244.020275 195.352810 64.663662
v -220.963073 364.158206 9.166655
v -187.066751 369.898444 -31.854467
v -204.020995 445.065465 -118.287709
v 5.773618 202.938896 -110.043241
v -181.834920 407.057048 -148.454328
v -253.134665 308.090355 35.662926
v -198.556443 193.467214 -40.755942
v -221.668039 201.022769 -15.762839
v 21.414214 205.381729 -108.258756
v -41.994099 272.979253 -48.134007
v -68.426928 276.934370 -45.883243
v 14.648584 233.090133 -74.870909
v 78.596170 183.772463 -105.446801
v 34.817051 199.630297 -111.720045
v 109.258729 290.417505 -33.290640
v 153.840977 231.799845 -47.878430
v 197.335228 101.114066 -3.546665
v 152.568720 216.611855 -53.672893
v -10.680330 232.832310 -73.431283
v 169.410256 168.689974 -57.470360
v -6.316946 514.728690 -62.893756
v 77.807017 283.500995 -49.602254
v 245.007228 115.489142 13.857235
v 38.339904 266.717840 -60.764246
v 209.697656 104.962038 0.890315
v 22.487667 217.571795 -87.971114
v -146.314278 282.343557 -33.086038
v 99.652924 286.754161 -41.882749
v 107.366967 206.673893 -76.930878
v -47.228343 47.251769 -78.663080
v -3.235371 510.798139 -72.279609
v 12.621089 257.114582 -62.600409
v -182.335183 17.757942 7.555538
v 116.312245 244.541954 -54.450082
v -56.379464 285.184971 -35.006052
v -110.951419 283.439027 -43.300758
v 33.892668 282.060833 -46.507374
v 4.522173 511.644567 -78.133124
v -46.259622 15.847277 -95.989262
v 11.999808 504.927968 -87.260953
v -104.089804 262.472593 -53.621851
v 12.406265 192.591796 -117.892076
v -155.225037 405.332821 14.931492
v -128.488973 258.748254 -54.260694
v 19.116497 498.397303 -89.013700
v -32.736738 4.644800 -92.604050
v 34.054038 230.952043 -73.854900
v -134.711342 415.932483 6.986672
v 120.239243 196.260167 -78.449362
v 101.459829 304.940277 -17.942956
v -16.521310 218.179437 -76.494224
v -1.144033 216.994718 -78.563644
v -140.414447 395.676813 2.762405
v 68.250913 316.167119 -10.003833
v 27.695367 223.240916 -76.642423
v 15.513043 495.809288 -92.427834
v -148.510984 401.303605 8.318483
v -42.796691 280.943544 -40.864460
v 158.624659 264.432422 -22.467072
v -49.980341 6.037976 -97.782761
v 10.421769 488.758118 -89.295083
v 95.252206 275.417126 -49.947246
v -151.458838 392.015245 -0.494147
v 179.248849 226.841924 -28.038869
v 218.891340 128.989470 25.077709
v 54.744988 289.985309 -40.646787
v 112.432568 190.372870 -85.946301
v 79.709772 215.897538 -78.148004
v -88.564060 43.412879 -34.484073
v 28.301065 269.539715 -56.161170
v 14.901647 275.678568 -50.286575
v 213.267027 137.555371 38.949138
v 141.160735 254.730734 -40.543162
v -85.992433 270.172526 -49.284910
v 249.831328 103.385676 13.774322
v -143.807467 10.811202 -26.853513
v 45.555426 255.748721 -67.167289
v 146.863370 93.959070 -69.741865
v 80.111202 229.911535 -66.185799
v -71.803225 306.134447 -19.583799
v 143.246544 276.334738 -22.578774
v -149.127574 1.978396 -26.272918
v -142.990195 382.493694 -1.361588
v 91.517980 226.444113 -69.130068
v 167.174841 232.667053 -37.887348
v 98.258408 239.436739 -61.778613
v 133.683168 203.392273 -69.469129
v 162.060913 198.318293 -56.042095
v 77.327164 223.204553 -69.758052
v -80.823709 42.937684 -55.165035
v 174.970256 217.435058 -35.279158
v 87.854837 294.618279 -38.391968
v 236.394073 129.757510 27.760502
v 142.170075 286.535282 -11.900187
v -71.550463 30.687762 -85.164755
v -38.244791 260.935408 -55.363940
v -145.627476 368.925366 -7.736245
v 120.039265 236.959119 -59.825285
v 81.591346 195.628529 -101.081038
v 32.591422 298.580199 -33.118982
v -7.529548 211.983275 -87.463511
v -0.511356 245.934358 -68.773077
v 54.050444 227.522425 -71.637783
v 26.083513 308.229271 -21.143740
v -172.045157 491.821495 -192.148222
v -22.787415 274.238976 -47.238347
v -144.211947 31.946714 -17.308771
v 234.345968 86.139190 -4.702394
v -67.467055 12.726826 -94.616295
v -132.093031 362.226361 -4.425401
v 179.288597 236.000418 -21.716661
v -63.958914 291.874692 -30.692772
v 24.947323 174.654085 -122.762560
v -145.204362 291.920037 -26.465455
v -77.222801 295.764825 -33.809034
v 151.225078 251.923337 -37.338323
v 50.027831 276.923176 -52.573903
v 185.831427 190.504881 -37.091291
v 50.488413 197.512081 -110.020284
v 223.878720 94.851781 -6.644897
v 243.511668 99.202229 7.281360
v 124.880826 274.291057 -38.948300
v 5.479432 283.765554 -43.512030
v -181.172215 128.024168 118.563562
v 132.295824 178.616508 -78.567532
v 174.807646 181.407684 -52.371546
v 117.974940 295.409376 -20.772472
v -28.906093 27.183542 -92.909295
v 28.796200 212.704864 -98.288118
v -134.088854 1.890321 -32.455070
v -59.614064 38.323415 -85.931923
v -78.593154 284.752741 -40.859601
v 111.225563 270.503108 -46.968593
v 199.193878 92.121701 -6.622711
v -113.566714 8.800666 -36.525274
v 80.921100 205.104333 -94.512570
v -9.738788 199.768140 -111.114246
v 15.811116 297.880092 -27.581403
v 219.874171 117.794567 10.649245
v 45.960509 218.151084 -86.871219
v -121.984047 346.598231 -0.589125
v -102.181553 325.901986 10.634566
v 71.270722 292.008782 -41.721982
v 48.313055 300.269805 -29.828079
v -26.920156 209.623557 -79.360539
v -85.447496 9.993930 -86.369951
v -125.970432 337.617361 -8.411250
v -113.071311 335.329598 1.323952
v 65.033304 213.258582 -90.235652
v 30.110618 318.054827 -1.544240
v 78.127678 324.131176 8.080467
v 172.743253 197.612522 -47.497074
v -170.877263 494.595580 -190.053599
v -56.687524 262.098477 -55.620356
v 71.263583 304.853175 -26.633126
v -22.016527 201.361461 -102.383659
v -107.852148 323.398225 0.533961
v 53.686583 318.112102 -5.921029
v 64.671387 189.513739 -107.734598
v 81.291932 263.614112 -60.566413
v 152.796682 193.869683 -63.300985
v -123.295649 305.193542 -19.655184
v -103.701645 292.692232 -37.973747
v -9.435588 294.192484 -27.034053
v -161.693332 491.588071 -195.307080
v -116.974950 14.446059 -34.456323
v -118.382905 321.695213 -8.835738
v -95.627529 320.410355 10.269264
v 46.094063 321.347372 1.385685
v 80.479654 314.728499 -12.484302
v 95.414682 314.668073 -5.706841
v 234.119179 121.987231 15.454645
v -154.902666 485.280844 -197.435116
v 150.831624 104.165981 -64.399673
v 171.594797 240.362461 -29.300100
v 160.116299 249.989346 -32.093522
v -107.859924 273.122961 -48.543045
v -53.692381 300.603806 -14.835173
v -113.920823 314.545178 -11.180442
v -62.003709 308.892311 -5.603584
v 245.510072 122.800481 21.453744
v 1.877988 307.697940 -7.264838
v -0.568363 261.033638 -60.674160
v -124.964544 21.687923 -30.371742
v -58.279705 47.603598 -69.773502
v 102.217245 203.109080 -83.601999
v 59.255397 220.940886 -76.657840
v -99.397883 314.795393 -11.401667
v -83.566022 313.577026 -9.021740
v -14.074758 301.044280 -15.539569
v 15.652226 309.721882 -12.462250
v 41.619547 312.007031 -18.322937
v 61.026845 4.933557 -73.003243
v 6.550672 5.901909 -82.409606
v -15.412032 4.977560 -88.733422
v 96.553821 8.887902 -67.877450
v 69.124990 9.448658 -75.057280
v -115.082752 212.169110 -69.081841
v -127.394977 217.145598 -66.837244
v -36.182443 457.426486 -55.928617
v 101.080384 20.334629 -70.426455
v 71.025266 17.978665 -76.036558
v 33.356412 10.505420 -79.410844
v 11.798757 14.711590 -83.481751
v -103.464132 9.406531 -39.609966
v -96.484380 252.120030 -58.027462
v -111.584263 256.714760 -57.048285
v -164.103890 10.589239 -19.186860
v -22.303641 452.228571 -58.115269
v 40.917228 17.074257 -80.200936
v -27.325005 13.845153 -92.734654
v 153.522695 13.567524 4.046895
v 29.673026 27.414487 -81.871271
v -0.010021 21.596095 -87.414749
v -162.057896 358.718253 -20.787353
v -101.477893 24.769465 -34.812845
v -173.166032 13.967949 -11.640990
v 181.403227 23.123326 2.090484
v 174.777584 26.634047 -4.441421
v 73.673338 27.569992 -75.685935
v 118.845431 224.536633 -69.189656
v -146.489422 248.588463 -52.147840
v -152.734949 22.910780 -19.846146
v 141.622491 20.691486 -8.522181
v 55.541112 33.798963 -79.234225
v 29.130234 33.946827 -82.638071
v -1.882278 33.271052 -87.749352
v -32.226555 38.085667 -89.574355
v 69.063090 255.153211 -62.743245
v -138.853567 209.061762 -64.124825
v -165.296082 30.267664 -4.261686
v -147.994668 203.976488 -58.761385
v 161.379976 31.299961 -10.698444
v -56.102672 10.163846 169.487556
v 114.127068 36.951521 -72.339633
v 91.957181 36.368211 -78.569811
v 70.999728 41.881760 -84.812859
v 28.655006 39.676575 -90.349633
v 3.527009 39.325147 -88.461859
v 153.464247 38.165531 -15.765084
v 83.682517 39.355880 -79.416273
v 53.079076 40.445754 -86.553205
v 50.597602 48.626411 -95.336041
v -49.382888 38.308166 -89.137567
v -56.366594 414.248574 -31.981049
v -113.781137 32.842743 -28.608908
v 179.942152 47.064660 -15.494995
v 140.009397 31.284210 -18.549056
v 138.624566 50.470885 -60.963553
v 103.105197 41.119183 -77.833643
v 101.134878 51.344728 -84.016936
v 68.809859 49.661289 -92.309865
v 26.831646 46.071474 -95.177520
v 10.211838 62.185690 -103.093015
v -14.746243 44.731720 -88.708287
v 189.334943 41.385318 -10.205487
v 169.004905 51.637741 -16.449305
v -162.714669 221.140764 -51.403327
v 60.618779 57.220966 -96.772148
v 28.892587 55.418350 -99.164877
v -1.285394 49.937812 -94.709330
v -30.995856 48.201789 -82.669674
v -227.714628 259.644719 137.308859
v -115.676988 50.139533 -21.612433
v -220.205825 316.187362 -10.715670
v 185.883507 61.621349 -17.456601
v -197.204020 221.629665 -35.006488
v 124.287462 60.456806 -78.466622
v 76.225526 59.208310 -92.622852
v -29.249242 60.870770 -85.133554
v -62.878424 53.923929 -38.148187
v -87.197193 431.967874 -29.677433
v -163.523965 480.413276 -197.807657
v -58.147627 472.942545 -39.647971
v 202.672292 56.478833 -15.088270
v -112.411186 409.379967 -12.435372
v 141.646721 69.440256 -67.727509
v 90.322135 53.450209 -88.035561
v -17.569292 68.040445 -96.028708
v -53.872720 61.557538 -31.524522
v -69.752640 54.375966 -33.996143
v -80.265333 53.539256 -32.856869
v -99.148908 47.525980 -28.834457
v 205.353376 66.971316 -16.256030
v 167.591353 59.355738 -19.290586
v 108.850529 59.853822 -83.501860
v 79.210179 72.726200 -97.454794
v 63.486434 74.377198 -100.046328
v 58.293044 65.546772 -97.296273
v 44.079807 62.198895 -100.460359
v 24.720735 74.030060 -107.820159
v -8.382981 83.499597 -108.710692
v -148.411414 336.989578 -19.245811
v -88.841991 74.893447 -33.245330
v -148.398913 452.531739 -193.408380
v 215.747798 65.800406 -12.225105
v -69.046199 262.071967 -56.172900
v 123.241893 70.713820 -85.882758
v 74.395262 84.028448 -98.603083
v 20.769339 68.009914 -106.980199
v -60.986963 63.749117 -29.710512
v -99.437329 60.306495 -27.976499
v -171.405644 273.561491 -26.906566
v -181.804523 396.473439 -144.770273
v 36.565172 4.962479 -76.218136
v 112.750850 74.554386 -89.825106
v 92.203106 71.645173 -94.795092
v 52.342539 87.747995 -106.837999
v 38.769687 75.001094 -105.092927
v -116.980547 64.215631 -19.848492
v -120.065607 89.595753 -25.049759
v -187.000461 216.006928 -43.408103
v 204.877779 75.433591 -15.262274
v 185.212256 72.473672 -15.751511
v 186.469767 82.103707 -12.655592
v 25.468164 87.807348 -110.444738
v -61.872636 73.646929 -30.373016
v -72.174459 71.028282 -31.580389
v -3.105839 9.985954 179.985100
v 223.897723 83.067368 -10.519747
v 210.919374 87.032103 -11.041828
v 106.946769 88.845309 -91.035597
v 90.867038 81.360602 -95.558306
v 35.744214 90.309701 -111.311811
v 15.022935 87.426160 -113.231089
v 7.821823 99.959141 -118.584475
v -100.037329 88.916057 -35.704349
v -133.289278 306.628778 -19.124088
v -209.250077 292.390171 -14.049773
v -209.576135 309.322462 -15.534810
v 131.176357 84.395962 -82.215962
v 81.867400 96.481431 -99.380875
v 67.399859 90.980148 -103.889273
v -0.037100 93.722897 -115.445758
v -52.587091 80.052955 -35.600087
v -58.004053 94.364120 -38.778551
v -57.296037 79.479799 -32.057126
v -73.136746 83.762749 -33.592668
v -94.534806 98.578098 -39.909044
v -134.374896 337.410144 -13.890883
v -94.016982 416.077196 -24.099537
v -207.145568 121.813092 44.550125
v -23.222527 229.743764 -74.917560
v -37.944908 221.234000 -74.058698
v -111.520754 390.996052 -7.238027
v -54.452176 209.960573 -73.543689
v 121.726727 96.368958 -86.500220
v -73.944868 234.698166 -64.209850
v -107.754522 76.985556 -29.286560
v -124.645893 374.272719 1.249819
v -96.284771 218.514208 -67.856537
v -114.316623 226.004075 -67.487616
v 134.212152 98.807970 -78.978078
v 88.953056 100.111228 -99.399408
v 53.403390 104.730222 -110.625110
v 27.730825 102.860478 -115.181501
v -106.073998 105.516091 -38.700732
v -119.056167 244.109758 -59.617901
v -128.909908 230.766811 -61.715406
v -141.566992 220.261491 -59.456062
v -137.561235 238.033107 -57.119435
v -34.561775 469.234527 -57.163506
v 132.825244 113.185593 -83.165715
v 104.965289 104.850571 -95.090585
v 94.751139 114.857504 -98.594403
v -3.145453 110.431617 -121.236904
v -161.734822 339.198617 -22.145104
v -197.827916 365.758464 -14.500603
v -82.315449 94.936438 -37.976361
v -131.867649 95.888971 -14.316645
v -151.903032 98.985025 -10.181525
v -68.675702 439.638382 -40.701985
v -10.114882 441.663865 -54.047009
v 77.380116 107.601430 -104.163987
v 36.448979 121.339741 -115.459667
v 20.987045 116.257517 -117.415474
v -62.285327 112.297004 -46.760672
v -124.650786 104.995217 -26.285753
v -157.688212 108.124114 -18.288786
v -157.918017 316.480776 -23.684970
v -33.982787 9.632415 183.770837
v 122.056035 112.933636 -90.064932
v 97.445159 122.741664 -100.779479
v 74.492553 117.091277 -104.725279
v 41.531807 111.632657 -111.896362
v -17.127444 113.394117 -117.478112
v -96.662105 406.724053 -19.487279
v -116.872062 112.408371 -35.652436
v -138.427303 111.119056 -28.694904
v -134.697468 368.012513 -2.540476
v -213.987644 328.063603 -9.911804
v -133.196210 319.051163 -15.815925
v 115.820528 123.427359 -93.579072
v 78.083708 125.616927 -107.388935
v 58.847566 124.419104 -110.530031
v 11.947258 120.593017 -122.108870
v -169.547027 286.835868 -24.290500
v -71.447441 103.398646 -41.379268
v 62.515434 267.185561 -61.370782
v -198.235077 116.832046 65.688151
v 22.785539 131.916244 -121.250510
v -3.938762 125.020043 -123.873011
v -20.896558 132.274777 -122.628839
v -31.232632 126.909259 -113.844461
v -173.383169 355.193858 -21.188850
v -61.874245 126.541175 -55.397220
v -82.971753 122.205675 -51.248996
v -120.753884 123.964856 -44.850711
v -168.166486 115.050344 -17.853473
v 21.972892 488.125341 -94.028796
v -195.962295 313.325638 -21.924515
v -236.471457 265.340919 145.892153
v 85.631890 137.379288 -106.962973
v -159.019420 426.097636 -186.200901
v -92.341686 134.264702 -54.936637
v -97.062362 121.104105 -48.415994
v -104.418207 131.485624 -49.013246
v -137.480366 121.414745 -43.347644
v -185.234308 128.118007 -20.072098
v 141.676046 136.685348 -78.611268
v 108.989210 135.552074 -94.728902
v 72.464590 135.577645 -110.831288
v 48.755942 136.104953 -115.304530
v 31.561169 139.048485 -119.784140
v -11.476956 146.741849 -125.885223
v -57.695523 130.005245 -64.818966
v -72.700360 132.480586 -53.689248
v -159.498770 133.407113 -46.427141
v -159.794062 123.590941 -36.126324
v -23.639139 430.102688 -43.641628
v 130.386935 131.987026 -85.185366
v 108.361292 145.038569 -94.256925
v 95.095394 139.252752 -100.212088
v 6.934876 148.570236 -124.029823
v 2.620758 137.336524 -125.282407
v -114.962303 133.258378 -49.469270
v -138.039748 136.428564 -53.756577
v -176.979083 130.747981 -31.677949
v -198.386896 280.952291 -17.009860
v -71.005526 248.689105 -61.979026
v 92.153405 156.105683 -102.309123
v 38.398520 150.660938 -120.632412
v -31.104910 143.712522 -118.297361
v -74.937987 415.167426 -30.491823
v -163.578525 142.602271 -51.168428
v -178.886764 141.943119 -41.413017
v -192.673603 139.077776 -26.380598
v -156.269164 464.315716 -200.848848
v 159.143388 142.156067 -64.667952
v 121.004903 153.185511 -88.013442
v 27.486810 154.260840 -122.067614
v -21.446589 144.976702 -123.680708
v -71.441744 144.378880 -57.516978
v -91.929867 148.648592 -58.797948
v -114.700492 142.083006 -55.983848
v -180.286073 323.873621 -24.400359
v 150.640126 152.406311 -70.212368
v 81.782141 154.586562 -108.023187
v 72.896383 149.865551 -110.353044
v 3.158557 160.383237 -126.358775
v -5.701630 167.683650 -125.772717
v -210.931976 344.384902 -8.934638
v -47.520685 445.858539 -49.462903
v -63.505571 147.255149 -59.962357
v -107.727041 153.415048 -60.638267
v -128.241338 150.073136 -61.240781
v 135.754364 157.282727 -80.325775
v 97.374545 168.061788 -98.160095
v 62.522975 172.204416 -111.789955
v 55.607168 152.929263 -114.952265
v 54.874787 166.354822 -116.958344
v 41.525976 165.842527 -120.599937
v -54.967956 242.886733 -64.230595
v -75.091917 161.626036 -63.973911
v -145.968715 155.694835 -59.967451
v -83.687778 236.800128 -64.851776
v 18.757094 165.570428 -124.026271
v -21.384219 162.130789 -123.488539
v -34.963037 158.390497 -117.762712
v -62.568453 157.134126 -69.855310
v -94.051568 163.172772 -63.647217
v -113.434971 164.216832 -66.637903
v -129.772088 162.937169 -66.597351
v -238.917004 261.559505 67.022609
v -185.115267 260.635659 156.991675
v -55.495667 457.646706 -46.808027
v -167.697894 96.723335 77.280194
v 159.296447 163.075883 -62.195862
v 110.680291 178.195338 -92.061995
v -177.807715 224.439710 -44.793302
v -157.634121 162.189807 -58.403422
v -171.303292 156.933779 -52.435725
v -97.027172 436.008719 -22.440228
v 95.609800 183.324314 -98.456794
v 80.883565 174.138875 -105.056598
v 44.791945 179.996747 -117.227595
v -34.061244 171.601231 -116.894935
v -66.198652 174.293676 -70.694131
v -73.698138 174.013901 -68.486901
v -136.992101 177.451194 -65.741170
v -153.430263 177.907620 -59.276226
v -182.967893 306.245747 -23.835648
v 105.912092 220.290615 -71.588015
v -14.618957 474.586572 -68.686343
v 6.624235 180.904807 -123.448021
v -21.733602 188.208136 -115.773927
v -116.611290 171.297126 -67.425715
v -176.552316 175.434055 -52.671060
v -181.365490 248.802818 -33.562103
v 157.335076 177.537191 -63.428103
v -129.958091 276.044507 -44.116856
v 29.166195 186.874448 -117.533242
v -215.848340 263.892211 2.008408
v -6.606808 189.448186 -119.006214
v -14.409696 178.554909 -121.879500
v -30.193062 186.269555 -112.606858
v -107.861298 192.443396 -68.150321
v -63.924730 4.913482 -98.406825
v -54.840838 0.994158 -94.642135
v -30.709546 0.593532 -83.244841
v 0.279104 1.011250 -77.561879
v 38.380791 1.739743 -70.775335
v 78.037794 3.294757 -64.925473
v 103.059317 5.262027 -57.411442
v -86.014150 2.946547 -86.393578
v -55.097923 0.901056 -84.579803
v 77.357460 2.868460 -57.918710
v -92.046026 1.185590 -68.476244
v -23.026269 1.076033 -72.844253
v 17.568789 1.962343 -65.593507
v 49.467176 2.493573 -59.818415
v 62.112094 3.853301 -50.691893
v -35.240801 2.011407 -66.597217
v 11.494384 3.524596 -58.788363
v 88.441801 3.007275 -46.724443
v 6.097094 8.607323 -55.331935
v 48.439001 8.690941 -48.419211
v 63.861656 10.394824 -44.579282
v -61.660057 1.760522 -63.763745
v -31.082992 8.742787 -60.066753
v 84.035821 7.826515 -37.423146
v 91.407485 4.801545 -32.778681
v 103.411314 3.932964 -43.613275
v -67.596687 7.944350 -45.329391
v 48.021685 17.088333 -42.484860
v -76.013282 1.033302 -74.167082
v -81.407756 2.332907 -35.240851
v -49.563796 7.649327 -59.393056
v -11.011012 15.934380 -52.746031
v 19.061266 16.691259 -47.469492
v 71.227455 14.730358 -38.458560
v 109.494433 3.707750 -4.974762
v -104.131864 2.769594 -46.705005
v -102.957669 1.048384 -37.945595
v -55.655059 14.300876 -49.184837
v -37.035138 17.073453 -52.711277
v 27.797417 19.166802 -38.603173
v 77.940268 16.272000 -29.098815
v 81.155799 4.522005 -5.125675
v 96.409644 3.436857 -14.997045
v 124.724316 7.566380 -7.702933
v -8.338173 18.274057 -42.630948
v 52.488895 19.662172 -29.824426
v 69.091476 19.151787 -22.120772
v 81.511415 11.473504 -17.692573
v 123.227247 5.141343 -1.394935
v -94.702376 0.973882 -37.016991
v -46.765515 17.862639 -42.122038
v -116.290092 1.404939 -35.525619
v -23.312479 17.681463 -32.210284
v 69.622840 16.417316 -7.755415
v 88.307108 3.092400 10.719323
v 153.786718 8.345278 16.908983
v -131.255383 0.737341 -25.612559
v -9.124846 17.411542 -10.259243
v 111.146638 3.635896 12.658642
v 127.773818 4.404204 23.884277
v -76.644719 9.598733 -19.630819
v 8.542977 17.890188 -9.453534
v 64.102287 6.831151 12.758312
v 103.273639 8.022907 17.997516
v 107.658940 9.818920 17.243318
v 135.912315 4.560613 18.334801
v 164.788111 8.398967 28.509974
v -157.231048 1.565203 -21.865497
v -159.077600 0.846563 -12.209320
v -71.270085 17.456417 -19.524211
v 24.699554 18.693383 -20.117107
v 69.603771 2.983781 21.642361
v 87.907353 9.117473 20.141136
v 156.375571 5.597602 37.928403
v -120.413147 0.630062 -1.104235
v -82.009299 1.828187 -1.333236
v 45.881651 18.889440 -4.347180
v 77.149875 6.113617 26.916888
v 126.343309 8.804788 34.409336
v 175.636011 10.780570 37.863386
v -168.499916 1.776910 -15.706536
v 53.586846 13.788548 20.961022
v 66.860486 2.732762 44.387515
v 72.785653 2.303079 35.688598
v 140.529433 4.145710 41.875174
v 150.978483 5.819599 58.645963
v -168.347864 106.695246 96.436841
v -99.132151 0.989768 1.970336
v -54.837520 16.373245 3.207504
v -51.187179 16.802224 3.556418
v -16.394627 16.609888 20.082721
v 136.507590 5.049917 64.418608
v 199.474859 22.344327 34.902863
v -140.099315 0.510518 4.241510
v -68.749165 1.082836 20.291815
v 21.371249 17.355774 25.844408
v 51.648767 17.901348 12.999780
v 55.272430 7.214148 32.652602
v 51.584387 9.662678 48.349971
v 130.884450 10.970460 51.819169
v -181.515030 3.471477 2.341034
v -175.161956 1.366465 4.305388
v -160.950226 0.656740 14.426135
v -101.409391 0.643334 16.914178
v 43.921487 16.297437 48.692651
v 168.497001 10.514804 59.484683
v 181.144365 14.075931 54.621338
v -96.771997 1.319579 26.517234
v -73.189329 2.102699 33.624272
v 24.446423 16.900219 57.151106
v 128.360514 8.369106 65.860513
v 206.704960 26.546710 58.617643
v -186.582944 9.873313 10.173247
v -183.312383 3.830880 19.052402
v -36.832144 15.929186 31.569732
v 0.819081 16.678457 39.204816
v 83.467055 5.137690 65.743884
v 135.363792 8.648948 89.884292
v 194.589295 24.381976 74.515594
v -115.790935 1.125399 31.889221
v -101.558997 7.505787 32.048244
v 51.579527 12.366786 61.881166
v 59.379868 5.005243 57.365696
v 65.987648 4.445124 68.140702
v 100.810027 3.584653 76.766961
v 104.307209 3.738817 77.335023
v 114.922421 4.478806 78.835443
v 156.407208 9.849485 71.567270
v -75.142288 10.108816 41.128886
v -45.264927 2.297382 54.254628
v 123.606324 6.242981 98.869653
v 140.054238 16.068872 103.597802
v 168.859890 16.736973 81.810712
v 220.577260 37.749220 74.205657
v -138.832118 111.592809 122.435028
v -169.346110 1.798158 34.214051
v -59.961570 1.738738 46.654265
v -43.576159 3.274649 59.773372
v 62.011518 10.057506 75.948885
v 207.578200 37.922856 90.483588
v -174.526229 257.762105 135.687621
v -137.004233 1.048283 52.022297
v -122.023292 0.922974 51.843634
v -63.377547 8.652299 56.924015
v -40.420149 6.993693 63.114379
v -32.775615 14.855733 57.602338
v 52.628212 16.213853 73.426658
v 173.764926 25.685234 95.356116
v -177.237408 3.917380 37.806077
v -124.732896 0.000000 58.080582
v 71.326053 12.761882 87.932472
v 78.628310 6.350326 86.459969
v 84.401927 4.821989 85.593231
v 186.618837 25.883100 88.674036
v 47.444441 18.155082 89.192463
v 67.105138 18.092646 91.764626
v 86.474263 12.001450 100.422757
v 100.534475 5.113862 110.975599
v 131.014149 12.545650 115.902285
v 153.323689 19.606069 96.242292
v -237.857494 263.098734 129.452952
v -3.584921 16.401699 72.810705
v 90.113108 12.526815 108.266062
v 198.058660 40.638593 102.295282
v -226.355067 270.022752 160.852751
v -191.012484 253.521014 136.400195
v -115.430560 103.656334 119.779918
v -150.734333 2.372654 61.608194
v -66.573103 6.683689 82.157011
v 6.269222 17.875040 103.426077
v -214.803408 255.920480 132.019853
v -244.725007 269.995472 115.045300
v -177.137034 118.701321 109.289512
v -206.610183 256.644616 147.462047
v -197.810556 250.145186 129.400804
v -130.502760 2.741945 94.364002
v -71.983932 7.101943 86.676704
v -61.942278 2.915312 81.194691
v -30.153382 15.265944 71.933444
v 79.452351 19.084089 103.996417
v 108.081853 5.169662 128.918672
v 120.412443 7.811233 127.770450
v -157.060362 109.717803 111.636159
v 189.037540 38.975496 105.483935
v -212.791866 128.668574 58.574243
v -125.290669 113.990364 128.753515
v -188.715102 385.952737 -91.379852
v -141.426132 135.535987 143.035389
v -143.171372 92.935420 -2.993182
v -154.134023 4.312778 83.744367
v -84.102245 1.201140 95.254267
v 86.404453 14.509869 118.582665
v 84.889488 5.288838 126.506371
v -244.662235 273.712405 148.312397
v -163.362494 137.810982 136.235373
v -160.342116 95.224322 5.723464
v 73.899959 20.769272 116.472626
v 124.173011 12.478152 136.768647
v -168.258817 100.484808 -0.895242
v -159.791079 91.632430 19.158540
v -135.459474 79.396483 21.448415
v -192.913061 131.130577 110.302170
v -151.544064 3.462931 111.821156
v -100.776513 3.801254 107.229241
v -13.450728 17.062158 98.365804
v 111.400942 7.792700 143.316772
v -175.232268 263.889731 156.853128
v -184.362845 386.426959 -111.122994
v -176.745792 99.753801 16.951646
v -228.106339 151.088308 60.138373
v -249.303550 276.755037 87.765707
v -241.390837 269.056075 84.977680
v -182.657856 267.923102 170.675861
v -127.608226 123.909257 135.096334
v -202.451368 247.497148 121.389426
v -148.939292 86.122635 32.086015
v -164.502740 5.748248 103.554067
v -137.704240 3.718944 126.508583
v -117.456043 3.888859 121.043863
v -60.438373 4.730496 120.852901
v -47.535833 16.361516 113.519711
v 39.678854 20.292703 127.971266
v 97.274204 6.259000 147.806101
v -194.707432 272.397216 175.139753
v -213.377657 269.015658 161.288299
v -192.057617 121.575679 96.341460
v -208.462902 144.208629 102.989591
v -162.530209 4.923435 118.058306
v -56.489758 3.466014 128.681427
v 72.834751 5.043516 150.626402
v 94.335934 9.729505 154.615133
v -146.685411 126.832378 134.511716
v -241.899277 272.129306 100.301570
v -173.410315 93.103727 40.350892
v -220.891018 278.768622 167.572468
v -84.161599 3.880313 116.234141
v 18.469577 20.843338 135.149621
v 46.834487 5.279923 157.829557
v -160.064017 87.720245 48.742520
v -140.023439 82.080918 49.975365
v -21.848388 19.637840 133.906923
v -4.554849 20.149934 137.022381
v 1.103983 5.036813 151.372389
v 67.334474 8.457483 159.214354
v -229.332078 263.745554 106.906870
v -230.723243 261.433325 119.701964
v -193.474587 111.838734 20.703568
v -182.021560 98.670362 34.458434
v -148.629623 85.542742 60.397871
v -100.915429 4.414727 138.151165
v -80.297908 4.552302 140.674163
v -31.912965 4.518017 150.664574
v 45.636463 9.786110 165.409376
v -211.606075 254.226449 119.316621
v -143.812963 100.057203 101.451602
v -115.206887 116.467649 130.304273
v -111.687855 126.090412 137.284159
v -187.642387 104.194837 55.928818
v -173.302098 93.519869 56.425260
v -75.548511 7.139412 147.377056
v 29.057341 5.692179 164.167014
v -165.156329 123.642519 124.119372
v -173.608315 390.815914 -129.260280
v -184.062995 112.986085 88.617665
v -195.433981 111.424334 39.299660
v -162.026058 8.833442 138.269704
v -67.355654 8.763029 155.090662
v 24.541503 8.940519 170.641274
v -229.152209 280.706869 166.301920
v -156.059735 98.800363 90.922956
v -167.008512 92.806190 65.632082
v -138.636464 89.399462 80.729518
v -158.894380 5.639260 137.019097
v -122.744814 4.189647 148.348491
v -4.124496 5.194899 170.073380
v 17.964823 14.514461 173.461541
v -195.602589 262.189635 161.501917
v -202.315670 122.381422 21.927598
v -187.680023 104.136891 45.482952
v -205.176456 126.298232 76.426627
v -149.011649 4.626636 145.709200
v -126.022345 5.688693 155.360182
v -97.034546 6.357866 150.814113
v -57.079738 6.229977 162.342145
v -39.736900 5.943634 174.378852
v 5.008226 6.490012 172.985911
v -162.485199 410.929988 -162.152825
v -166.453956 386.769506 -100.867085
v -151.802055 437.602978 -190.706719
v -155.753049 399.310162 -103.020122
v -90.336579 383.480747 -2.215457
v -163.870298 376.383261 -58.624111
v -167.277696 403.100356 -159.576171
v 21.174120 446.985647 -67.912103
v -153.975536 437.911541 -194.099505
v -179.676454 361.890785 -23.382070
v -149.906505 358.821845 -16.057226
v 17.924439 465.496950 -85.000503
v -157.282123 443.927498 -196.463345
v -38.266274 416.483151 -31.895990
v -5.598373 423.506738 -32.465795
v -167.234329 399.010010 -146.737944
v -110.916464 380.043924 -1.270699
v -49.094031 406.506681 -20.771836
v -169.737654 408.088942 -167.945110
v 19.753665 479.863312 -93.048278
v -185.274525 389.920187 -126.627792
v -158.956783 386.979538 -81.832529
v -155.021607 369.010826 -20.136880
v -121.463106 360.662499 3.378827
v -75.301178 397.952880 -17.219858
v -160.854008 398.133285 -116.304352
v -159.524811 419.038791 -176.866928
v -165.482923 364.878555 -26.457144
v -170.755708 377.843665 -73.231473
v -160.634994 404.817712 -130.645982
v -25.017434 414.121958 -21.343919
v 3.611565 435.056588 -49.983743
v -181.266456 371.121134 -44.996564
v -92.300866 394.888933 -14.088314
v -154.485953 380.845544 -38.931006
v -157.363428 371.934082 -33.223948
v -172.307840 370.662461 -45.250231
v -112.173338 368.840341 10.046028
v -39.327896 431.575660 -44.586186
v -164.251553 369.596282 -37.210936
v -131.972581 350.000233 -8.663912
v -174.494022 381.802703 -91.351030
v -148.013100 458.173479 -198.929235
v 9.736878 450.969821 -68.418633
v -176.324287 395.158318 -144.298631
v -128.154001 80.432835 61.910893
f 1069 1647 1578
f 1058 909 939
f 421 1176 238
f 1055 1101 1042
f 238 1059 1126
f 1254 30 1261
f 1065 1071 1
f 1037 1130 1120
f 1570 2381 1585
f 2434 2502 2473
f 1632 1654 1646
f 1144 1166 669
f 1202 1440 305
f 1071 1090 1
f 1555 1570 1584
f 1184 1174 404
f 65 432 12
f 1032 1085 574
f 1789 2207 2223
f 1154 1118 1184
f 1141 1086 1154
f 99 1117 342
f 404 1174 419
f 489 2000 1998
f 1118 1174 1184
f 1196 403 136
f 1495 717 1490
f 1804 402 1207
f 2272 1398 891
f 1100 1002 804
f 1596 1595 2381
f 208 420 1207
f 402 208 1207
f 1455 1935 1925
f 1176 1059 238
f 1150 1040 348
f 1957 1537 2051
f 1124 1189 939
f 1804 1207 1823
f 1381 1300 1109
f 383 384 1182
f 1085 1086 1141
f 1040 1046 132
f 220 1495 1188
f 420 261 1207
f 261 420 1065
f 1055 1133 1101
f 1054 421 403
f 182 1109 2
f 1181 1207 320
f 545 1570 1561
f 35 342 432
f 1024 574 1141
f 432 342 12
f 1489 1081 1547
f 1181 320 1805
f 1516 1683 1507
f 357 1117 1047
f 1561 1570 1555
f 1090 1196 1206
f 1047 1203 1051
f 1165 202 1121
f 1099 341 301
f 1174 240 419
f 922 921 833
f 1121 1080 385
f 815 21 1183
f 35 99 342
f 1083 398 262
f 106 94 1317
f 94 292 1317
f 292 95 1317
f 940 1039 1033
f 1300 1306 433
f 21 212 471
f 1120 1131 1037
f 833 921 688
f 1117 357 342
f 106 271 94
f 386 227 1375
f 1130 1044 1053
f 419 240 219
f 1255 1244 32
f 1557 1081 1489
f 2062 2120 2109
f 2034 2110 430
f 23 315 1111
f 291 94 271
f 291 292 94
f 50 386 95
f 964 734 665
f 1616 1585 1611
f 445 1084 402
f 574 1085 1141
f 1654 341 1653
f 220 1188 1640
f 342 69 12
f 417 261 328
f 292 50 95
f 204 227 386
f 50 204 386
f 1276 1471 1311
f 1206 1196 136
f 1033 1055 1042
f 1037 1044 1130
f 1180 320 417
f 1121 202 1080
f 325 203 271
f 291 76 292
f 292 237 50
f 2159 1696 1767
f 583 929 850
f 1584 1585 1616
f 1495 1490 1188
f 1557 1489 1660
f 1078 1069 1494
f 1972 1992 1971
f 183 1226 2000
f 325 429 203
f 292 76 237
f 1152 227 1143
f 1488 1412 1489
f 1638 1646 1653
f 1947 1869 2468
f 203 306 291
f 306 76 291
f 237 248 50
f 204 1143 227
f 2395 14 429
f 1502 881 2500
f 1 1090 202
f 1652 1653 1099
f 2117 1863 2496
f 50 248 204
f 160 792 994
f 884 888 857
f 544 2117 2496
f 1090 1206 202
f 2463 879 2492
f 429 306 203
f 498 188 418
f 865 884 857
f 994 998 1014
f 884 897 888
f 1795 948 1802
f 208 1035 1071
f 1065 1 1066
f 377 435 1377
f 304 429 14
f 304 306 429
f 73 60 74
f 248 592 204
f 846 2264 829
f 897 912 906
f 1004 991 992
f 1422 1421 1233
f 980 10 303
f 1058 922 909
f 2436 2449 2418
f 394 435 377
f 435 475 446
f 475 474 446
f 336 337 361
f 338 235 372
f 624 148 129
f 812 306 596
f 1726 992 1019
f 945 1514 1511
f 1069 1627 1628
f 1812 1823 1181
f 1165 1121 169
f 447 475 435
f 2487 2458 901
f 42 59 46
f 401 7 187
f 1010 970 797
f 1513 220 1640
f 2474 2491 2462
f 594 307 1014
f 398 1513 1640
f 307 594 1026
f 545 2381 1570
f 403 421 238
f 445 402 127
f 1611 1631 1616
f 1805 1180 1148
f 394 447 435
f 2341 2413 2376
f 75 74 60
f 541 47 42
f 47 59 42
f 541 42 28
f 917 931 1103
f 897 906 883
f 2484 2068 779
f 888 883 857
f 261 1065 328
f 363 1307 349
f 377 363 394
f 444 747 464
f 323 338 362
f 92 116 74
f 592 634 97
f 982 1027 1004
f 1020 982 1004
f 1084 1054 1035
f 208 402 1084
f 421 1119 1176
f 1207 1181 1823
f 1179 1187 1160
f 263 296 1343
f 1298 296 1307
f 1307 296 349
f 405 363 349
f 405 394 363
f 405 447 394
f 362 372 384
f 338 372 362
f 983 1004 987
f 122 134 139
f 415 440 414
f 75 92 74
f 226 186 246
f 796 787 700
f 1119 1059 1176
f 122 114 91
f 624 129 116
f 641 558 631
f 1311 1318 1487
f 100 1162 1170
f 1653 341 1099
f 1316 1983 273
f 263 277 296
f 296 358 349
f 436 447 405
f 109 554 570
f 504 1385 2501
f 115 122 91
f 2068 2460 779
f 43 777 163
f 378 405 349
f 358 378 349
f 448 447 436
f 448 476 447
f 78 77 108
f 75 60 47
f 1764 2481 1795
f 717 714 1512
f 1490 717 1501
f 238 1126 168
f 1878 1866 826
f 2025 2360 2367
f 251 278 263
f 278 277 263
f 277 318 296
f 296 318 358
f 318 350 358
f 378 436 405
f 384 372 1182
f 454 440 415
f 987 1004 992
f 493 476 448
f 323 788 338
f 403 238 136
f 1565 1503 1474
f 297 277 278
f 297 318 277
f 358 350 378
f 378 388 436
f 476 493 500
f 73 105 60
f 323 337 312
f 953 1573 2358
f 142 161 119
f 454 443 440
f 1862 1871 1405
f 297 319 318
f 560 47 541
f 170 1323 111
f 357 1047 1050
f 1119 98 1059
f 1838 1877 1900
f 2359 230 251
f 350 364 378
f 449 448 436
f 449 493 448
f 185 186 226
f 443 469 479
f 874 165 2480
f 463 444 464
f 64 105 91
f 1182 440 1129
f 1958 1651 2502
f 1238 2034 191
f 251 279 278
f 278 279 297
f 364 388 378
f 483 493 449
f 134 148 139
f 244 268 259
f 910 942 930
f 105 115 91
f 24 30 18
f 1132 487 1059
f 1869 1947 2021
f 2497 2494 2463
f 2359 2385 230
f 230 280 251
f 251 280 279
f 279 308 297
f 297 308 319
f 319 364 318
f 364 350 318
f 388 395 436
f 436 395 449
f 493 472 500
f 122 129 134
f 125 142 124
f 373 400 393
f 24 557 30
f 2264 2278 2251
f 1261 30 1269
f 1730 1862 1877
f 252 280 230
f 343 364 319
f 364 343 388
f 63 64 91
f 399 393 416
f 416 444 463
f 162 189 142
f 768 373 326
f 189 661 177
f 189 199 661
f 847 887 864
f 533 747 444
f 1744 1022 1418
f 1170 524 729
f 121 1342 128
f 1236 1244 26
f 280 281 279
f 281 308 279
f 343 319 308
f 343 365 388
f 388 365 395
f 365 406 395
f 406 449 395
f 483 477 493
f 477 491 472
f 493 477 472
f 78 109 77
f 166 174 196
f 481 150 814
f 63 59 64
f 326 373 393
f 643 260 43
f 230 253 252
f 449 441 483
f 441 477 483
f 415 416 463
f 226 246 245
f 464 470 454
f 323 362 337
f 52 37 1283
f 253 281 252
f 281 280 252
f 309 308 281
f 330 343 308
f 366 365 343
f 441 449 406
f 464 814 15
f 883 906 887
f 337 362 371
f 479 498 290
f 247 746 1003
f 25 37 557
f 640 930 669
f 2486 2499 2459
f 309 330 308
f 343 330 366
f 441 437 477
f 290 498 418
f 124 119 108
f 77 124 108
f 589 125 109
f 570 589 109
f 125 162 142
f 1045 433 1034
f 1207 261 320
f 2004 2474 2495
f 1215 1228 2285
f 365 396 406
f 396 422 406
f 422 437 441
f 406 422 441
f 59 47 60
f 51 78 66
f 361 371 383
f 196 215 214
f 463 454 415
f 27 41 535
f 53 1283 37
f 84 1299 1283
f 1805 320 1180
f 254 253 222
f 254 281 253
f 309 366 330
f 396 365 366
f 456 477 437
f 484 491 477
f 2480 2485 2493
f 418 188 187
f 53 85 1283
f 85 84 1283
f 420 1071 1065
f 264 281 254
f 298 309 281
f 368 366 367
f 368 396 366
f 1639 1564 1139
f 560 48 47
f 82 471 212
f 25 38 37
f 202 1206 1080
f 264 298 281
f 298 331 309
f 309 331 366
f 331 367 366
f 396 368 422
f 422 456 437
f 491 1192 313
f 1699 2064 1710
f 462 443 479
f 371 362 384
f 2502 2476 2464
f 371 384 383
f 21 732 212
f 1571 1629 1627
f 38 39 53
f 37 38 53
f 39 85 53
f 1173 1184 404
f 1006 2142 1674
f 201 255 254
f 255 264 254
f 368 407 422
f 450 456 422
f 450 484 456
f 456 484 477
f 314 1192 491
f 2027 2501 2489
f 2475 2471 2488
f 551 492 732
f 464 481 814
f 1081 1494 1547
f 201 231 255
f 407 450 422
f 484 494 491
f 494 327 491
f 327 314 491
f 876 797 995
f 847 856 829
f 125 143 162
f 134 129 148
f 1564 1571 1627
f 417 320 261
f 328 1065 1066
f 170 156 201
f 156 231 201
f 231 282 255
f 282 264 255
f 450 485 484
f 484 485 494
f 2463 2486 2479
f 159 185 167
f 492 68 212
f 732 492 212
f 68 82 212
f 1311 1471 1296
f 101 156 111
f 332 264 282
f 332 298 264
f 332 331 298
f 331 332 367
f 407 423 450
f 450 423 485
f 804 1002 1443
f 2484 779 946
f 689 443 462
f 440 689 1129
f 166 167 174
f 38 31 39
f 112 145 101
f 101 145 156
f 156 256 231
f 332 423 368
f 367 332 368
f 368 423 407
f 946 779 920
f 1432 1261 1449
f 461 478 453
f 464 15 470
f 31 54 39
f 39 54 85
f 86 101 85
f 145 210 156
f 282 283 332
f 283 369 332
f 369 423 332
f 423 408 485
f 854 876 965
f 78 108 66
f 440 443 689
f 374 2465 961
f 929 519 979
f 54 86 85
f 156 241 256
f 256 282 231
f 256 283 282
f 389 423 369
f 389 408 423
f 408 457 485
f 457 49 485
f 485 49 494
f 494 135 327
f 175 83 314
f 1167 1140 1483
f 196 174 215
f 697 16 68
f 1038 82 16
f 140 117 141
f 1654 1653 1646
f 1234 54 31
f 86 112 101
f 210 241 156
f 923 917 911
f 697 34 16
f 145 193 210
f 256 265 283
f 265 310 283
f 283 310 369
f 310 344 369
f 344 370 369
f 370 389 369
f 409 408 389
f 409 466 408
f 466 457 408
f 466 49 457
f 49 135 494
f 174 225 215
f 1014 766 602
f 826 2220 2215
f 1078 1494 1081
f 1273 70 86
f 120 112 86
f 146 145 112
f 146 193 145
f 265 256 241
f 223 265 241
f 486 49 466
f 175 327 135
f 105 122 115
f 480 15 681
f 225 234 215
f 731 34 697
f 86 54 1273
f 70 120 86
f 193 241 210
f 299 310 265
f 310 333 344
f 344 351 370
f 424 466 409
f 135 49 175
f 214 215 234
f 48 75 47
f 34 9 1038
f 16 34 1038
f 203 291 271
f 9 558 754
f 1195 397 1120
f 120 146 112
f 146 194 193
f 266 265 223
f 266 299 265
f 299 333 310
f 333 351 344
f 382 383 392
f 399 416 415
f 266 333 299
f 351 352 370
f 424 486 466
f 487 175 49
f 7 117 187
f 1182 414 440
f 41 42 46
f 290 289 497
f 2502 2464 2473
f 372 399 414
f 1570 1585 1584
f 1066 1 1165
f 1 202 1165
f 120 70 102
f 157 146 120
f 194 223 193
f 223 241 193
f 352 379 370
f 370 379 389
f 410 409 389
f 2478 1409 1958
f 806 945 1002
f 157 194 146
f 267 266 223
f 267 333 266
f 379 410 389
f 410 438 409
f 438 424 409
f 190 205 143
f 337 371 361
f 2215 830 826
f 1631 1646 1638
f 102 157 120
f 157 195 194
f 195 223 194
f 195 211 223
f 223 211 267
f 267 300 333
f 300 334 351
f 333 300 351
f 351 334 352
f 410 411 438
f 438 486 424
f 487 49 486
f 875 594 989
f 108 581 66
f 225 245 244
f 312 336 335
f 151 754 107
f 274 1386 300
f 352 334 379
f 923 1729 1096
f 244 245 268
f 463 464 454
f 414 399 415
f 15 480 470
f 1647 1069 1078
f 909 922 833
f 387 417 328
f 133 157 102
f 1314 133 102
f 133 195 157
f 1148 1179 1160
f 1046 1167 182
f 379 411 410
f 792 339 229
f 391 7 668
f 185 226 174
f 461 290 497
f 2027 504 2501
f 1196 1054 403
f 728 1019 752
f 2459 2483 2461
f 1291 1264 55
f 133 1356 195
f 195 1356 211
f 412 438 411
f 4 486 438
f 458 4 438
f 4 487 486
f 1720 1572 1771
f 245 275 268
f 1869 2021 2059
f 235 399 372
f 64 60 105
f 836 2492 879
f 1315 133 1314
f 1331 1382 1356
f 1310 926 1128
f 7 1121 117
f 119 161 611
f 380 379 334
f 379 380 411
f 467 4 458
f 495 487 4
f 495 1126 487
f 416 400 533
f 479 469 498
f 74 116 73
f 478 461 497
f 393 400 416
f 61 1291 55
f 505 1999 2474
f 1999 2491 2474
f 199 189 36
f 1164 1165 169
f 1179 387 249
f 390 411 380
f 411 390 412
f 458 438 412
f 495 168 1126
f 480 469 470
f 116 122 105
f 418 187 140
f 185 174 167
f 166 148 167
f 470 469 443
f 40 55 32
f 61 71 1291
f 71 103 1291
f 1184 1173 1154
f 634 514 97
f 425 458 412
f 917 923 931
f 2472 2489 853
f 754 641 567
f 44 567 1163
f 454 470 443
f 40 32 1249
f 33 40 1249
f 56 55 40
f 56 61 55
f 451 1265 439
f 1180 417 1179
f 1099 301 1077
f 1189 1058 939
f 1059 221 1132
f 598 1074 1075
f 412 426 425
f 650 186 185
f 234 244 259
f 226 245 225
f 1033 1042 1030
f 2492 836 247
f 7 169 1121
f 1462 1322 1482
f 425 467 458
f 496 4 467
f 1751 2468 2480
f 290 418 140
f 326 789 762
f 142 177 161
f 165 1751 2480
f 87 103 71
f 103 87 104
f 1180 1179 1148
f 417 387 1179
f 2081 2060 2031
f 1154 1173 1141
f 181 131 197
f 442 425 426
f 614 144 143
f 876 1010 797
f 40 45 56
f 56 45 61
f 87 71 61
f 1563 1437 1590
f 1121 385 117
f 1148 1160 1137
f 1449 1459 1439
f 1028 2462 929
f 442 459 425
f 459 467 425
f 168 495 4
f 496 168 4
f 1763 1403 1444
f 140 187 117
f 244 234 225
f 246 740 269
f 372 414 1182
f 40 547 45
f 45 62 61
f 62 87 61
f 87 88 104
f 1084 517 1054
f 387 328 1064
f 2467 2497 2485
f 286 1363 302
f 205 189 162
f 290 140 289
f 214 234 224
f 393 399 809
f 315 1131 397
f 302 321 353
f 1164 169 391
f 427 459 442
f 217 496 467
f 217 168 496
f 978 969 2074
f 361 383 382
f 269 276 245
f 1440 11 305
f 62 88 87
f 328 1066 1064
f 1066 1165 1164
f 242 287 302
f 1363 242 302
f 287 321 302
f 1179 249 1187
f 983 1020 1004
f 464 747 481
f 788 323 276
f 269 245 246
f 88 89 1325
f 171 172 242
f 360 353 321
f 360 1354 353
f 1057 1064 1164
f 2184 2188 2183
f 460 459 451
f 460 467 459
f 149 168 217
f 149 136 168
f 116 129 122
f 109 124 77
f 159 167 148
f 28 42 41
f 57 88 62
f 45 57 62
f 1336 1325 89
f 89 72 1336
f 147 172 171
f 172 258 242
f 258 257 242
f 257 287 242
f 257 321 287
f 345 360 321
f 360 381 1354
f 1069 938 1655
f 387 473 249
f 270 217 467
f 130 136 149
f 851 847 829
f 983 987 975
f 189 177 142
f 88 72 89
f 184 258 172
f 257 288 321
f 1265 451 459
f 270 149 217
f 226 225 174
f 27 28 41
f 109 125 124
f 547 57 45
f 57 58 88
f 88 58 72
f 2476 2484 2458
f 147 184 172
f 184 213 258
f 258 243 257
f 243 288 257
f 345 321 288
f 391 169 7
f 468 460 451
f 468 488 460
f 270 467 460
f 488 270 460
f 1206 136 130
f 481 793 150
f 143 205 162
f 142 119 124
f 58 90 72
f 90 128 72
f 147 173 184
f 173 213 184
f 213 233 258
f 258 233 243
f 354 360 345
f 354 381 360
f 1026 991 307
f 268 312 259
f 1206 130 1080
f 116 105 73
f 139 148 166
f 275 312 268
f 188 401 187
f 2479 2459 2461
f 58 63 90
f 1064 1066 1164
f 1064 473 387
f 288 311 345
f 311 354 345
f 996 994 307
f 452 468 439
f 452 478 468
f 478 488 468
f 141 130 149
f 1564 1639 1563
f 547 41 57
f 2081 2107 2060
f 382 381 354
f 497 270 488
f 289 149 270
f 289 141 149
f 114 122 139
f 59 60 64
f 275 323 312
f 401 668 7
f 41 46 57
f 57 46 58
f 1459 1345 1269
f 1342 121 158
f 166 173 158
f 213 224 233
f 233 259 243
f 243 322 288
f 322 311 288
f 453 478 452
f 497 289 270
f 912 911 906
f 276 323 275
f 276 275 245
f 46 63 58
f 90 121 128
f 173 214 213
f 213 214 224
f 259 322 243
f 336 311 322
f 336 354 311
f 361 382 354
f 1043 439 1290
f 497 488 478
f 385 130 141
f 385 1080 130
f 144 190 143
f 535 41 547
f 121 166 158
f 335 336 322
f 354 336 361
f 2004 2481 1764
f 698 439 1043
f 289 140 141
f 923 1096 931
f 650 185 159
f 46 59 63
f 63 91 90
f 90 114 121
f 121 139 166
f 173 196 214
f 259 335 322
f 2478 2502 2434
f 312 337 336
f 90 91 114
f 114 139 121
f 166 196 173
f 224 234 233
f 234 259 233
f 259 312 335
f 1124 916 1189
f 542 541 530
f 462 479 290
f 269 783 276
f 813 567 641
f 276 783 788
f 82 1038 1333
f 816 701 703
f 672 137 603
f 625 635 624
f 2457 2439 1973
f 767 533 529
f 2468 1869 2480
f 662 190 639
f 711 720 719
f 630 639 614
f 161 654 638
f 781 991 982
f 1227 31 516
f 648 639 630
f 630 614 590
f 2098 544 1899
f 578 579 586
f 697 492 551
f 529 533 400
f 869 859 870
f 1732 924 914
f 1004 1027 991
f 801 591 603
f 636 676 651
f 876 949 965
f 2207 1789 1859
f 76 739 237
f 188 681 15
f 578 604 599
f 797 616 995
f 510 2035 1365
f 76 812 617
f 617 739 76
f 1468 93 1765
f 596 546 812
f 1457 1305 1477
f 760 197 150
f 671 773 765
f 586 609 604
f 591 700 632
f 476 2312 474
f 2084 2027 2489
f 582 590 571
f 1555 2449 1996
f 674 546 596
f 812 655 617
f 161 177 661
f 599 604 636
f 700 787 576
f 776 675 572
f 776 674 675
f 617 634 739
f 591 632 649
f 612 546 674
f 617 655 634
f 728 752 706
f 571 2311 2305
f 775 674 776
f 775 612 674
f 612 628 546
f 546 628 812
f 812 628 655
f 620 630 615
f 620 648 630
f 667 653 646
f 810 782 785
f 150 197 814
f 534 1517 2000
f 702 572 2378
f 748 776 572
f 655 613 634
f 911 917 905
f 648 679 662
f 727 771 713
f 750 807 799
f 639 190 144
f 662 679 200
f 702 748 572
f 775 776 748
f 628 718 655
f 626 658 645
f 791 778 790
f 612 811 628
f 613 514 634
f 1380 1756 1673
f 570 590 614
f 720 741 719
f 1074 795 835
f 614 639 144
f 612 775 811
f 718 735 655
f 655 735 613
f 798 338 788
f 636 652 676
f 571 590 555
f 528 730 687
f 690 702 2312
f 476 690 2312
f 811 718 628
f 721 778 727
f 748 702 690
f 735 686 613
f 1517 2002 2127
f 654 685 667
f 569 588 606
f 513 531 538
f 538 549 548
f 549 553 548
f 550 588 549
f 1903 869 870
f 691 775 748
f 691 600 775
f 600 811 775
f 811 563 718
f 563 736 718
f 718 736 735
f 736 647 735
f 735 647 686
f 686 745 613
f 745 514 613
f 569 606 605
f 654 667 638
f 851 857 847
f 588 569 549
f 690 691 748
f 680 514 745
f 2127 2002 2094
f 747 701 481
f 400 373 529
f 600 536 811
f 536 563 811
f 1306 227 1152
f 522 24 18
f 523 24 522
f 865 857 851
f 2031 2060 1540
f 767 701 747
f 618 652 609
f 652 636 609
f 573 22 710
f 642 699 730
f 1522 1518 2476
f 500 629 691
f 690 500 691
f 691 629 600
f 780 644 641
f 579 578 561
f 131 668 197
f 197 668 814
f 789 809 798
f 622 760 150
f 621 563 536
f 673 745 686
f 673 818 745
f 818 680 745
f 680 96 514
f 2495 2462 1028
f 1028 583 575
f 663 794 664
f 629 761 600
f 761 757 600
f 600 757 536
f 621 696 563
f 755 736 563
f 696 755 563
f 633 736 755
f 633 647 736
f 623 686 647
f 633 623 647
f 686 623 673
f 819 680 818
f 680 819 96
f 1729 1677 1096
f 2482 1899 2471
f 537 536 757
f 536 537 621
f 673 819 818
f 2428 222 230
f 25 24 523
f 25 557 24
f 38 25 19
f 710 22 272
f 663 759 794
f 1120 878 1195
f 537 696 621
f 696 633 755
f 822 2215 2220
f 97 96 1053
f 750 784 743
f 887 905 864
f 768 784 373
f 512 513 548
f 573 664 22
f 696 715 633
f 673 521 819
f 2454 2453 2445
f 883 887 847
f 306 812 76
f 642 528 759
f 798 809 235
f 994 792 998
f 587 626 586
f 1900 1918 1937
f 645 652 618
f 537 786 696
f 521 593 819
f 515 19 523
f 741 749 719
f 789 326 809
f 539 581 550
f 657 777 723
f 684 713 660
f 692 712 720
f 652 666 692
f 507 761 629
f 472 507 629
f 507 757 761
f 623 633 673
f 724 521 673
f 515 516 19
f 304 675 674
f 178 778 721
f 947 1447 2358
f 626 645 618
f 586 626 618
f 784 768 742
f 753 537 757
f 537 753 786
f 724 981 521
f 521 981 593
f 979 559 850
f 637 660 677
f 787 631 576
f 141 117 385
f 809 399 235
f 641 754 558
f 542 553 561
f 742 768 762
f 444 416 533
f 528 687 796
f 813 598 566
f 1490 1501 1557
f 753 757 507
f 786 715 696
f 633 724 673
f 2090 2062 2109
f 646 653 660
f 660 694 683
f 677 660 683
f 1872 839 838
f 1224 18 30
f 326 393 809
f 799 529 373
f 313 507 472
f 715 774 633
f 974 699 841
f 703 820 816
f 692 711 676
f 1014 355 766
f 875 752 1019
f 627 646 660
f 711 692 720
f 652 692 676
f 799 373 784
f 813 566 567
f 2462 2482 2475
f 764 644 780
f 1479 1924 1916
f 753 738 786
f 738 607 786
f 786 607 715
f 715 524 774
f 633 774 724
f 559 979 672
f 758 798 783
f 683 694 705
f 820 703 562
f 764 687 644
f 744 743 725
f 313 753 507
f 607 524 715
f 664 801 22
f 646 627 610
f 800 820 562
f 750 769 807
f 767 747 533
f 578 586 604
f 862 593 981
f 688 2382 1083
f 306 304 674
f 738 584 607
f 168 136 238
f 773 552 765
f 2473 2464 2458
f 773 793 552
f 626 619 658
f 1007 1139 1013
f 562 529 799
f 744 750 743
f 659 683 693
f 677 683 659
f 313 737 753
f 753 737 738
f 607 729 524
f 27 518 28
f 553 569 580
f 657 163 777
f 580 569 605
f 789 798 758
f 769 562 807
f 820 671 816
f 638 646 611
f 1074 598 644
f 750 799 784
f 1931 907 898
f 2483 2487 2461
f 737 584 738
f 1439 1438 1431
f 2098 1213 544
f 48 578 75
f 796 631 787
f 815 732 21
f 581 588 550
f 625 636 651
f 778 1011 810
f 693 705 725
f 693 683 705
f 236 1921 1966
f 584 729 607
f 2237 1866 2227
f 530 541 28
f 237 739 248
f 512 530 28
f 727 778 771
f 684 727 713
f 2237 2220 826
f 542 561 560
f 528 796 700
f 808 785 671
f 739 592 248
f 895 905 896
f 740 246 186
f 272 137 979
f 770 769 744
f 712 742 720
f 1213 2026 544
f 1888 1235 2438
f 555 554 2311
f 737 313 1192
f 1585 1612 1611
f 695 721 685
f 518 17 28
f 769 770 562
f 719 749 740
f 648 669 679
f 773 657 723
f 606 637 619
f 2072 2062 2042
f 606 619 626
f 549 569 553
f 161 638 611
f 910 917 942
f 917 1103 942
f 991 1026 992
f 979 137 672
f 785 163 657
f 710 2488 2472
f 611 581 119
f 808 671 820
f 1820 1900 1870
f 759 700 591
f 637 677 619
f 2494 2490 2463
f 671 765 816
f 687 764 780
f 1019 992 1026
f 1726 1719 987
f 713 771 694
f 51 2355 78
f 510 526 525
f 525 526 1249
f 526 33 1249
f 2311 554 2335
f 827 848 840
f 603 591 649
f 758 269 740
f 1595 1612 1586
f 1694 1048 1699
f 682 740 186
f 22 801 603
f 555 570 554
f 1053 110 97
f 615 582 601
f 814 668 188
f 725 705 744
f 528 700 759
f 640 648 620
f 703 701 562
f 886 892 582
f 631 731 576
f 1087 1835 1747
f 882 864 895
f 956 950 1103
f 1502 2500 2470
f 205 190 200
f 815 878 616
f 616 878 995
f 1183 878 815
f 1601 1827 881
f 527 535 526
f 2184 2183 2175
f 1142 1125 1133
f 235 338 798
f 160 339 792
f 599 92 75
f 598 1116 566
f 631 558 731
f 771 770 744
f 730 528 642
f 841 699 642
f 668 401 188
f 510 527 526
f 749 758 740
f 706 721 695
f 694 726 705
f 694 744 726
f 906 911 905
f 661 695 161
f 708 815 616
f 535 547 33
f 794 759 591
f 778 808 790
f 269 758 783
f 771 744 694
f 800 808 820
f 571 886 582
f 854 948 1010
f 906 905 887
f 625 651 635
f 2000 1226 534
f 2140 1504 2016
f 601 620 615
f 620 601 640
f 648 640 669
f 698 452 439
f 671 785 657
f 1561 2356 545
f 685 653 667
f 685 727 684
f 568 616 797
f 708 732 815
f 93 229 339
f 865 851 839
f 942 1103 950
f 589 614 125
f 606 610 627
f 951 834 873
f 92 599 625
f 1878 830 1902
f 2482 2098 1899
f 568 708 616
f 708 551 732
f 2434 2487 2483
f 160 964 665
f 2316 2391 2309
f 762 758 749
f 570 614 589
f 888 897 883
f 2000 1517 1388
f 685 721 727
f 588 610 606
f 653 685 684
f 651 650 635
f 760 1151 6
f 793 622 150
f 651 676 650
f 744 769 750
f 541 542 560
f 476 500 690
f 473 1064 1057
f 561 578 560
f 636 625 599
f 876 995 949
f 829 856 846
f 682 704 740
f 791 790 770
f 2466 2500 2460
f 579 587 586
f 1352 1208 1095
f 1684 1479 1916
f 604 609 636
f 751 721 706
f 810 608 782
f 672 603 649
f 475 447 476
f 794 591 801
f 682 186 650
f 808 800 790
f 644 598 813
f 704 719 740
f 1011 608 810
f 1192 584 737
f 687 780 796
f 2337 474 2312
f 638 667 646
f 706 1186 728
f 733 575 568
f 595 551 708
f 595 540 551
f 1308 501 1852
f 665 339 160
f 527 2447 535
f 558 9 731
f 723 793 773
f 660 713 694
f 693 725 666
f 562 767 529
f 550 538 531
f 2267 2287 2233
f 996 964 160
f 2068 2470 2466
f 704 711 719
f 741 762 749
f 605 606 626
f 548 542 530
f 995 878 709
f 1898 1684 1916
f 778 791 771
f 782 163 785
f 789 758 762
f 857 883 847
f 733 970 1028
f 838 829 825
f 2447 511 535
f 22 603 137
f 705 726 744
f 605 587 580
f 512 548 530
f 743 784 742
f 790 800 770
f 778 810 808
f 1014 998 355
f 708 568 595
f 656 697 551
f 540 656 551
f 143 125 614
f 1000 1020 983
f 778 178 1011
f 676 704 682
f 637 627 660
f 606 627 637
f 701 552 481
f 808 810 785
f 590 570 555
f 716 595 568
f 2355 2335 554
f 912 1729 911
f 1076 1456 1546
f 697 68 492
f 676 711 704
f 839 851 838
f 1028 575 733
f 1020 844 982
f 716 568 575
f 844 781 982
f 1238 2156 2034
f 553 580 561
f 580 579 561
f 452 461 453
f 560 578 48
f 564 540 595
f 632 656 540
f 564 632 540
f 75 578 599
f 518 27 535
f 511 518 535
f 783 798 788
f 642 759 663
f 720 742 741
f 605 626 587
f 580 587 579
f 725 712 666
f 562 701 767
f 1729 923 911
f 712 743 742
f 619 677 658
f 161 695 654
f 770 800 562
f 2084 2489 2472
f 575 559 716
f 716 564 595
f 654 695 685
f 843 855 2064
f 34 731 9
f 527 510 1973
f 723 622 793
f 992 1726 987
f 693 666 652
f 2472 853 573
f 624 159 148
f 671 657 773
f 681 188 498
f 797 970 733
f 565 656 632
f 565 697 656
f 565 731 697
f 1949 951 920
f 85 111 84
f 662 200 190
f 44 324 754
f 33 547 40
f 658 693 652
f 658 652 645
f 664 794 801
f 666 712 692
f 639 648 662
f 611 646 610
f 850 559 575
f 1447 2490 1106
f 1972 1955 1935
f 582 615 590
f 66 581 539
f 780 641 631
f 796 780 631
f 1049 1192 83
f 1348 13 1519
f 799 807 562
f 581 611 588
f 687 795 644
f 663 8 642
f 1936 1972 1935
f 650 676 682
f 615 630 590
f 730 795 687
f 742 762 741
f 548 553 542
f 1048 1692 1074
f 658 659 693
f 37 52 30
f 611 610 588
f 649 632 564
f 565 576 731
f 2138 922 1058
f 1204 854 965
f 725 743 712
f 644 813 641
f 660 653 684
f 771 791 770
f 644 795 1074
f 469 480 681
f 559 672 564
f 716 559 564
f 672 649 564
f 2161 1378 2171
f 474 475 476
f 816 765 701
f 765 552 701
f 513 538 548
f 754 324 107
f 609 586 618
f 25 523 19
f 677 659 658
f 689 452 698
f 1334 1115 1353
f 700 565 632
f 700 576 565
f 481 552 793
f 763 901 2458
f 550 549 538
f 781 964 996
f 1596 1634 1595
f 198 916 1124
f 198 1124 341
f 842 973 1025
f 842 1025 836
f 1009 1024 934
f 573 710 2472
f 1100 971 1002
f 1501 1081 1557
f 1225 1219 955
f 413 2138 284
f 955 1630 522
f 341 1124 301
f 2333 2376 2350
f 1107 218 284
f 398 925 1513
f 1513 1442 1495
f 1935 1455 1744
f 1723 1935 1744
f 825 1872 838
f 1495 1442 1496
f 963 1024 1009
f 1511 1514 966
f 1775 1729 912
f 688 262 1067
f 714 1007 1512
f 919 1732 914
f 2319 2331 2304
f 2400 2407 2391
f 1674 2164 1780
f 843 927 899
f 1660 988 1188
f 1067 262 1640
f 1381 1109 1483
f 1437 1381 1483
f 2495 1010 948
f 1514 1289 1313
f 899 374 961
f 1438 1430 1422
f 1634 1095 1632
f 2487 973 2461
f 1003 499 874
f 849 848 827
f 1430 1462 1453
f 2496 2084 2471
f 909 10 980
f 730 927 835
f 2031 1540 1536
f 831 849 2178
f 881 834 951
f 1841 1722 1803
f 1005 670 1020
f 1021 670 1005
f 1869 2059 2467
f 903 902 1939
f 2476 2502 1651
f 853 8 573
f 1850 831 2178
f 934 746 247
f 934 65 746
f 301 285 1077
f 968 944 977
f 970 2495 1028
f 974 2465 374
f 899 927 374
f 1882 1898 1916
f 1613 1634 1596
f 909 833 1396
f 2492 247 1003
f 919 914 1931
f 1459 1299 1458
f 1634 1632 1633
f 844 670 228
f 2494 2497 2467
f 901 973 2487
f 228 1772 734
f 1701 1709 1666
f 963 574 1024
f 847 864 856
f 1730 1736 2239
f 870 859 848
f 2074 2111 2103
f 1140 1590 1483
f 927 730 974
f 2103 978 2074
f 756 1745 1718
f 848 859 840
f 1296 1482 1320
f 2331 51 66
f 1067 988 962
f 1396 833 1445
f 1001 1005 1000
f 901 1009 973
f 1099 1077 817
f 933 944 936
f 952 958 1828
f 988 1660 986
f 833 1067 1445
f 1067 1640 988
f 218 413 284
f 1843 180 347
f 1846 1708 1798
f 2469 2477 855
f 1006 1021 1005
f 381 382 250
f 2369 828 531
f 968 977 1001
f 2460 1949 779
f 1194 1441 1115
f 1001 1000 968
f 756 678 1745
f 963 1009 901
f 2471 2084 2472
f 841 642 8
f 982 991 1027
f 670 844 1020
f 1289 1514 945
f 869 904 890
f 1161 1115 1639
f 823 2178 849
f 746 12 499
f 263 428 2366
f 1685 1075 1692
f 1002 926 806
f 1799 1755 216
f 944 968 993
f 943 944 993
f 31 38 19
f 531 828 550
f 1501 1078 1081
f 1921 1149 431
f 936 943 932
f 1660 1489 1412
f 301 980 285
f 903 918 902
f 869 890 868
f 890 903 867
f 1003 746 499
f 951 1949 2500
f 990 841 853
f 1595 1634 1611
f 374 927 974
f 836 1025 247
f 1653 1652 1638
f 1303 1545 1142
f 1616 1631 1638
f 1629 1546 1628
f 936 932 913
f 513 506 531
f 868 890 867
f 2330 2369 2353
f 924 918 914
f 907 914 904
f 1258 1421 1267
f 301 939 980
f 1472 1482 1296
f 868 867 859
f 472 491 313
f 272 519 2488
f 1471 1472 1296
f 1025 934 247
f 1634 1633 1611
f 2176 1847 2177
f 1310 1289 806
f 924 933 918
f 1969 1968 902
f 2107 2128 2118
f 1428 1436 1287
f 1139 1564 1617
f 2378 572 2384
f 853 841 8
f 2501 961 2465
f 1221 1240 1408
f 1069 1578 1627
f 1006 1005 1001
f 1617 1564 1578
f 828 539 550
f 1791 2168 2160
f 1829 1718 1739
f 1968 1939 902
f 756 1718 665
f 1998 2000 1388
f 2451 545 2356
f 178 997 1011
f 1275 325 1270
f 1709 872 1666
f 2176 1959 1847
f 944 943 936
f 2424 518 511
f 1445 1067 962
f 2007 952 1828
f 2052 2061 2081
f 828 2303 539
f 835 1699 1048
f 1709 1706 872
f 885 574 963
f 1318 1296 1320
f 859 867 1902
f 1452 1448 1421
f 943 993 976
f 993 1000 983
f 854 1010 876
f 988 986 962
f 2031 2052 2081
f 924 1732 1828
f 965 949 1060
f 781 228 734
f 1718 1765 665
f 943 976 932
f 1680 1794 1783
f 1448 1471 1276
f 1276 1267 1421
f 1931 914 907
f 991 781 996
f 1276 1421 1448
f 10 909 1396
f 831 860 849
f 1523 1762 1774
f 924 1828 937
f 307 994 1014
f 946 963 901
f 978 2103 977
f 977 1006 1001
f 1007 1161 1639
f 1639 1294 1437
f 885 1032 574
f 1294 1381 1437
f 733 568 797
f 792 229 1112
f 119 581 108
f 843 835 927
f 1889 860 831
f 2211 2216 2204
f 2400 2431 2422
f 2103 1006 977
f 840 1902 830
f 827 840 830
f 827 830 822
f 1003 874 2492
f 1432 1439 1431
f 781 734 964
f 1937 1936 1723
f 918 913 902
f 958 977 944
f 1850 2178 2177
f 1005 1020 1000
f 991 996 307
f 1396 1445 340
f 2179 1763 889
f 939 909 980
f 1828 958 937
f 978 977 958
f 1590 1571 1563
f 779 1949 920
f 1551 1362 1573
f 2103 2142 1006
f 920 885 963
f 946 920 963
f 1584 1616 1583
f 1453 1472 1452
f 1647 1617 1578
f 1578 1564 1627
f 1628 938 1069
f 869 868 859
f 993 983 976
f 912 1762 1775
f 752 751 706
f 1628 1546 938
f 844 228 781
f 840 859 1902
f 898 907 904
f 1025 973 1009
f 663 664 573
f 763 946 901
f 898 904 869
f 2172 889 1763
f 1128 926 971
f 860 848 849
f 904 903 890
f 2486 2459 2479
f 577 782 608
f 933 936 918
f 2177 1847 1851
f 665 1765 339
f 937 958 944
f 894 981 724
f 968 1000 993
f 2192 2195 2205
f 1652 1099 817
f 997 608 1011
f 997 577 608
f 577 163 782
f 1112 998 792
f 2177 1851 1850
f 1257 1421 1258
f 951 873 920
f 822 830 2215
f 1899 2496 2471
f 1773 1668 1558
f 904 914 903
f 932 1671 913
f 873 885 920
f 1013 1617 1647
f 873 1032 885
f 894 862 981
f 2469 855 961
f 913 1671 1969
f 2477 2064 855
f 918 936 913
f 860 870 848
f 937 944 933
f 1501 1013 1647
f 824 178 751
f 824 997 178
f 824 577 997
f 643 163 577
f 863 856 882
f 2128 2153 2134
f 722 774 880
f 722 894 774
f 864 905 895
f 850 575 583
f 914 918 903
f 924 937 933
f 1501 717 1013
f 1587 1324 928
f 717 1512 1013
f 602 577 824
f 766 643 577
f 894 709 862
f 709 878 862
f 976 975 932
f 1324 1596 928
f 880 524 1060
f 2434 2459 2499
f 1324 1613 1596
f 752 824 751
f 602 766 577
f 1014 602 594
f 1387 1226 2152
f 2153 1387 2152
f 669 930 950
f 1710 1694 1699
f 768 326 762
f 582 892 601
f 974 990 2465
f 624 116 625
f 835 795 730
f 2458 2484 763
f 989 602 824
f 2064 2477 1710
f 976 983 975
f 949 722 880
f 996 160 994
f 2305 863 556
f 556 863 886
f 601 910 640
f 2264 825 829
f 989 824 752
f 856 864 882
f 1595 1586 2381
f 1627 1629 1628
f 2174 2180 2173
f 2128 2134 2118
f 137 272 22
f 949 880 1060
f 995 894 722
f 894 995 709
f 894 724 774
f 886 895 892
f 640 910 930
f 871 870 860
f 846 856 863
f 1026 875 1019
f 838 851 829
f 1024 1171 934
f 36 189 205
f 863 882 886
f 886 882 895
f 875 1026 594
f 52 1459 1269
f 896 917 910
f 1025 1009 934
f 949 995 722
f 2152 1226 1636
f 895 896 892
f 892 910 601
f 942 950 930
f 875 989 752
f 594 602 989
f 766 355 643
f 355 260 643
f 905 917 896
f 965 1060 1162
f 892 896 910
f 1101 1052 1042
f 1029 1031 834
f 1101 1133 1118
f 342 357 376
f 516 515 2454
f 1656 2494 2467
f 1056 1303 1133
f 1120 1130 862
f 69 342 376
f 1055 1056 1133
f 499 69 165
f 85 101 111
f 1031 1032 834
f 200 679 1166
f 1031 1042 1032
f 1171 65 934
f 1822 1204 1177
f 1096 956 1103
f 514 96 97
f 956 1145 1144
f 1185 1166 1144
f 1145 1185 1144
f 1185 200 1166
f 375 132 1041
f 1153 1202 305
f 32 1244 1249
f 1096 1087 956
f 554 78 2355
f 1191 138 110
f 65 35 432
f 1087 1110 956
f 1110 1146 956
f 956 1146 1145
f 1146 1156 1145
f 1145 1156 1185
f 950 956 1144
f 2481 2495 948
f 1156 1193 1185
f 1050 1047 1051
f 239 151 107
f 1185 1193 36
f 1747 1110 1087
f 1134 1146 1110
f 1146 1157 1156
f 1156 1157 1193
f 1041 1045 1034
f 1397 1134 1110
f 1157 1146 1134
f 1157 1175 1193
f 1193 199 36
f 1090 1035 1196
f 1456 1150 1051
f 1175 199 1193
f 1186 695 199
f 1186 199 1175
f 1175 1157 1134
f 728 1186 1175
f 197 760 6
f 1130 593 862
f 1167 1109 182
f 1194 1115 1161
f 2140 1928 1504
f 921 922 2138
f 1147 1134 1397
f 1719 1147 1397
f 1147 1175 1134
f 1175 1147 728
f 341 1654 1208
f 754 151 9
f 284 2138 1058
f 1188 1557 1660
f 1191 110 1053
f 916 284 1189
f 284 1058 1189
f 2094 1465 2127
f 1726 1019 1147
f 1147 1019 728
f 593 1130 96
f 239 305 1038
f 1036 1131 315
f 397 1131 1120
f 1053 96 1130
f 2467 2485 1869
f 517 1089 421
f 834 1827 1029
f 419 1047 1117
f 1034 433 1306
f 2239 1862 1730
f 1453 1462 1472
f 1408 1422 1399
f 471 23 1111
f 1205 1150 1456
f 1205 1040 1150
f 1131 1036 293
f 293 1068 1044
f 375 1041 138
f 1205 1140 1046
f 1040 1205 1046
f 1140 1167 1046
f 1104 1049 83
f 1052 1085 1032
f 1044 1068 1191
f 1167 1483 1109
f 208 1084 1035
f 1040 132 375
f 1834 20 3
f 1050 1051 1070
f 1133 1125 1174
f 11 1440 1401
f 420 208 1071
f 1135 1079 1094
f 1086 1101 1118
f 1029 1030 1031
f 1200 1061 294
f 1191 1068 138
f 1171 1141 65
f 1141 1172 65
f 1172 35 65
f 1172 404 35
f 404 99 35
f 221 1104 1063
f 802 398 1083
f 20 1089 3
f 2064 1699 835
f 1042 1052 1032
f 1433 1261 1432
f 1323 2338 155
f 1076 1205 1456
f 1088 1402 1056
f 1150 348 1070
f 1200 1089 20
f 1097 1162 100
f 1032 873 834
f 21 471 1111
f 294 1097 1104
f 1072 100 584
f 1151 760 622
f 132 1045 1041
f 1050 1070 1135
f 1088 1039 940
f 650 159 635
f 100 1170 729
f 729 584 100
f 1103 931 1096
f 925 1443 1513
f 138 1102 110
f 1034 1306 1152
f 1071 1035 1090
f 100 1072 1097
f 23 1158 315
f 1068 375 138
f 1586 1612 1585
f 1819 1030 1029
f 1041 1034 1102
f 232 375 1068
f 348 1079 1070
f 1061 1097 294
f 1513 1443 1442
f 1200 294 1119
f 376 1050 1062
f 1094 1036 315
f 1200 1119 1089
f 1111 1183 21
f 1044 1191 1053
f 698 295 689
f 1079 232 1036
f 404 1117 99
f 1495 1496 717
f 1119 294 98
f 3 1089 517
f 1132 1063 83
f 1132 83 175
f 132 1046 182
f 1111 1195 1183
f 1131 1044 1037
f 127 402 1804
f 219 1272 1047
f 1697 1135 1094
f 2140 1854 2117
f 1111 397 1195
f 1177 1162 1097
f 1061 1177 1097
f 717 1509 714
f 2 1300 433
f 462 290 461
f 98 294 221
f 294 1104 221
f 714 1161 1007
f 1073 1152 1143
f 1697 1094 1360
f 1223 1423 1218
f 836 2479 842
f 1097 1072 1049
f 348 1040 375
f 3 517 316
f 180 1061 1201
f 348 375 232
f 1432 1431 1415
f 220 1513 1495
f 1104 1097 1049
f 306 674 596
f 777 455 723
f 2170 2151 1641
f 1047 419 219
f 1102 1034 1073
f 1073 1034 1152
f 1035 1054 1196
f 1177 1204 1162
f 746 65 12
f 751 178 721
f 1054 517 421
f 1051 1150 1070
f 1102 1073 110
f 998 1136 355
f 567 566 1163
f 1111 315 397
f 1048 1074 835
f 1158 1094 315
f 1374 1107 1252
f 1112 1136 998
f 472 629 500
f 355 1136 260
f 260 118 43
f 1104 83 1063
f 376 357 1050
f 1463 1142 1545
f 1036 232 293
f 1030 1042 1031
f 1079 348 232
f 221 1063 1132
f 1094 1079 1036
f 1076 1629 1205
f 1136 1197 260
f 260 1197 118
f 1204 965 1162
f 293 232 1068
f 1590 1205 1629
f 1205 1590 1140
f 250 382 392
f 1296 1318 1311
f 347 1201 20
f 1201 1200 20
f 132 182 1045
f 1101 1086 1052
f 1033 1039 1055
f 138 1041 1102
f 970 1010 2495
f 455 777 43
f 1992 1948 2023
f 20 1834 347
f 1072 584 1049
f 584 1192 1049
f 182 2 1045
f 1163 324 44
f 1360 1094 1158
f 1450 1360 1158
f 1091 1112 229
f 509 723 455
f 207 509 455
f 1251 1257 1266
f 1488 1489 1547
f 2157 1541 1875
f 305 107 324
f 1045 2 433
f 1070 1079 1135
f 1136 1168 1197
f 1197 359 118
f 118 359 43
f 359 356 43
f 356 455 43
f 356 207 455
f 1240 1422 1408
f 1163 1153 324
f 1201 1061 1200
f 1052 1086 1085
f 1024 1141 1171
f 1112 1105 1136
f 1050 1135 1062
f 1105 1168 1136
f 1168 1178 1197
f 1197 1178 359
f 1173 404 1172
f 465 356 359
f 1174 1125 240
f 1240 1431 1422
f 1098 1113 1105
f 1112 1098 1105
f 1105 1178 1168
f 1178 465 359
f 1091 1098 1112
f 1133 1174 1118
f 98 221 1059
f 487 1132 175
f 980 1017 285
f 465 207 356
f 180 1201 347
f 1060 524 1170
f 445 127 316
f 1431 1438 1422
f 498 469 681
f 940 1807 1759
f 381 250 1290
f 1113 1122 1105
f 1105 1122 1178
f 1151 509 207
f 1236 2035 525
f 1131 293 1044
f 346 207 465
f 346 1151 207
f 1822 1796 1204
f 1143 204 97
f 123 1128 971
f 2153 2152 2134
f 126 1151 346
f 517 445 316
f 1450 1158 23
f 1458 1462 1430
f 1129 152 1182
f 1122 1159 1178
f 1178 1198 465
f 79 346 465
f 126 1155 1151
f 1151 1155 6
f 295 1129 689
f 1073 1143 97
f 1098 1123 1113
f 1113 1123 1122
f 1123 1169 1122
f 1178 1159 1198
f 1198 79 465
f 392 383 152
f 1822 1061 180
f 116 92 625
f 421 1089 1119
f 1129 295 152
f 110 1073 97
f 1173 1172 1141
f 1122 1169 1159
f 79 126 346
f 1155 181 6
f 971 926 1002
f 295 1043 152
f 1039 1088 1056
f 1428 1266 1436
f 404 419 1117
f 836 879 2479
f 2464 2476 2458
f 1198 317 79
f 1124 939 301
f 44 754 567
f 1039 1056 1055
f 1439 1459 1458
f 1660 1412 986
f 1169 1160 1159
f 179 1155 126
f 1155 131 181
f 1061 1822 1177
f 1153 305 324
f 175 314 327
f 1160 1187 1159
f 1159 1187 1198
f 1198 1187 317
f 79 179 126
f 1043 250 392
f 152 1043 392
f 96 819 593
f 1123 1127 1169
f 317 179 79
f 1057 1155 179
f 1155 391 131
f 131 391 668
f 2381 1586 1585
f 12 69 499
f 262 398 1640
f 2107 2118 2060
f 2130 2094 2002
f 1187 249 317
f 1155 1057 391
f 1290 439 1265
f 305 239 107
f 1127 1160 1169
f 317 473 179
f 473 1057 179
f 83 1192 314
f 1043 1290 250
f 1807 940 1030
f 517 1084 445
f 1057 1164 391
f 2492 2480 2493
f 163 643 43
f 1056 1545 1303
f 1069 1655 1023
f 249 473 317
f 1162 1060 1170
f 1086 1118 1154
f 82 68 16
f 1989 1990 1536
f 1633 1632 1611
f 1487 2372 1305
f 1494 1069 1023
f 1137 1160 1127
f 669 1166 679
f 390 1285 426
f 1955 1972 1971
f 1219 1223 2437
f 1254 1261 1223
f 1319 1545 1056
f 1320 1328 2443
f 1261 1433 1223
f 1219 1254 1223
f 254 222 2428
f 1237 1290 1265
f 1284 1273 1263
f 1277 1291 1301
f 1314 102 1301
f 1280 363 377
f 1313 1353 1514
f 468 451 439
f 1918 1964 1956
f 2026 29 2140
f 1354 381 1279
f 1224 30 1254
f 147 158 173
f 1247 1253 274
f 1271 380 334
f 2043 2072 2042
f 274 300 267
f 1356 1392 211
f 13 240 1142
f 1382 1330 1392
f 1312 1323 155
f 240 1125 1142
f 2358 1573 1362
f 1236 1249 1244
f 1272 219 1348
f 1271 1274 380
f 191 2034 1982
f 1992 2052 1990
f 462 452 689
f 2262 2286 2261
f 183 489 1642
f 2485 2480 1869
f 84 111 1323
f 1190 353 1354
f 446 434 435
f 1336 171 1341
f 2021 430 2059
f 862 878 1120
f 1263 1273 1248
f 1966 1921 2144
f 1312 84 1323
f 240 13 1348
f 1359 1274 1271
f 1392 1330 1247
f 1520 1333 11
f 1368 1253 1247
f 1279 1285 1190
f 2465 990 2489
f 1272 1519 805
f 1369 1272 805
f 1317 95 1344
f 1242 1248 1234
f 1368 242 1363
f 274 1262 1386
f 532 597 1886
f 2117 2026 2140
f 1392 1247 274
f 2162 508 985
f 1964 1469 1965
f 1315 104 1331
f 1392 1356 1382
f 128 1342 1336
f 1285 427 426
f 1219 1224 1254
f 1320 1322 1321
f 1320 1321 1328
f 153 2443 1328
f 1321 153 1328
f 1235 1244 1243
f 1225 1224 1219
f 1359 353 1190
f 1312 1473 1458
f 1336 1342 147
f 305 1333 1038
f 1336 147 171
f 516 31 19
f 2479 2461 842
f 1237 1265 427
f 1263 1278 1284
f 881 1827 834
f 1237 427 1285
f 1299 1312 1458
f 1190 1285 1274
f 1363 286 1253
f 2330 2303 828
f 427 442 426
f 2493 2463 2492
f 1285 380 1274
f 522 18 1225
f 2471 2472 2488
f 2338 154 1321
f 1423 1415 1218
f 1225 18 1224
f 1253 286 1262
f 286 353 1359
f 171 1368 1383
f 1273 54 1234
f 1973 2447 527
f 1322 155 1321
f 1203 1369 1413
f 1307 363 1298
f 1364 1375 1329
f 1329 227 1306
f 296 1298 1343
f 947 2499 1447
f 1203 1047 1272
f 1098 1748 1123
f 1519 1272 1348
f 1277 70 1273
f 1282 1337 1361
f 286 302 353
f 103 104 1315
f 1377 435 434
f 1449 1261 1345
f 926 1310 806
f 1263 1248 1242
f 985 508 597
f 1415 1222 1218
f 88 1325 104
f 170 111 156
f 1384 1282 1361
f 274 1253 1262
f 1371 1317 1344
f 1371 1366 1337
f 1345 1459 1449
f 171 1383 1341
f 2438 1235 1227
f 2134 1582 2118
f 428 1260 1379
f 1336 1341 1325
f 1235 1242 1227
f 1228 1687 2284
f 1854 2140 2016
f 1866 1887 1873
f 1343 1298 1370
f 1384 1361 2440
f 171 242 1368
f 1344 1309 1366
f 1371 1344 1366
f 1280 1377 1293
f 200 1185 205
f 1330 1383 1368
f 1255 1264 1263
f 543 1367 1876
f 1343 1370 1260
f 1293 1326 1370
f 2440 1361 1302
f 1282 1384 2406
f 271 1337 1282
f 170 2338 1323
f 1528 1503 2470
f 515 1347 2453
f 1997 1705 1998
f 2285 1228 2284
f 1229 1250 1228
f 1330 1368 1247
f 1919 1619 2045
f 1344 1364 1335
f 1222 1240 1221
f 1212 858 1741
f 2388 1222 1221
f 1528 2470 2068
f 501 1308 2171
f 1295 1311 1487
f 2116 1619 1655
f 1220 1229 1228
f 8 663 573
f 1343 1260 428
f 1337 1366 1361
f 1298 1280 1293
f 1269 1345 1261
f 1279 381 1290
f 1230 1229 1220
f 1230 1245 1229
f 1245 1250 1229
f 1227 1234 31
f 1302 1361 1350
f 1245 1266 1428
f 1992 2023 2052
f 2482 2471 2475
f 452 462 461
f 271 1282 1275
f 1991 1989 1934
f 1366 1309 1350
f 1344 1335 1309
f 730 699 974
f 1374 1252 1208
f 597 508 1912
f 1363 1253 1368
f 1386 1271 300
f 1211 1218 1222
f 1376 1377 434
f 2399 2437 1211
f 1284 1291 1277
f 1230 1251 1245
f 1251 1266 1245
f 1317 1371 1337
f 1288 1286 1095
f 1095 1286 1352
f 1241 1208 1352
f 1241 1374 1208
f 1284 1278 1291
f 211 1392 267
f 1344 1375 1364
f 929 583 1028
f 1361 1366 1350
f 1115 1294 1639
f 1291 103 1301
f 1220 1231 1230
f 1231 1251 1230
f 1234 1248 1273
f 1255 55 1264
f 1360 1450 1702
f 363 1280 1298
f 1369 1203 1272
f 1415 1240 1222
f 1216 1231 1220
f 1243 1263 1235
f 1375 227 1329
f 1264 1278 1263
f 855 899 961
f 1286 1241 1352
f 2081 2128 2107
f 1223 1433 1423
f 1473 1312 155
f 154 153 1321
f 1377 1376 1293
f 1392 274 267
f 334 300 1271
f 1955 1991 1934
f 1613 1327 1288
f 1327 1286 1288
f 1349 1374 1241
f 2370 2025 2367
f 1315 1331 133
f 434 446 1256
f 1232 1251 1231
f 1243 1244 1255
f 1286 1304 1241
f 1349 1107 1374
f 1359 1271 1386
f 1227 516 2431
f 219 240 1348
f 1270 271 1275
f 1255 1263 1243
f 2026 1926 29
f 1683 2157 1212
f 1326 1293 1376
f 1255 32 55
f 104 1325 1341
f 519 2462 2475
f 2154 2161 2137
f 1376 434 1246
f 1246 434 1256
f 1257 1251 1232
f 1262 1359 1386
f 2195 2192 2186
f 1308 534 1226
f 2026 2117 544
f 1327 1613 1324
f 1327 1326 1286
f 1286 1326 1304
f 104 1341 1331
f 774 524 880
f 837 1517 534
f 1127 1123 1567
f 1279 1237 1285
f 1297 1381 1294
f 1217 1232 1216
f 1142 1519 13
f 1436 1267 1287
f 1324 1372 1327
f 1304 1246 1241
f 1246 1349 1241
f 1246 1373 1349
f 286 1359 1262
f 1382 1383 1330
f 1284 1277 1273
f 489 1998 1799
f 1675 1116 1075
f 106 1317 1337
f 1311 1295 1281
f 1292 1364 1329
f 1335 1364 1292
f 1334 1294 1115
f 1334 1297 1294
f 1300 1381 1297
f 973 842 2461
f 1217 1239 1232
f 1232 1239 1257
f 1258 1267 1436
f 1359 1190 1274
f 1862 1405 1877
f 1372 1339 1327
f 1339 1326 1327
f 1373 1351 1349
f 1276 1311 1281
f 1256 2386 1351
f 2 1109 1300
f 482 1731 520
f 803 1604 2022
f 1223 1218 1211
f 1341 1383 1382
f 1298 1293 1370
f 1190 1354 1279
f 1324 2398 1372
f 1714 1700 2173
f 183 2000 489
f 1701 1666 192
f 1227 1242 1234
f 1332 1289 1310
f 1517 2005 2130
f 1331 1341 1382
f 525 1249 1236
f 23 1268 1450
f 1264 1291 1278
f 1281 1287 1267
f 1295 1305 1287
f 1281 1295 1287
f 1487 1305 1295
f 1605 2097 2058
f 1326 1376 1304
f 1304 1376 1246
f 1316 1919 1984
f 2500 1949 2460
f 1332 1313 1289
f 2189 2181 2177
f 1335 1334 1353
f 1292 1297 1334
f 1428 1250 1245
f 969 958 952
f 1217 1233 1239
f 1233 1257 1239
f 1876 1367 1338
f 1379 1260 1372
f 1372 1260 1339
f 1128 1302 1310
f 1310 1302 1332
f 1335 1353 1313
f 1292 1334 1335
f 1297 1329 1300
f 1279 1290 1237
f 1301 103 1314
f 70 1301 102
f 23 1333 1268
f 380 1285 390
f 772 325 1275
f 1314 103 1315
f 2473 2458 2487
f 1276 1281 1267
f 1344 95 1375
f 2053 1771 1572
f 1246 1256 1373
f 1373 1256 1351
f 1340 1302 1128
f 1350 1313 1332
f 1329 1297 1292
f 2434 2473 2487
f 106 1337 271
f 23 471 1333
f 622 723 509
f 1388 1517 2127
f 1991 1990 1989
f 183 1636 1226
f 2133 1605 2151
f 1260 1370 1339
f 1339 1370 1326
f 867 1894 1902
f 390 426 412
f 1235 1263 1242
f 1399 1422 1233
f 305 11 1333
f 1300 1329 1306
f 1302 1350 1332
f 1350 1309 1313
f 1309 1335 1313
f 2470 2102 1502
f 1787 1531 1599
f 1724 1725 1691
f 1827 1601 1927
f 1678 1358 1476
f 1823 1812 1846
f 1805 1824 1708
f 1746 1676 1797
f 325 2395 429
f 1835 1677 1826
f 1507 1790 1722
f 1526 1672 858
f 158 147 1342
f 1462 1473 1322
f 1474 1414 1565
f 1761 1900 1877
f 940 1759 1008
f 1565 1015 1008
f 1924 1533 1933
f 1878 826 830
f 1565 1414 1015
f 1402 1088 1008
f 1538 1532 1651
f 1015 1552 1008
f 1538 1591 1474
f 1532 1538 1474
f 1474 1591 1414
f 1484 1402 1008
f 1552 1484 1008
f 1414 1460 1015
f 1015 1460 1552
f 806 1289 945
f 1597 1538 1659
f 1484 1319 1402
f 1056 1402 1319
f 1538 1597 1591
f 1591 960 1414
f 1414 960 1460
f 1925 1466 1455
f 1552 1400 1484
f 1484 1400 1319
f 1400 113 1319
f 1597 1580 1591
f 1460 1400 1552
f 1514 1441 966
f 1597 1659 1409
f 1657 113 1400
f 1460 1657 1400
f 1288 1095 1634
f 1551 1597 1409
f 1580 1598 1591
f 1591 1598 960
f 1536 1990 2031
f 960 1657 1460
f 1809 1746 1797
f 1423 1433 1432
f 2478 1362 1409
f 1463 1545 113
f 1657 1463 113
f 1457 1287 1305
f 1682 1716 1746
f 1434 1761 1885
f 1013 1139 1617
f 2379 1362 2478
f 1420 1597 1551
f 1420 1580 1597
f 1664 1808 1712
f 2256 2250 2231
f 1362 1551 1409
f 2196 2214 2213
f 1691 1725 1777
f 1626 192 1666
f 1534 1574 2058
f 1574 1600 1605
f 1600 1606 1605
f 1606 1641 1605
f 1573 1420 1551
f 1657 1485 1463
f 678 1806 1742
f 1534 1553 1574
f 1574 1575 1600
f 1810 2170 585
f 1623 1641 1606
f 1407 1657 960
f 1598 1407 960
f 1485 1142 1463
f 1716 1581 1676
f 1738 1743 1733
f 843 2064 835
f 1539 1575 1574
f 1553 1539 1574
f 1575 1592 1600
f 1592 1624 1606
f 1600 1592 1606
f 1642 585 1641
f 1623 1642 1641
f 1485 164 1142
f 1738 1516 1743
f 1809 1720 1798
f 1533 1535 1534
f 1592 1607 1624
f 1624 1623 1606
f 1163 566 1116
f 1407 1485 1657
f 1432 1449 1439
f 1100 802 2382
f 1743 1516 1722
f 1746 1716 1676
f 1535 1539 1534
f 1534 1539 1553
f 1642 1623 1624
f 1095 1208 1654
f 967 1407 1598
f 1580 967 1598
f 1809 1797 1720
f 1924 1524 1535
f 1533 1924 1535
f 1539 1576 1575
f 1642 216 585
f 1407 1529 1485
f 1485 1529 164
f 1472 1462 1482
f 1415 1431 1240
f 966 1194 714
f 383 1182 152
f 474 2337 446
f 1743 1841 1757
f 1486 1524 1924
f 1535 1525 1539
f 1575 1576 1592
f 1420 967 1580
f 1288 1634 1613
f 459 427 1265
f 1404 2179 1393
f 1404 1403 1800
f 1404 1410 1403
f 1410 1749 1403
f 1349 1351 218
f 1486 1498 1524
f 1535 1524 1525
f 1607 1636 1624
f 183 1642 1624
f 1636 183 1624
f 1107 1349 218
f 1351 845 218
f 164 1519 1142
f 845 413 218
f 1525 1576 1539
f 1576 1582 1592
f 1592 2134 1607
f 2134 1636 1607
f 2147 1491 1401
f 1407 1589 1529
f 1529 1519 164
f 1693 1763 1444
f 1924 1479 1486
f 1592 1582 2134
f 499 165 874
f 2176 1857 1959
f 2327 2368 2326
f 2358 821 953
f 953 821 1573
f 1824 1704 1464
f 1731 1358 1678
f 1394 1410 1404
f 1394 1418 1410
f 1466 1479 1839
f 1486 1479 1498
f 1498 1525 1524
f 1576 2080 1582
f 1785 1684 1898
f 804 398 802
f 804 925 398
f 1447 1562 2358
f 2358 1562 821
f 821 1620 1573
f 1620 1420 1573
f 1420 1556 967
f 1393 1394 1404
f 1525 2080 1576
f 1621 1420 1620
f 1621 1556 1420
f 967 1589 1407
f 1505 5 1357
f 1266 1258 1436
f 1393 1395 1394
f 2176 2175 1848
f 1455 1466 1839
f 1525 1540 2080
f 1582 2080 2118
f 1100 804 802
f 1556 1589 967
f 1589 1082 1529
f 1093 1685 1357
f 1504 1093 1357
f 1425 1418 1394
f 1475 1479 1466
f 1479 1506 1498
f 1789 1784 1730
f 2501 2465 2489
f 1438 1458 1430
f 1462 1458 1473
f 1454 805 1529
f 1082 1454 1529
f 1529 805 1519
f 1425 1394 1395
f 1425 1744 1418
f 1479 1475 1506
f 1540 2060 2080
f 1556 1082 1589
f 1443 945 1511
f 1506 1536 1498
f 1498 1536 1525
f 1525 1536 1540
f 1670 852 1672
f 1998 1388 1389
f 1511 966 1509
f 1509 966 714
f 1442 1443 1496
f 1562 1635 821
f 155 1322 1473
f 1439 1458 1438
f 1426 1425 1395
f 1475 1499 1506
f 1735 1588 1776
f 2422 2454 2421
f 1423 1432 1415
f 1559 2101 2073
f 845 866 413
f 1429 1620 821
f 1620 1429 1621
f 1228 1250 1687
f 1002 945 1443
f 2382 802 1083
f 1859 1411 1395
f 1411 1426 1395
f 1426 1744 1425
f 1590 1437 1483
f 1480 1475 1466
f 1480 1499 1475
f 1510 1733 1743
f 1663 1696 1658
f 1430 1453 1452
f 1452 1472 1471
f 1452 1471 1448
f 1430 1452 1421
f 1430 1421 1422
f 1429 1082 1556
f 1621 1429 1556
f 1351 2386 845
f 1126 1059 487
f 1639 1437 1563
f 1504 1928 1093
f 1499 1536 1506
f 1588 1770 1727
f 1110 1747 1397
f 1776 1588 1531
f 1322 1320 1482
f 1590 1629 1571
f 1730 1877 1838
f 1429 935 1082
f 1082 935 1454
f 804 1443 925
f 1139 1007 1639
f 1925 1480 1466
f 1934 1989 1480
f 1499 1989 1536
f 1727 1526 1531
f 1593 1614 502
f 2455 2431 2400
f 1755 1680 908
f 1563 1571 1564
f 1647 1078 1501
f 2490 1635 1106
f 1496 1511 717
f 2454 2431 516
f 1478 1153 1093
f 1870 1426 1411
f 1426 1723 1744
f 962 986 1412
f 717 1511 1509
f 1825 1704 1824
f 2225 2234 2253
f 1490 1557 1188
f 1635 80 821
f 805 1454 935
f 1186 706 695
f 1194 1161 714
f 1512 1007 1013
f 592 97 204
f 1258 1266 1257
f 82 1333 471
f 1694 1710 1505
f 1643 490 1661
f 1661 490 1114
f 1518 2068 2484
f 1750 1808 1664
f 1656 1635 2490
f 935 1521 805
f 1546 1629 1076
f 1301 70 1277
f 966 1441 1194
f 1148 1825 1824
f 1614 1609 1643
f 1114 1092 1921
f 1770 1739 1670
f 1631 1632 1646
f 821 1016 1429
f 1429 1016 935
f 1632 1095 1654
f 1083 262 688
f 1724 1686 1725
f 1644 490 1643
f 1092 1149 1921
f 3 893 1832
f 988 1640 1188
f 916 1107 284
f 1656 80 1635
f 1016 821 80
f 1016 1521 935
f 1478 1202 1153
f 1401 1928 29
f 1440 1478 1928
f 1849 1700 1865
f 1595 1611 1612
f 1208 198 341
f 1464 1704 1746
f 2143 984 1721
f 1848 1849 1868
f 1662 1114 490
f 1669 1787 1682
f 1656 1618 80
f 198 1208 916
f 1440 1928 1401
f 1521 1369 805
f 1252 1107 916
f 1745 678 1672
f 1703 1779 1721
f 1750 1465 1808
f 1609 1644 1643
f 1092 1114 1662
f 1826 1523 1793
f 2262 2261 2224
f 1696 2166 1767
f 1016 1648 1521
f 1208 1252 916
f 833 688 1067
f 1794 1803 1558
f 28 17 512
f 1750 861 1566
f 1594 1644 1609
f 1644 1645 490
f 490 1645 1662
f 2229 2262 2224
f 1602 861 1760
f 1530 1777 1760
f 872 1706 1673
f 1696 1668 2166
f 1708 1809 1798
f 1581 1716 1814
f 1709 1794 1680
f 1233 1421 1257
f 1724 1476 1686
f 1469 1481 1965
f 1965 1481 1492
f 2073 1549 1559
f 1594 1615 1644
f 1799 1706 1755
f 1725 1686 1837
f 1720 1797 1572
f 1618 2467 2022
f 1618 1579 80
f 1648 1016 80
f 2134 2152 1636
f 1611 1632 1631
f 1761 1434 1470
f 1559 1577 1594
f 1603 1615 1594
f 1615 1645 1644
f 1637 1662 1645
f 1662 1199 1092
f 1199 1149 1092
f 1451 1108 1149
f 665 734 756
f 1865 1700 1714
f 1709 1841 1794
f 1618 2022 1579
f 1648 1413 1369
f 1521 1648 1369
f 1520 11 1401
f 1446 1470 1434
f 1798 1691 1754
f 2063 1544 2073
f 2073 1544 1549
f 1594 1577 1603
f 1615 1637 1645
f 1637 1199 1662
f 1427 1149 1199
f 2167 1108 1451
f 1997 1673 1705
f 1706 1799 1705
f 1841 1709 1757
f 1604 1579 2022
f 1579 707 80
f 80 707 1648
f 1520 1401 1491
f 1649 1520 1491
f 1435 1434 1885
f 1470 1469 1461
f 1481 1508 2024
f 2370 1544 2063
f 1549 1568 1559
f 1559 1568 1577
f 1603 1610 1615
f 1615 1610 1637
f 999 1199 1637
f 1451 1149 1427
f 1137 1825 1148
f 1706 1705 1673
f 1138 1604 2116
f 1138 1579 1604
f 1413 1648 707
f 2360 2024 1508
f 598 1075 1116
f 229 93 1468
f 1839 1479 1684
f 2216 2229 2224
f 1610 1625 1637
f 329 999 1637
f 1199 1017 1427
f 1017 303 1427
f 303 1451 1427
f 1792 1754 1777
f 2309 2391 2301
f 1655 1138 2116
f 1138 707 1579
f 1649 1491 206
f 1406 1885 1398
f 1406 1419 1885
f 1419 1435 1885
f 1434 1435 1446
f 1470 1481 1469
f 1577 1583 1603
f 999 1017 1199
f 81 67 941
f 67 1650 941
f 1259 1815 2164
f 1619 2116 2045
f 1424 707 1138
f 1702 1649 206
f 1687 1406 1398
f 1477 1481 1470
f 1568 1569 1577
f 1577 1569 1583
f 1603 1583 1610
f 1625 329 1637
f 2167 340 273
f 81 273 340
f 81 962 67
f 1547 1619 1488
f 1830 1739 1770
f 938 1424 1138
f 1424 1413 707
f 1527 1649 1702
f 1527 1520 1649
f 1527 1268 1520
f 1250 1406 1687
f 1441 1353 1115
f 1203 1413 1051
f 1250 1419 1406
f 1477 2372 1481
f 1481 2372 1508
f 2449 1560 1568
f 1549 2449 1568
f 1568 1560 1569
f 1569 1584 1583
f 1652 329 1625
f 329 817 999
f 285 1017 999
f 303 10 1451
f 10 2167 1451
f 1412 1650 67
f 1412 1488 1650
f 1547 1023 1619
f 1023 1655 1619
f 1655 938 1138
f 1456 1413 1424
f 1457 1470 1446
f 1457 1477 1470
f 329 1652 817
f 10 340 2167
f 938 1546 1424
f 1546 1456 1424
f 1259 1548 1779
f 2052 2031 1990
f 1440 1202 1478
f 1428 1419 1250
f 1428 1435 1419
f 1428 1446 1435
f 1934 1935 1955
f 1560 1584 1569
f 1610 1638 1625
f 1638 1652 1625
f 817 1077 999
f 1077 285 999
f 980 303 1017
f 962 1412 67
f 1494 1023 1547
f 325 271 1270
f 1443 1511 1496
f 1450 1268 1527
f 1514 1353 1441
f 1287 1446 1428
f 1446 1287 1457
f 1305 2372 1477
f 1992 1990 1991
f 1992 1991 1971
f 1971 1991 1955
f 2449 1549 2418
f 1583 1616 1610
f 1610 1616 1638
f 10 1396 340
f 340 1445 81
f 1445 962 81
f 1790 984 1753
f 984 2148 1753
f 1588 1713 1770
f 969 978 958
f 1741 1779 1703
f 1758 1846 1754
f 1827 1819 1029
f 1818 1530 1712
f 1750 1566 2127
f 2459 2434 2483
f 1798 1720 1771
f 1794 1841 1803
f 216 1755 1810
f 1098 1735 1748
f 1735 1497 1748
f 1502 2102 1601
f 881 1502 1601
f 1455 1839 1744
f 1706 1709 1680
f 1212 1741 1703
f 1788 1969 1671
f 1075 1074 1692
f 951 2500 881
f 2490 2486 2463
f 1748 1497 1781
f 1721 984 1840
f 1815 1259 1741
f 1626 1756 1837
f 975 987 1542
f 2230 2236 2235
f 1772 678 734
f 1542 1671 975
f 1806 1772 1780
f 678 1772 1806
f 2218 2225 2268
f 1828 1732 2007
f 1526 1688 1531
f 1752 1526 1554
f 1844 1818 1712
f 1823 1846 1804
f 1781 1669 1704
f 1721 1779 2143
f 1770 1670 1526
f 1497 1669 1781
f 1098 1713 1735
f 1742 1815 1741
f 1526 858 1875
f 1599 1531 1688
f 1803 1790 1558
f 1703 1721 1683
f 1832 1766 957
f 1542 1679 1671
f 1679 1788 1671
f 1927 1819 1827
f 1718 1745 1739
f 1684 1022 1839
f 1459 1283 1299
f 1022 1410 1418
f 2368 2393 2326
f 1669 1497 1776
f 1875 858 1212
f 1739 1745 852
f 1964 1918 1461
f 1356 133 1331
f 1765 1829 1468
f 858 1742 1741
f 1006 1674 1021
f 1723 1936 1935
f 1468 1713 1098
f 1724 1678 1476
f 1680 1783 908
f 1731 1543 520
f 1683 1721 1840
f 1467 1679 1542
f 1812 1708 1846
f 1679 1975 1788
f 1713 1830 1770
f 1803 1722 1790
f 2301 2391 2349
f 1713 1588 1735
f 1836 1530 1818
f 1837 1756 861
f 886 571 556
f 1181 1805 1812
f 1706 1680 1755
f 1677 1729 1775
f 1776 1787 1669
f 1526 1670 1672
f 1727 1770 1526
f 987 1467 1542
f 1567 1704 1137
f 1693 1865 1714
f 897 1762 912
f 1135 1697 1062
f 1697 376 1062
f 1543 1731 1678
f 1793 1679 1467
f 1777 1602 1760
f 1846 1798 1754
f 1835 1096 1677
f 1033 1030 940
f 1450 1527 1702
f 1717 376 1697
f 1711 1717 1697
f 1717 165 376
f 1840 984 1790
f 1669 1746 1704
f 1669 1682 1746
f 2301 2349 2308
f 1882 1444 1898
f 1820 1789 1730
f 861 1380 1566
f 2301 2308 2266
f 1771 1543 1691
f 1958 1659 1651
f 1697 1360 1711
f 1711 1737 1717
f 1717 1737 165
f 1790 1753 1558
f 1668 1696 1663
f 1360 1702 1711
f 1702 1707 1711
f 1707 1737 1711
f 1737 1751 165
f 1444 1782 1693
f 1716 1787 1599
f 1744 1839 1022
f 1898 1444 1785
f 206 1707 1702
f 1764 2468 1751
f 316 1844 893
f 893 1844 915
f 1845 1804 1758
f 1380 861 1756
f 1780 670 1021
f 1714 2172 1763
f 1783 1558 1663
f 1750 2127 1465
f 1798 1771 1691
f 1691 1543 1724
f 1872 1910 839
f 1737 2044 1751
f 1751 2044 1764
f 1757 1701 482
f 1725 1602 1777
f 1836 1845 1530
f 2102 2470 1503
f 2496 1899 544
f 763 2484 946
f 987 1719 1467
f 1845 1758 1792
f 1725 1837 1602
f 1872 1866 1873
f 1712 1530 1760
f 489 1799 216
f 1760 861 1750
f 2068 2466 2460
f 1696 2159 2168
f 377 1377 1280
f 1797 1676 1572
f 1581 2053 1572
f 1676 1581 1572
f 1764 2498 2468
f 2468 2498 1994
f 1861 1695 1860
f 2481 2004 2495
f 1826 1677 1523
f 1670 1739 852
f 2234 2269 2253
f 1724 1543 1678
f 1658 2168 1791
f 1397 1747 1719
f 1696 2168 1658
f 979 519 272
f 1774 1975 1679
f 975 1671 932
f 1787 1716 1682
f 1835 1826 1747
f 2501 2469 961
f 1810 908 1791
f 1982 1768 191
f 1137 1704 1825
f 1804 1846 1758
f 2004 2044 1737
f 913 1969 902
f 2498 1795 1801
f 915 1844 1712
f 1689 915 1712
f 1740 1752 1541
f 695 661 199
f 1865 1693 1782
f 1824 1464 1809
f 1829 1765 1718
f 1816 1768 1982
f 1816 1622 1768
f 1622 2165 1681
f 1768 1622 1681
f 670 1772 228
f 1283 1459 52
f 1785 1444 1749
f 1675 1075 1685
f 1567 1781 1704
f 1858 1857 1848
f 1526 1752 1688
f 1791 2160 1810
f 908 1658 1791
f 1813 1773 1558
f 1845 1792 1530
f 69 376 165
f 3 1832 1834
f 1722 1516 1507
f 1801 1821 1994
f 1833 1982 2046
f 1821 1833 2046
f 1833 1816 1982
f 1022 1785 1749
f 2160 2170 1810
f 1147 1719 1726
f 1683 1840 1507
f 1467 1719 1793
f 1795 1802 1801
f 1802 1811 1801
f 1801 1811 1821
f 1690 2165 1622
f 1934 1480 1925
f 229 1468 1091
f 1780 2164 1742
f 1672 1742 858
f 1833 1417 1816
f 1417 1622 1816
f 1831 2165 1690
f 1668 1663 1558
f 1719 1747 1826
f 1760 1750 1664
f 1817 1690 1622
f 1530 1792 1777
f 948 1796 1802
f 1796 1811 1802
f 1515 1817 1622
f 1695 1861 1831
f 1783 1663 1658
f 1749 1410 1022
f 854 1796 948
f 1811 1842 1833
f 1821 1811 1833
f 1833 1842 1417
f 1622 1417 1515
f 127 1804 1845
f 1686 1626 1837
f 1608 1690 1817
f 1523 1775 1762
f 127 1845 1836
f 1812 1805 1708
f 1523 1677 1775
f 1780 1772 670
f 1758 1754 1792
f 1204 1796 854
f 1822 1842 1811
f 1608 1831 1690
f 1822 1811 1796
f 1842 1416 1417
f 1417 1416 1515
f 1515 1608 1817
f 1728 1831 1608
f 908 1783 1658
f 127 1836 316
f 1805 1148 1824
f 852 1745 1672
f 1478 1093 1928
f 1822 1843 1842
f 1843 959 1842
f 1842 959 1416
f 1728 1695 1831
f 1728 1860 1695
f 2346 446 2337
f 1602 1837 861
f 1087 1096 1835
f 1708 1824 1809
f 2004 1737 505
f 1567 1748 1781
f 520 1543 1883
f 1760 1664 1712
f 128 1336 72
f 2053 1883 1543
f 1822 180 1843
f 1786 1608 1515
f 929 2462 519
f 512 2402 506
f 1212 1703 1683
f 1830 1829 1739
f 2053 1543 1771
f 1416 1769 1515
f 1769 1786 1515
f 1786 1728 1608
f 1712 1808 1689
f 1794 1558 1783
f 1497 1735 1776
f 1127 1567 1137
f 1123 1748 1567
f 36 205 1185
f 959 1734 1416
f 1738 1733 1541
f 1774 1762 1974
f 1752 1554 1541
f 1752 1740 1688
f 1526 1875 1554
f 1468 1829 1830
f 1755 908 1810
f 1716 1599 1814
f 1806 1780 1742
f 2308 2349 2340
f 1832 915 1689
f 1713 1468 1830
f 1814 1599 1346
f 1832 1689 1766
f 1022 1684 1785
f 1093 1153 1116
f 1672 678 1742
f 1675 1685 1093
f 1841 1743 1722
f 1814 2053 1581
f 1464 1746 1809
f 2485 2497 2493
f 1416 1734 1769
f 1665 1728 1786
f 1665 1951 1728
f 1951 1860 1728
f 1951 2094 1860
f 1844 1836 1818
f 316 1836 1844
f 1776 1531 1787
f 1719 1826 1793
f 2147 1401 29
f 2111 2121 1548
f 1741 1259 1779
f 1843 347 1834
f 1843 1734 959
f 1766 1769 1734
f 957 1766 1734
f 1766 1786 1769
f 1766 1689 1786
f 1689 1665 1786
f 1754 1691 1777
f 1507 1840 1790
f 1761 1470 1461
f 1523 1679 1793
f 1091 1468 1098
f 1820 1730 1838
f 1843 1834 1734
f 1808 1951 1665
f 1588 1727 1531
f 893 915 1832
f 1523 1774 1679
f 272 2488 710
f 1093 1116 1675
f 2340 2349 2348
f 1832 1734 1834
f 1832 957 1734
f 1951 1808 2094
f 1685 1692 1505
f 1043 295 698
f 2143 1779 2121
f 1689 1808 1665
f 1693 1714 1763
f 1738 2157 1516
f 1114 1921 236
f 1268 1333 1520
f 1149 1108 431
f 508 2144 1912
f 1957 1108 1537
f 431 1108 1957
f 1018 1108 2167
f 1338 1957 1681
f 2163 1957 1338
f 1983 1390 2093
f 30 557 37
f 1714 2173 2172
f 1983 1984 1390
f 1984 2065 1390
f 884 1762 897
f 2065 1984 1214
f 1950 1974 1762
f 884 1950 1762
f 2012 1698 1861
f 1214 2116 803
f 1950 1938 1974
f 1938 1967 1974
f 1900 1761 1461
f 865 1929 884
f 884 1929 1950
f 2062 2071 2042
f 919 1985 1732
f 1593 502 2146
f 1995 1213 2098
f 1522 2476 1651
f 2174 1849 2175
f 1480 1989 1499
f 1929 1938 1950
f 1605 2058 1574
f 2097 1605 2133
f 1912 2014 1886
f 2092 2082 2083
f 206 1930 505
f 2101 2100 2092
f 2073 2101 2092
f 839 1910 865
f 1910 1901 1929
f 865 1910 1929
f 1967 1788 1975
f 2073 2092 2063
f 2101 1593 2100
f 2015 1876 1698
f 1853 1884 2014
f 1831 1698 2165
f 1316 273 81
f 1901 1920 1929
f 1929 1920 1938
f 1920 1968 1967
f 1938 1920 1967
f 1849 2174 1700
f 2173 1700 2174
f 2062 2072 2091
f 803 2467 2059
f 2239 1736 2240
f 1505 1357 1685
f 1358 1686 1476
f 1967 1968 1788
f 1968 1969 1788
f 2065 2110 2156
f 2065 1214 2110
f 2110 1214 503
f 273 2093 1018
f 273 1983 2093
f 532 1886 2155
f 2034 2021 1947
f 216 1810 585
f 1912 543 2014
f 1390 2051 1537
f 1872 1873 1910
f 1984 2045 1214
f 597 1912 1886
f 1593 2146 2100
f 2071 2062 2090
f 2034 2046 1982
f 2034 1947 2046
f 1214 2045 2116
f 1873 1887 1910
f 1887 1901 1910
f 1562 1447 1106
f 2163 431 1957
f 1948 1972 1936
f 1972 1948 1992
f 2014 2015 2013
f 1853 2014 2013
f 1550 1884 1853
f 1947 2468 1994
f 1355 1550 2154
f 1355 1884 1550
f 2081 2108 2128
f 2024 1965 1492
f 2024 2032 1965
f 2116 1604 803
f 1901 1911 1920
f 1939 1968 1920
f 1911 1939 1920
f 872 1626 1666
f 2062 2091 2120
f 1819 1927 1759
f 1021 1674 1780
f 872 1673 1756
f 1550 501 2171
f 1378 1550 2171
f 2146 2162 2145
f 1358 482 192
f 2109 2120 2119
f 1866 1872 2227
f 1391 2012 1860
f 2136 2137 2161
f 2162 1661 236
f 1887 1894 1901
f 1901 1894 1911
f 505 1707 206
f 2120 2137 2136
f 2142 2164 1674
f 1860 2012 1861
f 1894 1939 1911
f 2080 2060 2118
f 2162 236 508
f 2164 1815 1742
f 1018 2093 1537
f 2154 1378 2161
f 2041 2098 2491
f 2043 2042 2032
f 1108 1018 1537
f 1465 2094 1808
f 502 1643 1661
f 2467 1618 1656
f 2119 2136 2135
f 2119 2108 2071
f 878 1183 1195
f 2101 1594 1593
f 2033 2370 2063
f 2482 2491 2098
f 1282 2406 1275
f 2003 1948 1956
f 2043 2032 2024
f 2025 2043 2024
f 2154 1550 1378
f 1795 2498 1764
f 2142 1548 2164
f 2431 2454 2422
f 1981 2011 1993
f 2349 2391 2362
f 502 2162 2146
f 2025 2024 2360
f 2129 2120 2091
f 1732 1985 2007
f 2171 1308 209
f 1930 1995 2041
f 1390 1238 2051
f 1866 1878 1887
f 1878 1894 1887
f 1965 2032 2011
f 874 2480 2492
f 2071 2108 2069
f 1358 1731 482
f 430 2021 2034
f 1965 2003 1964
f 1855 1889 831
f 1668 1773 2150
f 1390 2156 1238
f 898 869 1903
f 2391 2407 2362
f 2121 2111 2074
f 1548 1259 2164
f 2099 2129 2091
f 1550 1853 501
f 1853 1852 501
f 952 2017 969
f 2085 2121 2074
f 2130 2006 1391
f 2144 1367 543
f 2100 2146 2099
f 1545 1319 113
f 1903 1922 898
f 1922 1931 898
f 585 2170 1641
f 2007 2017 952
f 2017 2074 969
f 1558 1753 1813
f 837 2005 1517
f 2005 2006 2130
f 1532 1474 1528
f 2003 1981 1948
f 2070 2071 2069
f 1922 919 1931
f 2017 2085 2074
f 2085 2104 2121
f 2100 2099 2082
f 2156 2110 2034
f 505 2474 2004
f 1903 871 1922
f 1922 1952 919
f 919 1952 1985
f 1985 2001 2007
f 2001 2036 2017
f 2007 2001 2017
f 2017 2036 2085
f 2036 2047 2085
f 2047 2075 2085
f 2075 2104 2085
f 1948 1993 2023
f 2400 2422 2407
f 2011 2070 1993
f 2033 2043 2025
f 2012 2015 1698
f 1876 1338 2165
f 871 1940 1922
f 1985 1976 2001
f 2121 2104 2143
f 1051 1413 1456
f 2358 1362 2379
f 1859 1789 1870
f 2090 2109 2071
f 1405 1398 1885
f 1886 1884 1355
f 1922 1960 1952
f 1952 1960 1985
f 1960 1976 1985
f 1956 1948 1936
f 2135 209 2128
f 2157 1875 1212
f 2160 2168 2169
f 1900 1461 1918
f 2001 2018 2036
f 2075 2086 2104
f 2111 2142 2103
f 1937 1956 1936
f 2023 2070 2061
f 2135 2128 2108
f 2042 2071 2011
f 2138 413 2383
f 2033 2072 2043
f 1922 1940 1960
f 2070 2069 2061
f 2069 2108 2061
f 2108 2119 2135
f 1855 1904 1889
f 1889 1904 871
f 871 1904 1940
f 1976 2018 2001
f 2036 2018 2047
f 2122 2143 2104
f 216 1642 489
f 2148 984 2143
f 1975 1974 1967
f 2157 1683 1516
f 1614 1593 1594
f 2269 2270 2276
f 1926 2147 29
f 2082 2091 2072
f 430 503 2059
f 1904 1905 1940
f 1940 1961 1960
f 1961 1976 1960
f 2087 2086 2075
f 2065 2156 1390
f 1820 1838 1900
f 534 1308 837
f 2167 273 1018
f 831 1850 1855
f 2019 2037 2018
f 2018 2037 2047
f 2037 2075 2047
f 2086 2095 2104
f 2095 2122 2104
f 2122 2148 2143
f 1926 1213 1995
f 1405 1885 1761
f 2006 2013 2012
f 2211 2233 2216
f 1855 1890 1904
f 1904 1895 1905
f 1905 1932 1940
f 1961 1977 1976
f 1976 1986 2018
f 2484 2476 1518
f 1870 1411 1859
f 1548 2142 2111
f 1904 1890 1895
f 1895 1932 1905
f 1940 1932 1961
f 1976 1977 1986
f 1986 2008 2018
f 2018 2008 2019
f 2087 2075 2037
f 2087 2095 2086
f 2094 1391 1860
f 1852 1853 2006
f 1853 2013 2006
f 929 979 850
f 1855 1874 1890
f 2008 2028 2019
f 1993 2070 2023
f 1705 1799 1998
f 1491 2147 206
f 1851 1856 1855
f 1895 1890 1874
f 2038 2019 2028
f 2038 2048 2037
f 2019 2038 2037
f 2048 2067 2087
f 2037 2048 2087
f 2087 2067 2095
f 2095 2149 2122
f 2149 2148 2122
f 1308 2005 837
f 209 1308 1387
f 1601 2102 1927
f 254 170 201
f 1800 1403 1763
f 1510 1346 1740
f 870 871 1903
f 1919 1650 1619
f 2148 1667 1753
f 1932 1923 1961
f 1977 1953 1986
f 2067 2112 2095
f 2112 2149 2095
f 2148 2149 1667
f 2422 2421 2407
f 1926 2026 1213
f 1912 2144 543
f 2128 1387 2153
f 1733 1510 1740
f 990 853 2489
f 503 1214 803
f 1921 431 2163
f 2146 2145 2129
f 2144 1921 2163
f 1855 1856 1874
f 1895 1923 1932
f 1923 1941 1961
f 1961 1941 1977
f 2048 2076 2067
f 2076 2113 2067
f 2067 2113 2112
f 1723 1900 1937
f 1870 1900 1723
f 1367 2163 1338
f 520 1346 1510
f 1698 1831 1861
f 1984 1919 2045
f 1895 1891 1923
f 2008 1986 2028
f 1948 1981 1993
f 1883 1346 520
f 1883 1814 1346
f 1930 206 2147
f 2499 2486 1447
f 1891 1906 1923
f 1923 1953 1941
f 1953 1977 1941
f 1953 1987 1986
f 2113 2123 2112
f 2123 2149 2112
f 1387 1308 1226
f 1599 1688 1346
f 2093 1390 1537
f 2003 2011 1981
f 1987 2028 1986
f 2038 2049 2048
f 2048 2049 2076
f 1813 1667 2149
f 2123 1813 2149
f 1461 1469 1964
f 1757 1510 1743
f 505 1930 1999
f 2223 1784 1789
f 1532 1522 1651
f 1906 1913 1923
f 1913 1943 1923
f 1943 1942 1923
f 1923 1942 1953
f 1942 1987 1953
f 1308 1852 2005
f 2053 1814 1883
f 1733 1740 1541
f 2154 1886 1355
f 1503 1528 1474
f 1874 1879 1895
f 1895 1879 1891
f 2076 2124 2113
f 2113 2124 2123
f 1896 1891 1879
f 1891 1896 1906
f 1942 1962 1987
f 1962 2009 2028
f 1987 1962 2028
f 2009 2038 2028
f 2109 2119 2071
f 1918 1956 1937
f 1851 1864 1856
f 1896 1897 1906
f 1906 1897 1913
f 1943 1962 1942
f 2049 2077 2076
f 2124 2125 2123
f 1930 2147 1926
f 1902 1894 1878
f 482 1510 1757
f 2129 2137 2120
f 503 803 2059
f 1847 1857 1851
f 1851 1857 1864
f 2039 2038 2009
f 2038 2039 2049
f 2076 2077 2124
f 2150 1813 2123
f 482 520 1510
f 1994 1821 2046
f 2044 2004 1764
f 1864 1867 1856
f 1867 1874 1856
f 1897 1944 1913
f 1943 1944 1962
f 2124 2126 2125
f 2150 2123 2125
f 2099 2146 2129
f 2041 1995 2098
f 1605 1641 2151
f 1847 1959 1857
f 1874 1867 1879
f 1913 1944 1943
f 1944 1963 1962
f 2077 2096 2124
f 2096 2126 2124
f 2126 2150 2125
f 941 1650 1919
f 2135 2136 209
f 1884 1886 2014
f 2049 2029 2077
f 1388 2127 1389
f 1389 2127 1566
f 1930 1926 1995
f 941 1919 1316
f 2110 503 430
f 1867 1880 1879
f 1879 1880 1896
f 1897 1907 1944
f 1963 1978 1962
f 1962 1978 2009
f 2039 2029 2049
f 2077 2078 2096
f 822 823 827
f 2166 1668 2150
f 81 941 1316
f 2204 2216 2203
f 2011 2071 2070
f 1880 1892 1896
f 1892 1907 1897
f 1896 1892 1897
f 1907 1914 1944
f 1978 2010 2009
f 2010 2039 2009
f 1688 1740 1346
f 1789 1820 1870
f 2130 1391 2094
f 1944 1945 1963
f 2029 2078 2077
f 1767 2150 2126
f 1767 2166 2150
f 803 2022 2467
f 1503 1927 2102
f 1914 1954 1944
f 1944 1954 1945
f 1963 1970 1978
f 2078 2105 2096
f 2105 2126 2096
f 1965 2011 2003
f 192 1626 1358
f 2101 1559 1594
f 1930 2041 1999
f 1698 1876 2165
f 1398 1871 891
f 2165 1338 1681
f 1970 2010 1978
f 2010 2030 2029
f 2039 2010 2029
f 2030 2055 2078
f 2029 2030 2078
f 1849 1848 2175
f 1871 1862 891
f 543 2015 2014
f 1857 1858 1864
f 1864 1858 1867
f 1963 1945 1970
f 2055 2088 2078
f 2078 2088 2105
f 2105 2131 2126
f 2126 2131 1767
f 2063 2083 2033
f 2161 2171 209
f 2032 2042 2011
f 1813 2150 1773
f 1914 1908 1954
f 1970 1979 2010
f 2088 2131 2105
f 2015 543 1876
f 1694 1692 1048
f 1395 2207 1859
f 1395 1393 2207
f 1730 1784 1736
f 2500 2466 2470
f 1709 1701 1757
f 1945 1979 1970
f 2030 2050 2055
f 2350 2317 2286
f 2154 2155 1886
f 871 860 1889
f 2161 209 2136
f 2497 2463 2493
f 2190 2204 2203
f 1800 2179 1404
f 2477 2469 1385
f 1385 1715 2477
f 2128 209 1387
f 1858 1868 1867
f 1867 1881 1880
f 1893 1892 1880
f 1881 1893 1880
f 1893 1907 1892
f 1907 1908 1914
f 1954 1979 1945
f 1979 1980 2010
f 2131 2159 1767
f 1765 93 339
f 1761 1877 1405
f 523 1347 515
f 1541 2157 1738
f 2144 2163 1367
f 1380 1389 1566
f 2317 2392 2316
f 1994 2498 1801
f 1867 1868 1881
f 1980 2050 2030
f 2010 1980 2030
f 2050 2089 2055
f 2055 2089 2088
f 2088 2114 2131
f 1538 1651 1659
f 2145 2155 2129
f 2140 29 1928
f 2370 2033 2025
f 2252 2239 2240
f 2239 2252 1862
f 2392 2391 2316
f 2469 2501 1385
f 2477 1715 1710
f 502 1614 1643
f 2438 1227 2431
f 1915 1907 1893
f 1915 1908 1907
f 1954 1908 1979
f 1908 1988 1979
f 1979 1988 1980
f 2114 2159 2131
f 2155 2154 2129
f 508 1966 2144
f 872 1756 1626
f 1710 1715 1505
f 236 1966 508
f 2272 2284 1398
f 2325 2355 2319
f 1548 2121 1779
f 1532 1528 1522
f 1980 2056 2050
f 2050 2056 2089
f 2013 2015 2012
f 1964 2003 1956
f 2006 2012 1391
f 1565 1927 1503
f 2244 2243 2226
f 5 1715 1385
f 1858 1848 1868
f 1915 1946 1908
f 1946 1988 1908
f 1980 2020 2056
f 2115 2159 2114
f 2092 2083 2063
f 1398 2284 1687
f 2162 2155 2145
f 519 2475 2488
f 2158 5 1385
f 5 1505 1715
f 1692 1694 1505
f 1988 2020 1980
f 2115 2169 2159
f 2169 2168 2159
f 2083 2082 2072
f 1316 1984 1983
f 1488 1619 1650
f 2083 2072 2033
f 2361 1210 1233
f 1933 1946 1915
f 2056 2079 2089
f 2088 2115 2114
f 2099 2091 2082
f 2162 532 2155
f 1852 2006 2005
f 2023 2061 2052
f 2176 2184 2175
f 2162 985 532
f 1909 1893 1881
f 1909 1915 1893
f 1988 2040 2020
f 2040 2056 2020
f 2089 2079 2088
f 2088 2079 2115
f 1782 1444 1882
f 1216 1215 2320
f 867 1939 1894
f 867 903 1939
f 1372 2398 1379
f 1863 504 2027
f 2158 1385 504
f 1868 1782 1881
f 1909 1933 1915
f 2040 1988 1946
f 1481 2024 1492
f 2120 2136 2119
f 1522 1528 1518
f 1871 1398 1405
f 1221 1408 1399
f 1357 5 2158
f 2179 1800 1763
f 1868 1865 1782
f 1882 1881 1782
f 1882 1909 1881
f 2040 2057 2056
f 2106 2079 2056
f 2057 2106 2056
f 2106 2132 2079
f 2132 2115 2079
f 2115 2132 2169
f 532 985 597
f 2092 2100 2082
f 1210 1221 1399
f 1399 1233 1210
f 2130 2002 1517
f 1849 1865 1868
f 1933 2040 1946
f 52 1269 30
f 1667 1813 1753
f 1997 1380 1673
f 940 1008 1088
f 1947 1994 2046
f 1882 1916 1909
f 1924 1933 1909
f 1533 2040 1933
f 1533 1534 2040
f 2058 2040 1534
f 2058 2057 2040
f 1238 191 1768
f 1997 1389 1380
f 1875 1541 1554
f 1854 504 1863
f 1854 2158 504
f 2396 1275 2406
f 2426 2443 153
f 1916 1924 1909
f 1925 1935 1934
f 1870 1723 1426
f 2058 2097 2057
f 2097 2106 2057
f 2132 2151 2169
f 2151 2160 2169
f 1106 1635 1562
f 1957 1768 1681
f 1957 2051 1768
f 526 535 33
f 1614 1594 1609
f 2233 2229 2216
f 2496 2027 2084
f 2496 1863 2027
f 2117 1854 1863
f 2016 2158 1854
f 2016 1504 1357
f 2158 2016 1357
f 1114 236 1661
f 2129 2154 2137
f 2133 2106 2097
f 2491 1999 2041
f 2051 1238 1768
f 2061 2108 2081
f 2189 2195 2186
f 2348 2349 2362
f 1701 192 482
f 505 1737 1707
f 2133 2132 2106
f 2132 2133 2151
f 2151 2170 2160
f 502 1661 2162
f 1998 1389 1997
f 2297 2352 2329
f 2352 2364 2329
f 2394 2414 2364
f 2352 2394 2364
f 2402 512 2415
f 2255 2254 2243
f 2446 1365 2456
f 2271 2282 2298
f 846 2283 2264
f 2293 2310 2318
f 2254 2295 2294
f 2283 2290 2278
f 2270 2294 2293
f 2423 2455 2400
f 2281 2287 2267
f 2190 2191 2204
f 2271 2263 2282
f 2334 2329 2364
f 2424 2432 2409
f 2282 2263 2298
f 1409 1659 1958
f 2263 2302 2298
f 2297 2329 2296
f 1256 446 2346
f 1958 2502 2478
f 2437 2399 2444
f 263 2366 2359
f 849 827 823
f 2311 2325 2290
f 2499 2379 2434
f 2446 2456 2423
f 947 2358 2379
f 2499 947 2379
f 2205 2195 2212
f 2245 2237 2227
f 2245 2256 2237
f 2256 2263 2271
f 556 571 2305
f 1528 2068 1518
f 2424 2439 2432
f 2302 2352 2297
f 1866 2237 826
f 2248 2242 2211
f 2334 2364 2363
f 2235 2244 2226
f 2255 2295 2254
f 2329 2324 2296
f 2439 2447 1973
f 2329 2334 2324
f 2409 2432 2414
f 2293 2318 2276
f 866 2425 2416
f 1487 1493 2372
f 2237 2231 2230
f 2415 512 17
f 2035 1236 26
f 921 2138 688
f 2491 2482 2462
f 6 181 197
f 2481 948 1795
f 2138 2383 2382
f 2377 2394 2352
f 2377 506 2394
f 2394 506 2402
f 2401 2402 2415
f 2394 2402 2401
f 2318 2326 2276
f 2439 2457 2432
f 2298 2302 2297
f 2244 2249 2243
f 2404 1100 2382
f 2238 2245 2227
f 2245 2257 2256
f 2257 2263 2256
f 2324 2334 2328
f 2257 2289 2263
f 2289 2302 2263
f 2236 2231 2250
f 2138 2382 688
f 2383 2404 2382
f 1100 2404 2343
f 2353 2352 2302
f 2353 2377 2352
f 2237 2230 2220
f 2335 2355 2325
f 2308 2340 2315
f 2253 2269 2276
f 2311 2335 2325
f 2439 2424 511
f 2268 2267 2248
f 2383 413 2404
f 123 971 832
f 2234 2243 2269
f 2225 2213 2234
f 2219 2213 2225
f 2195 2196 2212
f 1544 2418 1549
f 413 866 2404
f 2404 866 2416
f 2416 2417 2404
f 2404 2417 2343
f 2415 2409 2401
f 2196 2219 2212
f 2268 2248 2218
f 2206 2214 2197
f 2417 2332 2343
f 2343 2332 832
f 2330 2302 2289
f 2330 2353 2302
f 2453 2454 515
f 2218 2248 2217
f 2218 2217 2205
f 2276 2281 2268
f 2178 2197 2177
f 2197 2189 2177
f 2332 2066 832
f 832 2066 123
f 2231 2236 2230
f 669 950 1144
f 2217 2211 2199
f 1216 1209 1217
f 2066 2365 123
f 2230 2226 2214
f 2290 2325 2304
f 2325 2319 2304
f 2217 2248 2211
f 2191 2192 2199
f 510 525 2035
f 2417 1917 2332
f 2332 1917 2066
f 2408 2413 2341
f 2248 2267 2242
f 2326 2333 2281
f 1340 2365 2066
f 2440 1302 1340
f 2226 2230 2235
f 1153 1163 1116
f 2431 2455 2438
f 2416 2425 2417
f 2495 2474 2462
f 2290 2304 2277
f 825 2227 1872
f 151 239 1038
f 9 151 1038
f 545 928 2381
f 2440 2406 1384
f 928 1596 2381
f 2186 2188 2185
f 2456 26 1888
f 2287 2333 2262
f 2425 2342 2417
f 2342 1917 2417
f 1917 877 2066
f 2336 1340 2066
f 2336 2440 1340
f 2328 2351 2327
f 825 2238 2227
f 2351 2368 2327
f 1222 2388 1211
f 678 756 734
f 428 263 1343
f 2188 2191 2190
f 2341 2376 2333
f 2066 877 2336
f 2290 2277 2278
f 739 634 592
f 675 304 14
f 2384 675 14
f 2199 2211 2204
f 2191 2199 2204
f 2322 2318 2310
f 2287 2262 2233
f 2185 2188 2184
f 2386 2425 845
f 2384 572 675
f 1128 123 2365
f 832 971 2343
f 2188 2186 2191
f 2185 2184 2176
f 2345 1917 2342
f 2345 877 1917
f 2336 2406 2440
f 971 1100 2343
f 2299 2289 2257
f 2299 2303 2289
f 2249 2255 2243
f 506 513 512
f 2437 955 1219
f 1587 2398 1324
f 877 2396 2336
f 2336 2396 2406
f 2463 2479 879
f 2376 2412 2350
f 2281 2267 2268
f 2303 2330 2289
f 624 635 159
f 1996 2356 1561
f 2449 2436 1996
f 2356 2054 2451
f 928 2398 1587
f 2333 2350 2262
f 2035 26 2456
f 2346 2342 2425
f 2346 2345 2342
f 1544 2380 2418
f 2412 2392 2350
f 622 509 1151
f 2436 2054 1996
f 545 2451 928
f 2326 2341 2333
f 2346 2425 2386
f 1365 2035 2456
f 2369 2377 2353
f 2369 506 2377
f 2451 900 928
f 900 2398 928
f 1235 1888 1244
f 2337 2345 2346
f 877 772 2396
f 772 1275 2396
f 2432 2446 2414
f 2294 2295 2310
f 2369 2330 828
f 2418 2419 2436
f 2450 2429 2436
f 2436 2429 2054
f 2490 2494 1656
f 1321 155 2338
f 1256 2346 2386
f 2448 877 2345
f 877 2448 772
f 2446 2423 2414
f 2351 2334 2363
f 2243 2254 2269
f 2380 2419 2418
f 2419 2450 2436
f 2283 2278 2264
f 822 2197 823
f 1008 1759 1565
f 2448 2345 2337
f 2270 2293 2276
f 2323 2324 2328
f 2429 1012 2054
f 2226 2243 2213
f 2395 325 772
f 2370 2367 2380
f 2054 2435 2451
f 2435 2397 2451
f 2451 2397 900
f 1774 1974 1975
f 2305 2290 2283
f 846 2305 2283
f 2320 1215 2285
f 2139 2448 2337
f 2448 2395 772
f 1232 1231 1216
f 2272 2285 2284
f 2367 2371 2380
f 2371 2405 2380
f 2380 2405 2419
f 2419 2429 2450
f 2429 176 1012
f 2397 2373 900
f 2373 2398 900
f 2373 1379 2398
f 2372 1500 1508
f 1133 1303 1142
f 2252 2273 2272
f 891 2252 2272
f 2419 2405 2429
f 2405 2430 2429
f 2429 2430 176
f 2189 2186 2181
f 2212 2219 2218
f 2312 2139 2337
f 2139 2384 2448
f 2448 2384 2395
f 899 855 843
f 2272 2273 2285
f 2331 2303 2299
f 176 2435 2054
f 1012 176 2054
f 2177 2185 2176
f 2218 2219 2225
f 1216 1220 1215
f 2378 2139 2312
f 2384 14 2395
f 2324 2295 2255
f 2240 2273 2252
f 2371 2387 2405
f 2410 2430 2405
f 2430 2442 176
f 2435 2344 2397
f 2397 2344 2373
f 2456 1888 2455
f 2242 2267 2233
f 2233 2262 2229
f 2378 2384 2139
f 2323 2310 2295
f 2323 2322 2310
f 2240 2274 2273
f 974 841 990
f 2490 1447 2486
f 2387 2410 2405
f 2442 2141 176
f 2344 1778 2373
f 972 1379 2373
f 1778 972 2373
f 1379 972 428
f 1211 2437 1223
f 1228 1215 1220
f 702 2378 2312
f 17 518 2415
f 1888 26 1244
f 2324 2323 2295
f 2305 2311 2290
f 2307 2285 2273
f 2274 2307 2273
f 2307 2320 2285
f 2369 531 506
f 2435 2258 2344
f 2296 2324 2288
f 1233 1217 2361
f 2360 2371 2367
f 2410 2442 2430
f 176 2141 2258
f 176 2258 2435
f 539 2331 66
f 2350 2392 2317
f 2268 2225 2253
f 1508 1500 2371
f 2360 1508 2371
f 2371 1500 2387
f 972 2366 428
f 1626 1686 1358
f 1759 1807 1819
f 2277 2257 2245
f 2277 2299 2257
f 1784 2228 1736
f 2265 2240 1736
f 2228 2265 1736
f 2265 2274 2240
f 1209 2320 2307
f 2320 1209 1216
f 1555 1584 1560
f 2387 1500 2372
f 2410 2420 2442
f 2433 972 1778
f 2433 2366 972
f 955 522 1225
f 2339 2307 2274
f 2372 1493 2387
f 2411 2420 2410
f 2420 954 2442
f 2442 954 2141
f 2344 2433 1778
f 2205 2212 2218
f 2328 2334 2351
f 2394 2401 2414
f 2250 2256 2271
f 2339 1209 2307
f 2328 2322 2323
f 866 845 2425
f 3 316 893
f 2387 2411 2410
f 2441 2141 954
f 2141 2441 2258
f 2354 2433 2344
f 2254 2294 2270
f 2269 2254 2270
f 863 2305 846
f 2441 2354 2258
f 2258 2354 2344
f 2319 2355 51
f 2223 2228 1784
f 1493 2411 2387
f 1560 2449 1555
f 2288 2324 2255
f 825 2251 2238
f 2251 2245 2238
f 1299 84 1312
f 2246 2265 2228
f 2313 2274 2265
f 2313 2339 2274
f 2251 2277 2245
f 2319 51 2331
f 891 1862 2252
f 2443 954 2420
f 2443 2441 954
f 511 2447 2439
f 2242 2233 2211
f 188 15 814
f 2443 2426 2441
f 2426 2354 2441
f 2306 2403 2433
f 2433 2403 2366
f 539 2303 2331
f 2246 2228 2223
f 1030 1819 1807
f 2354 2306 2433
f 2413 2412 2376
f 2438 2455 1888
f 1848 1857 2176
f 2207 2208 2223
f 2208 2246 2223
f 1209 2339 1217
f 2339 2361 1217
f 1221 1210 2388
f 554 109 78
f 386 1375 95
f 2327 2326 2318
f 2179 2182 1393
f 2182 2208 1393
f 1393 2208 2207
f 2361 2399 2388
f 2388 2399 1211
f 2306 2354 2426
f 2403 2359 2366
f 2214 2226 2213
f 2268 2253 2276
f 889 2200 2179
f 2200 2182 2179
f 2200 2221 2182
f 2221 2208 2182
f 2314 2265 2246
f 2314 2313 2265
f 2339 2374 2361
f 2478 2434 2379
f 2205 2217 2199
f 2208 2259 2246
f 2259 2275 2246
f 2314 2321 2313
f 2313 2347 2339
f 2347 2374 2339
f 2374 2399 2361
f 153 154 2426
f 154 2306 2426
f 2385 2359 2403
f 2221 2259 2208
f 2306 2357 2403
f 2357 2385 2403
f 2237 2256 2231
f 2172 2180 889
f 2180 2200 889
f 2200 2201 2221
f 2246 2291 2314
f 2374 2444 2399
f 571 555 2311
f 2192 2205 2199
f 2173 2180 2172
f 2279 2246 2275
f 2279 2291 2246
f 2292 2314 2291
f 2321 2362 2313
f 2362 2347 2313
f 2347 2389 2374
f 2444 955 2437
f 2292 2291 2279
f 2452 2444 2374
f 2054 2356 1996
f 2338 2306 154
f 2186 2192 2191
f 2193 2201 2200
f 2259 2221 2201
f 2247 2259 2201
f 2452 955 2444
f 2278 2277 2251
f 2338 2357 2306
f 2181 2186 2185
f 2276 2326 2281
f 2432 2457 2446
f 2198 2201 2193
f 2198 2232 2201
f 2232 2247 2201
f 2389 2452 2374
f 2452 1630 955
f 1403 1749 1444
f 1555 1996 1561
f 2357 2427 2385
f 2385 2428 230
f 2409 2415 2424
f 2304 2331 2299
f 2193 2200 2180
f 2445 2452 2389
f 1565 1759 1927
f 2380 1544 2370
f 2338 2427 2357
f 2427 2428 2385
f 230 222 253
f 2202 2198 2193
f 2202 2209 2198
f 2209 2241 2198
f 2241 2232 2198
f 2266 2275 2259
f 2365 1340 1128
f 2415 518 2424
f 2338 170 2427
f 170 2428 2427
f 2181 2185 2177
f 2196 2195 2189
f 2183 2193 2180
f 2453 1630 2452
f 2197 2214 2189
f 2401 2409 2414
f 822 2220 2197
f 1210 2361 2388
f 2187 2193 2183
f 2187 2202 2193
f 2266 2279 2275
f 2279 2300 2292
f 2375 2347 2362
f 2375 2390 2347
f 2390 2389 2347
f 2453 2452 2445
f 1347 1630 2453
f 1630 1347 522
f 2220 2206 2197
f 2262 2350 2286
f 170 254 2428
f 2457 1973 2446
f 1973 1365 2446
f 2174 2183 2180
f 2194 2202 2187
f 2222 2241 2209
f 2222 2260 2241
f 2266 2259 2247
f 2390 2445 2389
f 2264 2251 825
f 2363 2368 2351
f 2326 2393 2341
f 1855 1850 1851
f 2210 2209 2202
f 2210 2222 2209
f 2261 2260 2222
f 2280 2279 2266
f 2280 2300 2279
f 251 263 2359
f 2277 2304 2299
f 2220 2230 2206
f 2202 2194 2210
f 2213 2243 2234
f 2328 2327 2322
f 2294 2310 2293
f 2214 2196 2189
f 2196 2213 2219
f 2224 2222 2210
f 2421 2390 2375
f 2206 2230 2214
f 2194 2203 2210
f 2224 2261 2222
f 2421 2445 2390
f 2322 2327 2318
f 2393 2408 2341
f 1365 1973 510
f 2216 2210 2203
f 2216 2224 2210
f 2266 2308 2280
f 2280 2308 2300
f 2407 2421 2375
f 2175 2183 2174
f 2194 2190 2203
f 2454 2445 2421
f 522 1347 523
f 2456 2455 2423
f 823 2197 2178
f 2281 2333 2287
f 2188 2187 2183
f 2188 2190 2194
f 2187 2188 2194
f 2308 2315 2300
f 2407 2375 2362
f 2443 2420 2503
f 2420 2411 2503
f 2411 1493 2503
f 1493 1487 2503
f 1487 1318 2503
f 1318 1320 2503
f 1320 2443 2503
