# Phase 3 generated mesh
o mesh
v 20.712602 150.054382 35.942385
v -100.415586 184.365273 48.164751
v -21.257137 141.484006 3.991675
v -12.530272 121.889986 60.390876
v -2.482410 224.472358 -35.170038
v 55.481717 136.333787 51.741490
v 35.331980 141.738825 52.800196
v 5.153591 200.594435 -16.268844
v -27.211939 215.093084 0.773608
v -104.429527 117.963052 8.030968
v -39.339301 214.704621 -4.172821
v -71.937840 190.714416 -19.113050
v -92.967428 206.915858 -39.364614
v -85.774770 126.969857 82.216291
v 46.066960 124.291189 61.539698
v -32.570110 211.588256 4.494787
v 33.518730 7.196432 73.240732
v -62.459309 11.769479 73.911594
v -43.941845 8.552557 71.131116
v -26.234749 143.649384 4.942786
v -51.727190 192.464340 16.824083
v -6.830877 194.230644 -4.965385
v -61.364794 192.536405 14.943486
v -55.686668 12.389792 73.708128
v -51.291101 15.146325 71.067511
v -20.027850 4.996096 83.489321
v 20.505780 14.462362 75.829917
v 33.613935 13.415009 73.017622
v -34.474063 209.452406 -16.152309
v -62.026901 18.758176 69.171616
v -37.810043 15.141592 67.458692
v -14.959348 18.135636 81.518933
v -7.836327 16.570895 84.650178
v -31.238270 209.874388 4.343247
v -77.983037 198.614301 -18.950513
v 102.956233 57.116018 39.001410
v -50.094343 20.265113 65.974508
v -42.984856 16.222959 68.318557
v -41.586690 21.414802 64.607556
v -8.803045 20.423490 82.548868
v 15.906329 18.138220 75.769979
v 26.570590 17.982906 74.249708
v 78.615600 124.097901 40.336699
v -14.953037 228.512518 -10.207174
v -1.133277 22.667322 77.822348
v 15.157926 20.273296 75.743312
v 35.246952 20.694984 78.199751
v 40.064440 23.456560 78.632190
v -28.852256 122.410190 56.516409
v -91.543213 162.256191 78.420881
v 79.875498 15.225923 47.079239
v -55.460047 23.487079 62.202099
v -47.298196 23.428996 62.814013
v -34.235191 20.192476 64.728933
v -14.954646 22.438674 78.584858
v -8.607901 22.836542 79.828344
v 5.301465 22.556200 76.359417
v 7.126594 24.996877 78.835284
v 25.007349 21.474447 78.297633
v 29.182653 25.978135 83.175182
v -9.201067 25.636602 74.382099
v -1.858122 25.689147 74.911800
v 13.916744 26.078105 81.161916
v 21.835268 27.745723 84.561995
v -72.815277 198.130988 -28.742519
v 76.156315 18.598810 49.186674
v -110.230655 141.776026 3.180813
v -38.210401 207.541987 7.360988
v -73.714524 185.799867 -5.623810
v -27.072650 26.620783 61.513511
v -9.510628 27.394956 70.238118
v 3.783623 32.665748 80.731380
v 28.117883 29.378044 84.503557
v 31.600020 30.763867 84.926916
v 38.473805 28.251093 82.376013
v -86.412004 149.646414 82.213043
v 84.754626 25.496339 51.638751
v 85.534954 22.819140 51.384195
v 59.249053 142.815846 35.166279
v -92.313720 177.826447 -11.531930
v -108.955845 133.584941 2.017234
v -41.638492 208.690113 5.916140
v -36.893287 138.214399 42.958553
v -46.226636 32.886198 60.432841
v -42.182641 27.453116 62.583571
v -33.013778 26.743677 63.085275
v -4.756343 28.303019 73.665127
v -0.170828 28.667816 77.249553
v 0.853245 32.455244 80.107448
v 9.828773 31.517668 82.662248
v 19.322170 32.726537 85.677948
v 38.076108 33.628599 83.886756
v 84.696327 110.715483 -2.661908
v -96.215457 147.248381 84.504067
v -97.414535 156.503556 81.164453
v -65.474250 181.110299 55.641123
v -75.624479 179.905436 61.320099
v -23.435307 142.110598 32.301547
v -81.317934 196.919551 -11.923084
v -43.967259 148.561752 33.812676
v -38.791069 35.351284 63.850228
v -21.367517 32.641695 59.051426
v -12.353952 29.847513 65.463631
v -7.406147 36.391552 72.621100
v 25.612147 32.832524 86.811674
v -99.149300 142.734252 82.966597
v -20.410621 223.978651 -5.805992
v 80.922603 26.511610 50.923837
v 92.987877 29.134949 52.551502
v -72.912555 184.559458 55.628021
v -42.828723 42.951198 63.461394
v -34.306576 38.184832 64.398862
v -96.345295 212.120138 -61.703179
v 18.833938 37.818829 85.805497
v 23.669508 34.981738 86.795587
v 34.027982 36.671631 84.928184
v 26.035289 138.976043 56.043476
v 77.910848 126.724937 36.010506
v 85.827361 35.793977 50.535745
v -27.200400 32.151902 61.164352
v 12.791990 41.530789 87.844548
v 25.306500 38.721788 86.567605
v -114.892952 126.451479 64.384044
v 89.058901 32.865734 51.813107
v 96.578506 37.266576 51.778273
v 57.478495 141.033300 42.364645
v 4.069796 145.969829 4.316054
v 7.445080 37.406700 83.890112
v 31.016799 41.019139 88.084843
v 6.814528 138.186866 54.247055
v 47.354592 139.075688 52.567712
v -93.122665 188.559200 40.243103
v -17.324990 42.947656 60.253164
v 24.665259 42.202254 88.642480
v -32.868518 126.776786 53.613270
v 0.880855 140.015429 48.042399
v -13.260299 193.489325 0.003302
v -78.914210 187.523959 49.058228
v 19.323454 43.478440 88.431620
v 21.044066 132.738919 61.611826
v 16.042726 137.202546 57.576709
v 91.437072 39.890765 50.009045
v 101.022658 44.038675 49.233836
v 103.965101 41.767743 49.075769
v -34.624737 46.039876 66.303744
v -27.297662 42.491474 63.459337
v 3.178330 49.921380 85.403562
v 30.108937 45.460569 89.725857
v 4.345265 133.513200 58.366581
v 56.396231 122.277939 60.367720
v -24.433766 219.146268 -1.721656
v 22.659696 102.285866 79.400268
v -60.635386 44.115875 45.496617
v -58.633628 46.638548 51.280776
v -53.375566 42.091101 50.916258
v -38.946074 56.179834 66.987491
v -20.837970 45.111998 61.043594
v 8.372741 48.619827 87.239828
v 36.744655 48.554351 88.293429
v 92.523126 99.584507 3.879517
v 88.842999 43.720189 48.451156
v 97.424109 44.238753 49.042265
v 84.074313 113.756194 42.978924
v -95.653876 201.953807 -41.617417
v -69.908209 176.806674 -4.398189
v 17.093404 49.774543 89.181663
v 26.379870 50.164630 89.793994
v -5.787717 133.775274 53.342782
v 32.662809 146.196729 46.603707
v -46.015343 53.120499 63.601333
v -0.958659 56.225480 85.958352
v 2.410871 58.159612 87.374074
v 10.081907 55.091476 87.814633
v 25.812844 55.651169 89.810281
v -30.175743 132.188646 49.739283
v -82.792357 46.493459 32.933568
v 92.535515 47.155550 45.663764
v 92.238546 80.814235 45.407846
v 52.254570 145.151743 37.763152
v -39.165982 146.854783 3.955805
v 51.245486 137.988397 50.824161
v -99.711793 186.391997 42.351481
v -23.908952 84.892461 -36.579759
v 4.680395 58.125660 86.895866
v 34.174603 53.667911 88.403778
v 37.892008 60.426754 89.009597
v 31.375053 134.132848 59.388102
v 36.278697 129.042768 62.179129
v 97.274085 51.298061 43.760862
v 106.927220 47.977302 46.039141
v -69.755679 138.687085 -11.276600
v 16.098055 111.268649 -33.039045
v -28.488187 54.524528 66.301548
v -24.577185 53.240515 64.357098
v -19.249331 56.058472 63.188678
v 18.249682 56.218535 90.293996
v 51.624034 132.392978 56.496131
v -112.273248 101.646513 29.395500
v 96.705884 55.962385 38.718841
v 110.345520 54.890949 40.216683
v -43.602137 59.191991 67.148853
v 19.422944 148.243777 42.245371
v -88.290127 135.509544 84.885291
v -88.527993 171.321882 71.890903
v 103.946106 52.564193 43.826570
v -57.627637 190.884363 -1.553488
v 66.433312 134.319855 44.532745
v 9.380279 149.409800 19.297939
v -43.740406 83.451665 -31.528782
v -33.318172 54.963726 67.020809
v -19.265016 64.747905 65.999860
v -47.193431 200.543112 11.688063
v 7.633109 61.676799 89.300240
v 16.129006 60.130913 91.965265
v 21.357076 60.134162 92.265669
v -13.890634 93.532226 -41.618082
v 0.167441 127.418475 60.843949
v -104.134476 116.026260 40.546600
v -88.930486 201.483766 -21.735539
v -119.871198 143.647342 32.029419
v -28.470801 141.906808 35.758811
v -50.572768 62.067505 66.753367
v -25.156120 67.045875 66.141346
v 14.671505 62.814995 91.963270
v 26.021260 62.159848 91.537838
v 32.473868 61.261360 89.375538
v -93.512102 173.780673 68.995235
v 89.519506 85.714924 -12.847203
v 83.866655 116.316625 2.818259
v -59.258720 64.003323 67.165079
v -40.123048 67.572559 68.502038
v -80.016458 190.241560 34.771985
v 10.606070 66.563676 91.061285
v 20.963586 65.585465 93.112463
v 46.736801 92.442599 81.902987
v -87.709072 93.694887 -20.525169
v -89.205429 157.409701 80.698263
v -13.999297 136.921926 42.632751
v -26.639159 220.667559 -3.472400
v -90.650170 208.942767 -39.150568
v -30.715700 64.621207 67.269023
v -1.538554 68.331805 89.048406
v 8.386972 72.030138 91.541288
v 25.826363 67.397168 92.302096
v 30.222812 70.836829 90.025905
v 34.600220 66.647265 89.419607
v -69.752942 187.058280 -27.125171
v -86.382724 166.558502 74.956146
v 50.426472 148.035176 22.767531
v 7.884634 99.065958 82.095301
v -65.153228 68.423530 68.745365
v -56.180499 68.991112 69.323140
v -52.505956 66.262514 69.017973
v -47.333587 65.337436 68.232988
v -43.704489 70.358250 67.786226
v -35.138367 69.324215 68.679208
v 2.405642 76.768940 90.359085
v 3.469499 66.933453 89.676421
v 16.798553 70.732513 91.960393
v 83.492067 119.620307 31.390096
v 29.688904 152.076913 20.784892
v -118.861232 130.834192 31.159236
v -72.914520 70.088411 67.387477
v -44.200764 75.907033 69.241470
v -30.479117 74.002476 69.056163
v -25.434822 75.726119 67.029641
v -21.654927 72.325994 66.945944
v 22.804384 73.764315 91.316940
v 38.647712 73.389804 87.945956
v 5.951213 127.805592 62.494506
v -94.788814 139.535891 82.938166
v -15.127872 189.277115 -4.198126
v -101.579459 128.278139 -1.301422
v -16.609008 72.165684 76.070723
v 27.929684 78.168483 91.150814
v 35.501555 77.488928 89.630404
v -70.584160 78.461910 70.666071
v -66.614968 73.056222 69.233689
v -59.455102 75.312908 71.875125
v -57.540258 73.099378 71.282222
v -51.394241 74.248525 70.760518
v -38.972060 73.896381 67.963861
v -34.891328 77.837174 69.582121
v -107.286959 116.127482 30.513974
v -108.155532 103.028128 7.789637
v -8.682008 77.299105 88.280359
v -0.297558 76.173500 91.270598
v 6.797869 80.298424 90.874463
v 14.472772 129.349869 63.056953
v 22.669271 120.840468 67.933652
v -91.133343 142.177729 84.408151
v -93.203639 152.552646 83.441556
v -68.554451 189.307526 37.122097
v -32.077083 145.602232 25.991059
v 22.813943 104.601902 72.866855
v -74.542277 79.259486 70.537594
v -63.513297 78.321291 70.639636
v -44.671949 79.935607 70.598599
v -28.185494 76.687563 68.670144
v -20.388656 80.576430 69.957575
v -111.510924 101.932763 17.096118
v -3.610985 77.594976 90.796520
v -103.154270 114.366221 3.465083
v -82.462889 130.849227 83.830932
v -28.964585 220.644156 -5.236461
v -83.574403 138.027531 84.698253
v 95.800358 93.304089 11.935010
v -56.946752 80.490660 72.412947
v -49.806948 81.843845 72.443218
v -30.849451 81.630403 69.753104
v 9.169744 85.873394 89.942842
v 20.039992 79.625938 90.766497
v -49.836693 130.554454 51.142863
v -40.392454 131.555201 49.694457
v -63.238864 189.184323 22.375016
v -13.319355 141.401221 2.492085
v 55.395545 145.479571 29.805014
v -66.044864 85.902319 72.067733
v -62.073382 84.751547 71.423708
v 31.519679 151.709827 13.443014
v 0.181687 83.460265 90.059935
v 12.842648 78.392614 91.396415
v 31.413352 82.026120 90.535003
v -17.939595 227.992793 -9.844883
v -92.444425 129.050100 81.936398
v 53.627864 89.078112 77.641852
v -36.413625 128.980710 52.502143
v 35.129921 151.739958 28.315711
v -106.693096 90.319820 2.220112
v -51.928212 85.901066 72.189481
v -42.743169 84.060175 69.543869
v -39.065285 82.601529 68.085253
v -25.147304 81.787882 68.125037
v -19.243871 88.389400 70.717873
v 15.320108 79.076979 90.721021
v 15.746019 88.330452 90.274259
v 24.063385 86.285507 89.767481
v 40.539121 88.195571 86.151098
v 88.160722 106.738464 -0.808349
v -107.388506 125.845196 5.711498
v -112.443999 96.400376 24.311143
v -77.852441 191.469748 -7.302334
v -55.893289 89.101175 71.231812
v -30.849498 85.966480 69.287765
v 4.910620 87.360114 89.956593
v 62.085293 139.559232 40.768039
v -31.327273 145.153150 2.841476
v -88.006444 189.978140 24.504462
v -75.470712 89.300526 70.494314
v -65.269578 90.829181 72.417278
v -25.426423 85.481760 69.883267
v -23.254842 88.806433 70.620193
v -4.982794 84.644215 88.278271
v 8.641931 91.348441 89.076279
v 86.480326 115.980196 22.621297
v 70.342983 133.467183 40.260334
v -80.649129 190.593178 -0.756902
v -70.865476 89.431200 72.039024
v 73.079053 132.335561 34.499810
v 2.412572 90.505977 88.630755
v 17.291100 92.692051 88.748930
v 33.410531 90.247847 86.926091
v -79.631630 91.364636 67.859575
v -60.051222 91.071641 71.983711
v -54.292957 96.129981 70.255442
v -49.510257 89.364703 71.058292
v -44.255056 89.238237 69.196071
v -42.867563 95.206233 68.762534
v -35.003285 87.065743 69.080247
v -29.143890 91.736749 70.720781
v 25.798042 92.639692 87.982878
v 40.698225 96.170584 81.041189
v 59.153383 89.783994 76.606147
v 12.092528 210.294313 -32.794001
v -86.958272 189.809369 36.970959
v -74.183853 185.315673 -0.858249
v -81.311623 95.797682 67.457826
v -67.001621 96.277375 70.636217
v -19.243531 94.324589 71.622100
v -15.097709 92.776352 71.860663
v 3.722803 94.784297 85.809813
v 12.268662 96.041256 86.509708
v 24.102117 97.280999 85.535117
v 32.248747 96.686426 84.175265
v 18.869190 140.720800 54.067132
v -95.337912 163.914560 77.048531
v 42.653610 150.784548 24.476542
v -61.598020 97.467265 69.838209
v -30.159564 96.498119 69.702709
v -11.723369 96.762358 71.024015
v 42.871538 143.893051 48.475549
v 16.919714 99.057435 83.876547
v 52.241964 98.680651 75.674294
v -78.006842 101.878393 66.630103
v -59.077482 102.600547 68.735837
v -49.214756 97.669168 70.635042
v -59.657206 187.340246 27.290029
v -119.788290 137.300644 38.748431
v 46.471695 98.110841 77.699424
v 57.912279 97.900848 74.947422
v 37.345555 135.610860 57.936401
v 5.115169 147.741624 11.525711
v -5.119639 141.896382 38.779120
v -81.419806 203.387565 -24.341089
v -73.051009 99.812984 68.132740
v -54.440397 102.704229 68.366709
v -42.057551 102.267428 67.851377
v -35.479591 106.487264 65.053189
v -29.591301 102.862157 67.777703
v -21.758485 98.383758 71.359469
v -17.852000 99.726379 69.982633
v -13.645498 101.166046 70.678089
v -105.856387 119.820649 40.247588
v 37.114510 101.391956 77.187975
v 40.915488 104.838764 75.569359
v 46.849284 104.338189 75.694974
v 37.958103 151.841599 20.363962
v 27.238899 128.420274 64.423874
v -86.391401 204.748562 -25.878266
v 17.323939 150.746063 18.558987
v -14.699084 142.118038 29.196195
v -47.625328 104.411816 67.798353
v -38.144074 100.905225 66.915858
v -25.957223 109.094408 65.306214
v -9.388183 107.560432 69.647705
v -8.601992 100.383660 71.536640
v -3.201408 101.567873 71.108702
v -84.506040 68.466887 61.165079
v -86.930584 131.411674 84.326572
v -79.916287 157.265385 -10.601314
v -89.533319 115.315506 -11.702217
v -74.490939 193.675080 -17.189653
v -96.103948 181.935439 56.665660
v -88.651242 102.293817 61.593465
v -82.995189 104.684007 63.846145
v -65.364520 103.794335 68.379918
v -50.095410 110.147839 64.630882
v -19.103530 106.209026 68.237505
v 8.045037 104.823775 70.648344
v 33.945801 105.691421 72.552994
v -53.665993 110.839660 64.701756
v -5.286028 106.472322 69.889640
v 32.563814 111.257373 68.129987
v 52.024407 108.376368 72.343032
v -13.705050 142.795443 9.336497
v -85.601575 111.457560 60.333598
v -74.530553 108.903254 65.166724
v -67.829684 110.382720 65.566695
v -59.564367 108.808033 66.510706
v -42.447901 109.834056 66.237386
v 1.991456 109.902192 68.680446
v 14.181804 107.866606 69.904303
v 13.915182 111.147179 70.081907
v 41.016649 111.253707 69.739090
v 72.856051 127.187878 46.662686
v -47.480672 112.988534 64.420904
v -34.305107 113.721330 61.454176
v -14.027139 109.756391 67.579311
v -1.944511 110.950736 68.500105
v 2.507020 115.650388 67.800333
v 19.957811 111.913710 70.424878
v 26.028948 110.066153 70.005263
v 44.515552 109.399452 72.511695
v 49.197123 114.399771 66.967475
v 66.959146 137.654165 33.844524
v -30.046276 112.966600 62.068564
v -6.691403 117.576770 65.271148
v 6.157804 110.226540 69.525415
v 34.161966 117.752734 66.755548
v 39.816411 114.148370 66.087981
v -54.198045 196.923635 13.340199
v -57.851118 125.611459 56.189385
v 46.445802 148.911499 32.748618
v -81.333123 116.548103 60.309762
v -78.716915 114.511867 61.099619
v -72.671038 119.200599 60.421116
v -52.511602 117.520962 61.531392
v 11.457428 114.645944 69.508215
v 27.806513 117.580498 68.283506
v 41.149225 118.685887 64.080237
v 57.126505 114.490722 64.665607
v 21.676103 112.089365 -32.446822
v -59.081627 115.131422 63.274649
v -45.113808 117.156908 62.237552
v -39.480059 114.560328 63.323915
v -23.759485 117.023233 61.229983
v -21.607796 127.863334 53.118697
v 8.031286 118.372088 67.993528
v -19.532210 92.586266 -36.271791
v -97.823786 90.905732 -12.277796
v -51.039112 123.915766 56.613100
v -41.644509 198.924109 11.219863
v -63.698588 117.744784 61.067445
v -38.191020 122.100784 57.781752
v -12.573953 127.793140 55.030431
v -6.312298 124.958679 60.874637
v 14.306089 121.467324 67.319681
v 31.813818 122.344884 66.476707
v -71.197280 183.426908 -11.995536
v -65.576726 123.586190 58.340502
v -53.021566 93.709535 -31.368178
v -88.391102 78.987218 -21.148173
v -85.608211 157.084177 -9.709183
v -4.034142 212.067795 -30.182000
v -59.906937 179.034790 -0.739284
v 51.801142 5.671645 68.806015
v -54.875017 130.612954 54.527304
v -81.053107 92.389173 -23.207936
v 67.100136 129.489406 50.039238
v -10.477238 5.764932 86.043766
v 14.575943 8.783540 77.976749
v 46.458811 7.955431 71.127558
v 56.130460 11.600043 68.249879
v -72.936360 175.774109 61.820056
v -50.701972 4.310370 73.376432
v -41.025481 4.604045 70.417407
v -18.942694 142.697515 14.298657
v 23.304835 9.538950 75.398933
v -22.517236 186.098523 -4.936800
v 29.981605 114.719711 -29.580605
v -61.874232 172.989021 51.388603
v -61.351461 6.764473 74.713299
v -52.844720 7.737688 73.888082
v -52.868943 157.086992 44.961193
v -13.683905 8.586014 86.069505
v -8.880632 11.300722 85.798258
v -1.264043 8.664034 83.350311
v -4.502637 208.789217 -17.848032
v 62.770432 95.766978 73.982731
v 48.793903 14.550808 71.141232
v 59.539619 10.598089 65.473980
v -73.111628 87.954487 -26.872919
v 57.417087 103.805178 73.075054
v -30.354661 93.304089 -34.110558
v 2.814616 14.325702 81.805199
v -62.698737 139.352766 64.522730
v -57.806555 139.319014 60.415934
v 60.984096 15.950243 65.563895
v 70.551522 15.533551 52.034268
v -40.160063 191.748791 10.338621
v 40.253876 16.728916 71.987531
v 49.264006 19.251357 70.033043
v -72.632198 107.040817 -24.752073
v -26.712617 198.268359 -19.032880
v -101.146201 65.430027 27.880859
v -76.564360 139.306640 80.585378
v 1.996468 18.520140 80.642795
v 55.265289 16.921524 68.820292
v 65.928576 20.134223 61.499915
v 68.166638 17.382748 58.213417
v -44.084568 191.247164 13.435419
v 62.887509 112.694070 63.202708
v 59.448837 22.919481 65.238835
v 93.714578 23.965782 50.774710
v 100.349460 24.222952 45.859094
v 107.446634 22.217776 35.086851
v -55.563528 17.653530 70.573464
v -20.527249 215.427750 -7.544516
v -27.389527 187.417477 4.845693
v 42.429479 20.730050 74.175601
v 51.886185 23.401664 69.854790
v 70.577091 90.988037 70.228280
v -66.723135 145.324752 65.357691
v -30.860604 192.902517 8.767971
v -32.613590 199.053267 2.674607
v -8.116019 232.291902 -16.415744
v -11.699688 228.397838 -12.914118
v -43.436367 181.315204 14.118300
v 67.746002 27.854556 62.234350
v 99.825034 30.071520 49.929957
v 105.962791 24.048814 39.644801
v -78.428159 125.183893 76.594840
v 0.840360 196.447391 -12.699731
v -72.893622 208.221480 -60.708975
v -38.460333 180.436344 9.316002
v -28.464830 203.598255 -1.854201
v 89.899261 102.377684 39.842451
v 47.728051 29.720196 77.457690
v 56.028170 27.860001 71.587638
v 62.612534 28.096800 65.793888
v 78.977876 28.802790 52.962594
v 112.542174 30.684624 38.174956
v -35.788502 179.302680 4.770302
v -46.694728 143.385284 44.033887
v -16.871794 87.813883 -47.067824
v 55.693149 33.807765 76.109300
v 59.840688 31.891359 72.057168
v 74.381008 30.245999 59.390685
v 98.162860 33.115913 51.754437
v 106.148314 30.884610 45.490213
v -19.279401 198.136000 -0.961621
v -80.278764 172.198035 68.869480
v -60.741605 180.506955 48.491976
v 95.156952 95.116890 20.892564
v -38.675028 189.499653 12.277069
v -79.766109 138.566775 83.403552
v -73.185209 96.210816 -25.726881
v -2.447530 235.309365 -24.213741
v 44.155226 36.146261 82.593339
v -65.854237 134.064835 65.012709
v 117.390985 38.124059 33.646550
v 93.347028 99.118054 29.075034
v -14.680615 195.397595 1.490827
v 49.042149 35.638973 78.894511
v 63.553313 33.486139 68.939426
v 70.771307 35.290742 64.766350
v -50.591066 148.778938 49.097749
v 89.135174 95.685431 46.620783
v 53.481491 38.567680 77.876625
v 77.919417 38.987605 61.552135
v 82.267776 36.638359 54.267442
v -73.324731 137.864637 76.551978
v -75.211035 165.202516 66.189389
v 104.566883 37.120341 48.698860
v 113.647223 36.598668 39.867463
v -50.346920 179.158348 19.731460
v -81.918061 156.410144 76.949320
v 56.207351 41.290045 77.430250
v 67.772529 41.211174 69.507983
v 115.205900 43.438842 39.728050
v -62.050938 143.736562 63.277774
v 62.289702 128.775156 54.168153
v -64.188768 163.256969 53.240368
v 35.979531 41.744262 87.026416
v 42.083475 39.988600 83.475493
v 61.848354 39.202765 73.246037
v 77.094231 44.027971 63.826624
v -73.546248 143.807343 74.451210
v -62.228665 127.317222 58.742979
v 110.213037 38.720984 45.066391
v -20.624373 211.607127 -9.090371
v -31.363329 195.753173 4.782569
v -60.683909 160.868450 51.744815
v -78.694379 167.353277 70.147924
v 41.441786 45.515109 85.834159
v 48.449308 43.423250 80.407465
v 72.471439 44.640147 66.555748
v 84.022047 42.927996 55.450062
v 109.427959 43.436645 46.018476
v 117.434016 46.123836 35.644564
v -11.702425 222.155425 -15.835138
v 5.487096 205.664793 -19.548598
v 86.650938 113.508073 33.925082
v -1.806923 228.106963 -25.709588
v 59.866040 42.639147 75.429033
v 80.654017 43.805526 60.461688
v -70.139270 158.837380 59.061759
v 113.877494 46.993662 41.405243
v -24.747580 195.170494 5.689967
v 43.330380 51.468503 85.792303
v 45.971461 47.786288 83.408640
v 57.119792 47.241429 76.414808
v 81.628516 51.600739 60.732966
v 87.715445 48.030187 51.305633
v -77.187612 152.817628 72.642600
v -38.361554 195.623721 7.764517
v 77.100759 115.008498 51.660608
v 64.150222 46.998844 72.215220
v 66.372290 53.670401 70.201366
v 77.594744 52.196488 63.746252
v 92.369529 51.659656 44.048149
v 110.620463 48.549757 44.024885
v 0.417434 200.991111 -12.011282
v -1.687232 197.724273 -8.082028
v 89.588896 99.275611 -3.856794
v 62.162076 56.869721 75.011800
v 84.924959 50.067599 56.635683
v 41.680101 137.521001 55.995974
v 116.308736 51.711536 36.290554
v 85.233004 79.256763 -20.103063
v 78.774178 98.599227 60.437512
v -22.513539 193.023368 5.251604
v -64.128242 166.567009 52.471888
v -77.365308 133.342279 81.937744
v -79.334088 128.632665 81.413395
v 51.615279 50.982453 81.194770
v 71.405896 51.353514 67.705901
v 83.261037 93.797424 -15.764619
v 113.246571 53.132564 39.368466
v -68.824677 173.071218 59.737493
v 38.960923 123.824799 63.843902
v 44.250555 58.176750 86.191856
v 71.991916 57.753113 66.722926
v 82.127590 58.640357 59.701576
v 87.704215 57.208207 52.904032
v -71.094433 161.594347 59.027141
v 1.524169 219.242371 -26.561456
v -116.734044 125.973812 28.615217
v 24.518561 105.338828 70.800565
v -72.563567 122.866202 61.081552
v -68.515750 129.477217 63.629531
v 58.457649 55.724255 78.091352
v 65.676030 57.603631 71.187048
v 76.998639 62.167041 64.917225
v 91.194488 56.315333 46.095352
v -59.885916 148.880563 58.903181
v -37.125446 202.708970 8.085338
v 16.312781 105.037806 70.850000
v 8.993069 205.572712 -22.529556
v -20.960059 202.896117 -5.950339
v 66.375786 104.532621 66.845696
v -75.482406 123.720869 67.751269
v 70.557926 98.071305 67.656899
v 49.596676 59.183654 83.835928
v 70.817386 63.076234 69.496877
v 95.396226 65.285417 38.109264
v -95.011181 179.915692 -1.577231
v -45.312107 185.087705 16.218542
v -55.016858 175.591339 31.580847
v -7.411159 192.304911 -8.321921
v 52.556459 61.495019 82.458056
v 61.080446 64.716922 78.569250
v 80.855550 61.511168 61.817070
v -112.421339 162.552805 41.057770
v -56.328079 152.993623 53.303663
v -32.445592 189.033541 9.052397
v -114.074154 157.477744 35.828200
v -72.027849 150.133562 66.747752
v 47.757518 67.041049 86.162251
v 53.999653 65.733803 83.481510
v 91.277721 70.459101 47.439473
v -54.625364 167.810836 34.018075
v 70.942197 120.938149 54.583499
v -58.671061 169.161546 47.119719
v 66.055166 65.315317 74.089955
v 74.400328 65.889798 68.339593
v 85.455928 65.490708 56.509031
v 97.684141 63.062374 30.683194
v -47.727618 150.759227 41.772577
v 8.280598 213.459217 -28.029089
v -30.698422 205.865552 1.857078
v -46.176133 194.692920 14.360730
v -44.499961 175.292791 11.034371
v 90.085047 91.346476 -9.244339
v -73.452202 156.731414 64.080608
v -68.566594 152.318446 62.487824
v -48.016838 137.418680 46.891844
v -50.636016 141.692189 51.447598
v -84.044614 162.207559 76.313183
v 41.631578 66.757041 87.763867
v 53.671206 71.472362 83.901110
v 59.616170 72.607867 80.290667
v 65.077512 70.247871 76.580176
v 73.760386 70.672559 69.406436
v -70.597602 166.339444 59.471459
v -70.169340 190.810859 -25.298650
v 57.940075 109.603645 68.812326
v -72.393233 127.463332 68.143506
v 48.298510 72.352413 85.441829
v 70.503293 76.169524 71.167589
v 94.742843 75.076944 40.271177
v 96.431730 77.383962 32.766004
v -50.835522 135.078962 52.042852
v -19.143917 221.021513 -6.406598
v -64.041033 153.751508 59.398512
v 86.308029 98.652190 -9.741217
v -58.662306 135.194369 60.222600
v 46.388369 78.734008 84.374894
v -4.834502 203.539337 -13.159780
v 57.160287 131.767546 55.303472
v -60.416591 130.601167 59.916380
v 53.899838 77.824459 81.621609
v -72.631951 194.605541 -75.288027
v -2.671027 221.535638 -24.070152
v 70.433780 108.725419 61.125605
v 90.046578 107.552374 27.937008
v 63.747482 100.088639 71.415154
v 58.354493 81.982670 78.755825
v 73.079749 79.891600 68.822241
v 77.078346 78.069596 66.696693
v 83.180465 72.029101 59.831167
v -94.231951 124.128977 76.780363
v 71.231309 113.240244 58.890621
v -56.113770 161.233572 46.015289
v -71.446268 134.083721 72.263001
v -75.170540 130.255349 77.676856
v 77.610166 122.149106 45.275394
v 85.405534 83.805572 56.718174
v -69.830390 203.376800 -85.329748
v -9.397835 217.508023 -18.482498
v 93.684988 85.197830 -3.230666
v 86.763530 105.104612 44.907859
v 42.903603 81.543163 86.953159
v 63.278787 79.169308 76.991222
v 82.845273 101.911680 53.086013
v -54.355772 142.846766 55.793204
v -22.863688 205.892141 -6.573482
v 37.805913 82.161790 89.095753
v 51.928846 85.591753 80.441588
v 79.204451 82.943882 65.052972
v 81.894658 79.086708 60.973539
v 89.806546 108.741320 6.432090
v 64.295683 119.878731 59.104125
v -8.972636 199.837957 -7.098930
v 6.043557 225.028989 -32.703157
v -12.588370 211.913594 -15.231995
v -48.983727 173.684029 15.233510
v 45.375789 87.060035 84.883482
v 66.007555 85.340553 74.459036
v 76.655111 86.093596 67.591546
v -10.120407 197.564180 -2.635705
v -117.238269 133.223191 43.751519
v -88.962597 161.342621 -8.024193
v -117.090179 136.126129 47.546202
v -93.701090 192.317688 -19.569139
v -117.721443 138.841085 58.786831
v 69.952633 84.611686 70.714145
v 80.514697 88.982535 62.902381
v 50.365868 92.643405 79.538799
v 85.980850 95.351446 52.594982
v -69.157981 139.870386 68.902040
v -79.419286 145.672596 79.863101
v -5.902427 230.574987 -19.825057
v 49.401640 127.463982 59.573764
v -52.463466 184.769838 20.570784
v 72.652337 103.909200 63.243899
v -109.243689 96.148403 8.528280
v -66.836500 169.428122 57.126281
v -64.660031 174.884823 54.588155
v 76.121744 93.467214 65.541714
v -91.442022 180.460304 -23.758488
v 54.752603 3.068909 -11.130690
v 52.607550 3.015483 -20.422214
v 94.551674 88.953610 36.473169
v 85.285378 8.539765 7.078265
v 60.315431 5.360305 -0.943029
v 56.360423 7.616604 -17.054076
v 62.618923 9.980932 59.754399
v 98.212543 14.161587 12.447418
v 59.430956 6.724458 -4.980528
v 51.724034 7.557950 -28.465209
v -113.617230 124.290138 60.638317
v -114.142971 124.395119 18.188854
v -70.751910 221.941889 -87.145921
v 8.830470 226.777505 -37.918466
v -70.321034 183.897986 -32.632206
v -39.406153 95.395174 -32.606746
v 92.953630 13.231683 5.484490
v 93.705653 17.356344 0.340319
v 59.548327 11.009135 -12.344509
v 8.688536 202.924609 -22.690640
v -70.490316 185.338147 -42.559928
v 11.681234 222.659433 -41.435529
v 90.144629 80.742107 -11.872040
v -99.718831 116.759257 47.831524
v 102.671034 16.250662 24.849661
v 107.949143 22.332347 10.091721
v 59.982281 14.764854 -20.191849
v 54.612046 7.709552 -24.213942
v -28.305927 183.642795 2.087365
v 101.392528 18.492127 5.854036
v 75.350278 102.955135 -20.322941
v 3.988094 198.553759 -18.355537
v -49.285368 159.436733 12.820877
v 11.163382 218.022937 -41.622011
v 107.661268 20.464202 18.422343
v 105.545171 23.473127 3.901590
v 62.973325 100.096048 -29.891914
v 63.987746 16.736681 -14.444891
v 57.475339 16.013228 -29.348972
v -7.860225 119.976288 -28.171920
v -57.279468 180.212863 41.065752
v 109.691224 22.371636 29.336984
v 113.738205 26.613962 18.730713
v 97.050186 22.937347 -3.695773
v -103.661697 120.311572 46.414394
v 71.165988 21.872268 -10.867673
v 70.001481 22.826859 -17.579323
v 67.189928 22.114883 -23.117634
v 60.079065 18.070624 -24.820287
v 55.562367 21.435297 -31.914182
v 1.575584 104.284623 -34.403676
v -70.709342 214.728520 -79.359772
v -70.448599 176.559403 -9.555740
v 96.518645 84.829228 22.593052
v -50.459341 169.413613 16.171922
v -102.028432 121.135195 70.694439
v -54.703152 180.707343 29.282460
v -72.414796 177.423645 -28.906557
v -53.661337 161.878586 38.893382
v -69.167819 219.435890 -91.492239
v 113.420029 26.010587 26.367890
v 111.460282 28.006885 7.252202
v 103.819455 30.126168 -2.992072
v -70.968864 207.473526 -68.417397
v 113.412728 27.641284 33.136787
v 114.012623 28.257265 13.512976
v 107.742181 28.753076 1.332667
v -34.215686 0.707645 -42.630214
v 71.990323 26.318446 -19.348272
v -80.426359 2.796333 -5.761011
v 116.979443 34.329453 31.137334
v -14.477660 138.886978 -4.626914
v -56.521785 171.233807 39.820239
v 115.976144 30.180229 25.776905
v 118.483117 36.396594 22.931275
v 110.365102 35.166039 1.269434
v 67.403695 28.018006 -29.005242
v 12.536444 215.942277 -39.020312
v -93.177189 59.794763 43.136079
v -71.568929 194.378100 -64.145079
v 81.218506 35.225452 -11.627383
v 76.413671 31.551002 -14.731528
v 71.989179 29.742655 -22.803958
v 117.617513 35.658153 16.914772
v 114.807321 35.115892 8.517947
v 70.942043 33.875932 -25.614661
v -0.655224 95.753289 -47.336719
v -106.900104 118.141305 14.138517
v 119.715590 43.878504 26.409762
v 118.070895 42.064713 11.325602
v 114.629006 41.198537 5.214110
v 86.048677 41.036448 -7.645800
v 73.416579 37.108446 -23.257820
v -16.954857 135.152218 -11.652069
v -110.431769 108.022863 29.375685
v 120.000000 43.831094 18.478446
v 81.540843 41.154855 -16.217011
v 63.500195 35.804619 -35.224516
v -69.843476 209.348771 -79.101550
v -114.087379 122.893178 27.259681
v -110.856567 120.546685 21.904866
v 118.111684 46.078128 11.491728
v 73.846079 42.085563 -25.754894
v -118.755338 141.433642 42.839450
v -118.158382 134.400196 60.937638
v 11.711118 216.296107 -35.136132
v -100.446986 67.365288 38.354214
v -31.232856 181.484934 -0.858419
v 118.940087 50.090816 30.960071
v 118.543597 51.219561 15.462112
v 88.951708 48.206600 -6.356977
v 79.732419 46.328833 -20.362786
v -69.727883 195.970977 -37.624296
v -92.401083 185.830555 -17.658998
v 84.937596 48.727097 -14.941661
v 75.344772 48.487715 -26.281872
v -102.643269 175.457758 7.050391
v -108.670446 111.860903 17.397419
v -84.528685 228.528775 -83.521356
v -106.468130 141.224283 -1.935532
v 119.922923 50.265837 23.909007
v 87.719637 53.924231 -12.509815
v 80.097232 53.257638 -21.965996
v -116.042687 145.652024 58.686938
v -70.572064 201.635151 -74.532509
v -84.096540 176.476773 -40.384851
v -51.916657 160.631480 5.313058
v -52.114477 167.501368 27.492799
v 118.620055 54.452169 27.306982
v -68.996758 215.590133 -87.832592
v 64.643094 50.406162 -34.162592
v -89.794635 180.389492 -40.635432
v -70.263122 41.694409 33.923689
v -69.917026 4.833930 70.226502
v 116.281141 58.587317 22.513655
v -29.890684 138.526574 -10.534508
v 71.179507 53.426951 -29.290642
v -38.485716 142.987911 -8.564722
v -88.826030 202.723711 -56.857324
v 10.852707 210.325852 -36.000792
v -112.571548 135.303387 7.741996
v -70.396518 201.704324 -60.544349
v 93.296030 90.039107 -1.801316
v -48.930702 161.237980 22.780076
v -112.161971 159.660756 49.406304
v -88.831661 190.591693 -36.635644
v 83.804613 61.537061 -17.251603
v 66.701990 57.124417 -34.642734
v -48.295386 171.627452 8.866441
v -116.348257 128.083304 57.734235
v -84.307771 62.783177 57.930755
v -70.005735 191.289701 -49.965162
v 10.981153 207.392736 -27.653635
v 93.029006 59.344799 -1.157307
v 90.601028 56.083994 -7.234893
v 77.813570 61.098466 -24.056633
v 71.873231 59.082942 -30.626720
v -19.581460 189.007493 0.449801
v -107.650394 110.570796 11.545804
v -58.948309 175.272699 46.282112
v 94.361836 80.270102 -0.981884
v 92.908681 65.739913 -3.715603
v 46.245863 89.430581 -42.981662
v -77.755070 89.458625 -24.661663
v -114.495347 138.375112 11.728002
v 96.552396 63.998048 6.325871
v -117.926331 134.500692 19.642922
v 95.029712 92.010347 29.875378
v 8.596207 203.040835 -25.922041
v 96.384089 82.975127 8.304473
v 97.531086 68.158069 12.987451
v 88.295030 60.831288 -12.074051
v 92.837296 102.362216 10.050468
v -53.066717 173.074791 24.380239
v 95.118483 91.846788 5.767910
v 93.153369 90.565761 40.248795
v 89.021592 111.736664 13.905213
v -106.438617 97.397566 1.263927
v 88.975358 69.862115 -10.411089
v 80.957700 66.130356 -20.034880
v -117.457203 135.222722 52.861820
v -70.344839 183.072970 -20.402987
v 95.531849 73.678220 3.238152
v 84.479234 71.753261 -18.263611
v 78.368994 70.142333 -24.981139
v -114.839665 168.119515 35.904117
v -88.482487 224.092898 -81.104901
v -69.556173 197.015174 -50.370068
v -50.961803 166.768495 10.481128
v 89.507411 88.400754 48.524428
v -86.799431 49.106975 31.364249
v -114.693353 163.409716 29.162397
v 92.312699 104.606667 16.949173
v -86.086543 220.877924 -80.515726
v -91.357196 181.598887 -11.660747
v -105.907740 107.298343 4.448321
v -93.155550 124.761230 -4.848509
v 97.574644 70.212449 25.164233
v 91.118354 74.591651 -8.022971
v 82.482534 75.300997 -22.811136
v -31.894066 18.745028 -35.181190
v -105.720717 164.494717 6.130139
v -71.945435 203.748402 -48.589347
v -69.282019 191.038578 -37.839889
v 97.014177 83.103774 15.322420
v 95.022829 78.683273 3.571426
v -43.375408 174.763493 4.940079
v -73.199703 226.182653 -88.551342
v -77.756756 228.024224 -85.284814
v -74.235408 225.125416 -84.147345
v -73.581530 216.013754 -73.849397
v -82.878560 228.000991 -79.954501
v -90.438908 184.099286 55.462498
v 0.816276 147.155017 28.098942
v -70.093686 189.788997 30.188373
v -60.649926 186.399576 41.533921
v -31.673957 215.903297 0.952820
v -88.721080 226.703150 -76.276462
v -96.271404 188.809224 25.714089
v -86.163960 187.604021 48.060713
v -78.789832 222.706069 -75.628679
v 14.332818 103.485625 75.748200
v -66.163999 187.803125 43.086860
v -93.707973 185.857237 50.081079
v -100.071439 187.813999 32.760575
v -85.727438 194.366700 -6.097424
v 4.783179 234.497080 -37.227233
v -41.244647 141.070392 37.124943
v -80.901938 189.150046 4.824997
v -88.085934 188.837191 5.926457
v -79.492434 218.235250 -67.879081
v -66.902177 184.832484 53.163291
v -10.299634 143.610869 27.990914
v -86.584209 224.648848 -72.276520
v -92.490442 223.082900 -70.589396
v 47.497872 146.324757 41.133238
v -107.605645 117.178424 20.824397
v -22.518350 136.272719 42.464800
v -49.967428 159.875344 32.167671
v -40.417574 148.453121 16.631692
v -75.049936 186.533529 3.706322
v -32.182188 140.628936 39.900889
v 40.694172 150.207638 34.334720
v 23.206814 151.374203 27.599404
v 31.591775 150.747873 35.036317
v -117.361595 129.481780 20.683453
v -75.698617 189.240673 42.536741
v -107.906389 168.882489 15.336419
v -83.419940 189.312150 12.974675
v 13.483038 150.032417 28.390777
v -42.514429 143.475354 34.458773
v -82.632202 182.716015 59.089508
v 2.459595 234.071540 -31.825334
v -0.726902 237.721412 -28.608504
v -103.264463 184.454957 14.173211
v -110.332295 99.351791 11.076722
v -110.748322 163.465787 18.751718
v -78.855369 190.000383 24.375351
v 15.799538 144.018156 49.046890
v -111.284968 159.236500 13.348938
v -93.435767 190.394770 -27.053926
v -118.137748 131.323568 38.429621
v -10.372891 144.486666 19.302750
v -76.946775 214.078802 -62.870393
v -80.951977 215.265521 -58.052983
v 114.433800 58.465553 14.714730
v -90.626999 226.170263 -78.762631
v -23.245330 143.977909 17.781489
v 12.083479 148.821769 36.363795
v 79.082671 121.614254 -1.173069
v -99.945035 98.670798 -8.340823
v -10.051126 231.916355 -25.430499
v -69.359745 189.499004 19.461946
v -111.409129 88.435742 35.092156
v 116.278914 53.763132 11.147813
v -40.595440 146.236342 28.344342
v 73.684098 127.196989 -2.623811
v -111.107225 95.238375 14.564690
v -115.877350 129.605710 49.948689
v -85.511598 219.163577 -62.564978
v -81.577858 185.268325 54.676199
v 118.917071 53.858523 20.010565
v -36.009848 143.811875 32.621224
v 76.753271 128.765303 9.169613
v -86.655362 172.926020 -21.921866
v -105.908344 111.690894 38.319149
v -91.648581 120.230071 -7.409078
v -107.868941 182.890494 42.316740
v 112.435662 60.741759 18.796560
v -58.533241 188.585217 21.801602
v 82.801298 120.430087 8.274326
v 74.714498 129.841055 4.899909
v -95.825292 95.793815 -14.104332
v -112.308917 170.485389 50.127112
v -6.326900 236.108658 -20.966996
v -83.624164 198.075783 -12.761387
v -83.711094 213.546286 -48.386144
v -21.609513 142.817191 27.961525
v -58.242164 185.100838 37.103752
v 23.583815 145.766038 47.510115
v 71.046544 134.516608 11.746409
v 65.780300 135.990088 2.236848
v -112.170958 102.455395 23.047873
v -90.686751 212.910815 -48.565789
v -18.244809 132.563172 48.523732
v 58.578160 141.791370 3.993949
v -116.690378 131.258943 66.023526
v 29.714411 103.415756 74.896486
v -61.604037 184.681764 48.122895
v -62.589626 188.326701 32.180664
v -30.396533 137.183659 45.093676
v -88.642905 216.934408 -56.465210
v 105.705002 62.160854 21.935091
v -76.249772 188.733184 13.361931
v 81.829971 122.740184 18.521431
v 51.842519 144.762692 2.638180
v -98.944210 169.690103 -0.075816
v -115.943027 170.203454 29.811403
v -108.313197 184.839058 26.301316
v -75.804387 207.786876 -44.975331
v -94.998977 209.482646 -49.624356
v -86.259134 176.679001 66.816044
v 116.382287 57.062793 29.794249
v 113.919165 59.872320 28.803927
v 110.936675 61.642553 25.840586
v 99.378241 62.462046 21.519497
v 45.043026 148.071556 4.355606
v -97.432555 108.595627 -7.958702
v -92.582677 188.381086 14.618627
v 59.626178 135.924365 50.056052
v -90.425327 179.546502 62.890100
v -14.104943 231.120048 -18.652569
v -79.169741 211.041912 -46.628579
v 52.021793 141.627255 46.261400
v 109.540071 61.212914 31.183877
v 104.135960 62.008061 27.299681
v -66.174548 190.137816 14.544938
v 65.188742 139.888716 17.732719
v 55.783049 144.755561 10.885554
v -114.397652 168.483214 42.522093
v -46.013657 154.521720 28.417614
v -11.301124 232.791534 -15.564649
v 39.411258 147.929344 42.752179
v 29.841960 149.305824 40.726229
v 114.688836 55.952052 35.012976
v -106.000579 185.753788 33.813867
v 76.842041 129.319645 16.671414
v 63.492106 139.935243 9.835649
v -47.896358 154.230922 37.674257
v -72.298925 201.101166 -37.789401
v -77.037340 203.348045 -29.680729
v -79.974741 207.286858 -34.767855
v -86.556274 210.904633 -39.491544
v 100.553731 60.926339 28.580028
v -16.368791 139.107691 35.794650
v -43.738333 151.484953 19.533022
v 71.236182 134.984607 21.317346
v 47.143965 149.053680 13.016314
v 39.013189 150.967441 11.999604
v 27.485320 150.554709 6.293698
v 30.751910 100.537953 80.461201
v -55.095961 185.292672 22.288797
v -82.844825 209.993291 -38.147129
v 110.070468 59.021735 35.365244
v 95.843096 58.345970 37.143195
v 55.872284 145.512843 19.765877
v -118.299744 144.781919 23.182290
v -109.210526 112.343952 23.400249
v -9.359413 88.670423 83.160085
v -70.067730 186.786817 49.991937
v -44.935647 135.220958 45.084998
v 104.536457 60.085793 34.280830
v -112.616900 164.581106 47.627192
v -56.492535 184.726837 27.372334
v 2.434243 146.232568 35.618841
v 78.058165 127.506008 28.868753
v 63.111021 141.342876 26.295871
v -104.201653 99.686379 -2.774840
v -30.043121 146.118739 17.528959
v -34.630909 146.902564 10.080321
v -26.099497 223.411162 -10.359967
v -89.231400 190.541608 -1.721888
v -46.334046 153.957526 14.854746
v -105.444614 185.481505 21.866661
v 9.179629 144.791277 44.946405
v 21.180942 150.687656 11.021115
v -111.307180 98.573643 34.897786
v -74.262570 1.888238 26.281192
v -73.472063 2.747964 39.836728
v -77.225771 3.999819 54.651002
v 56.673634 97.771551 -32.952393
v -33.828012 197.049854 -16.822196
v -92.945989 150.208273 -8.468326
v -86.216860 3.231834 13.166570
v -81.064971 3.317743 20.919525
v -73.256362 4.007553 29.651866
v -77.345076 6.292128 53.795406
v -71.349995 8.896812 68.352927
v -84.998757 5.382007 15.744758
v -74.819510 6.155638 42.438009
v -76.707609 6.809702 48.111943
v -73.871849 9.791233 63.254448
v -67.045936 12.207563 70.806381
v -67.312976 7.939854 72.279118
v -30.867131 85.620632 -34.627452
v -35.102945 6.561007 68.605395
v -85.406802 6.593691 8.447382
v -84.908114 9.514510 11.595983
v -84.091900 9.368044 14.843810
v -80.742076 7.978091 18.950080
v -78.040006 7.474531 23.227070
v -68.561613 6.929888 32.781549
v -34.615596 14.070976 66.447875
v -28.376245 8.160938 76.125603
v -18.793799 9.243728 84.751169
v -2.201233 99.280731 74.757073
v -77.518487 138.406218 -11.485711
v -72.628099 7.641523 27.959561
v -73.650718 12.334076 45.979728
v -106.814969 98.555004 44.698175
v -32.019217 10.691469 70.810588
v -27.120260 11.776904 77.197720
v -22.230707 10.803504 81.662785
v -82.284265 13.554871 12.640504
v -98.343139 99.754191 54.335950
v -14.651814 68.556045 77.090016
v -32.019712 14.581342 68.787144
v -14.503847 14.213575 84.760650
v -81.727310 13.258180 7.215574
v -77.890105 13.399851 18.133432
v -109.211222 106.330295 36.353818
v -11.049661 70.364221 85.100188
v -68.216198 15.652979 68.307838
v -22.300298 16.299556 79.293802
v -91.150698 108.632193 58.087276
v -70.571909 13.265063 24.948362
v -68.447134 17.142128 21.506999
v 65.980022 87.085913 -32.822400
v -94.113621 75.646227 57.664520
v -67.410176 19.507476 64.301955
v -12.654665 74.969828 84.924364
v -27.305690 17.407760 72.552963
v -20.173497 20.839053 76.147614
v 2.600524 103.047881 71.125702
v -78.122063 16.808948 14.041981
v -63.499438 20.316575 19.404390
v -54.160288 202.036468 4.997929
v -59.355782 23.316405 61.871997
v -95.976260 132.040648 80.596128
v -16.130414 84.581369 76.399448
v -90.852847 195.609212 -13.853720
v -29.931272 20.410373 65.310715
v -13.361877 88.736672 77.857460
v -97.834305 128.993935 77.718449
v -55.240541 22.069686 25.275773
v -23.577458 26.530574 63.146157
v -22.717763 21.067871 72.290348
v -5.445797 93.874671 82.089825
v -85.606355 90.095658 66.476815
v -56.989289 24.823435 21.166564
v -101.474725 136.977843 78.650504
v -50.972584 25.411419 59.581699
v -24.023709 23.763368 68.068749
v -9.779075 94.673330 75.547379
v -107.574137 90.351870 43.764095
v -63.283071 23.832943 13.548057
v -108.538133 86.005367 40.776887
v -116.685722 141.648492 65.381295
v 1.450912 98.549173 79.848236
v -16.889845 26.592848 69.332112
v -106.911535 169.102505 63.932379
v -90.172998 87.801926 63.516584
v -112.343999 176.328218 45.131279
v -56.438861 28.794978 20.437249
v -51.613423 31.171634 27.436650
v -107.015604 175.405553 56.163152
v -82.191349 81.619838 67.530046
v -51.970114 28.648914 54.941753
v -102.859249 179.889257 54.483112
v -19.140096 29.318987 60.510103
v -111.312114 133.240391 74.311828
v -94.188641 217.123737 -61.866367
v -103.043565 94.072461 50.086431
v -60.737660 31.184581 13.695483
v -96.110027 177.668921 63.334170
v -79.044419 84.311839 69.620234
v -42.243724 92.149094 -32.314076
v -107.973149 153.068318 74.656655
v -117.330010 135.391787 66.685432
v -52.724936 30.035727 24.652955
v -50.986490 35.470093 54.302694
v -112.870668 148.088463 68.840648
v -17.406785 32.855741 59.194598
v -14.023690 36.163074 62.899783
v -103.482949 137.593747 -3.477009
v -100.007711 149.748982 82.908267
v -53.608529 34.908528 26.887397
v -95.587317 218.262257 -69.799755
v -55.853351 36.710424 34.757599
v -55.959585 40.593971 42.837315
v -54.648117 35.565639 43.549678
v -47.817240 44.291978 59.069261
v -103.231733 74.029235 44.078079
v -2.380816 37.401688 79.266114
v -97.864374 88.594769 55.801263
v -103.653174 82.023305 47.495266
v -59.761847 40.387442 37.898466
v -101.202164 172.975054 65.092895
v -11.425842 60.262097 76.045788
v -13.228744 45.255139 65.158000
v -114.975520 138.455607 70.530014
v -45.283259 208.643415 3.433436
v -109.866709 170.464445 57.525324
v -108.569502 162.125115 67.747928
v 1.678137 42.557167 83.291532
v -103.639763 142.771174 80.314023
v -71.130860 122.865273 -18.752105
v -99.355534 79.487298 53.501684
v -111.002461 128.284404 72.506327
v -5.363631 44.790496 76.867185
v 6.467442 43.813260 86.475833
v -83.048182 75.032489 65.108069
v -103.761867 154.687166 78.261499
v -61.499984 23.272569 58.916483
v 41.369582 117.382384 -27.827742
v -60.522253 4.033137 74.027232
v -91.574242 201.553279 -25.582255
v -103.632447 107.652529 45.662403
v -110.520741 144.807224 73.664044
v -96.405605 112.744465 51.868729
v -110.449774 94.626616 39.019956
v -111.848234 162.729418 60.543297
v -3.898782 90.973373 85.542449
v -64.137708 89.121082 -30.110631
v -15.847721 52.134137 63.657559
v -7.139232 226.554457 -31.323058
v 13.885313 117.450273 -32.023989
v -11.117658 81.494130 85.381241
v -67.568429 189.281462 8.997176
v -107.639118 136.698058 77.177039
v -88.606091 180.306459 -48.148401
v -5.846572 71.558906 88.934933
v -103.692230 163.912270 71.734491
v -9.486745 3.593228 84.065009
v -107.274801 145.470522 77.411410
v -75.681401 114.135578 -19.853781
v -7.239449 63.240163 84.052928
v -92.224887 191.884878 -11.683268
v -93.450122 80.874312 60.175144
v -104.176889 148.864213 80.380860
v -99.645714 73.771987 50.639241
v -100.392137 105.742774 50.150175
v -107.428104 104.808818 41.602738
v -99.218070 163.536507 75.547704
v -96.067830 95.160571 57.104332
v -87.609644 96.060344 64.490525
v -55.491339 84.935988 -31.560924
v -92.250827 68.370274 54.494574
v -7.719033 113.334599 -32.242598
v -110.689079 180.445083 42.577840
v -11.257690 53.514267 72.174586
v -4.976483 52.992378 82.053939
v -103.290450 134.906092 78.360433
v 3.317666 218.493798 -37.881745
v -16.388528 78.574873 77.692494
v -38.875323 85.311334 -31.932233
v -23.036605 107.197368 -32.281748
v -17.153048 109.972912 -33.022061
v -88.151394 134.349817 -9.903924
v -45.357305 110.988632 -29.350983
v -16.414375 61.809359 68.250374
v -44.442714 2.206631 -30.751794
v -43.607675 8.827747 -30.341320
v -45.880818 5.398898 -25.207312
v -110.697618 124.221398 11.299430
v 106.028453 61.233641 16.314088
v -82.884315 6.404363 0.851304
v -68.248386 8.216468 37.047541
v -94.193683 211.863385 -64.401940
v -41.751795 210.743766 -9.002945
v -94.024247 222.536076 -75.389126
v -36.722644 8.625117 -40.035290
v -42.405534 4.364384 -35.220510
v -77.083249 11.013837 -5.469177
v -81.116123 12.628292 2.591127
v -91.013420 194.887445 -39.329192
v -71.595441 9.751433 41.243556
v -85.850718 183.383892 -61.967899
v -37.510908 12.712701 -34.924746
v -46.697481 8.634970 -19.388582
v -112.543304 147.265644 9.324123
v -93.096415 186.209521 -1.260354
v -82.476610 209.616568 -76.862544
v -74.233629 13.015734 51.197728
v -39.207080 140.428192 -12.495013
v -48.366662 141.718222 -10.712157
v -39.210824 15.520681 -30.976869
v -78.135505 16.588018 4.727704
v -87.526859 187.664176 -44.024297
v -59.632102 14.889959 31.891506
v -66.925255 12.543915 37.796857
v -75.309969 11.798791 56.918670
v -97.859100 181.109340 3.228856
v -42.120073 13.363052 -25.540260
v -43.906949 14.143180 -19.661901
v -102.566053 107.262024 -2.801368
v -75.285746 19.052950 9.342359
v -90.684013 183.608394 -19.971369
v -58.271925 19.532364 38.816692
v -70.631894 16.105417 46.366165
v -71.201889 18.364903 55.847388
v -72.293202 15.799182 61.030895
v -67.215264 17.694938 -4.098018
v -71.835226 18.932500 3.041848
v -70.299843 20.464372 13.414785
v -114.776818 178.728431 35.559800
v -62.325634 19.623672 43.847931
v -62.607708 21.639212 48.526485
v -35.141847 217.400397 -9.424634
v -112.669244 162.582875 55.103239
v -117.248261 149.848580 41.246681
v -116.752404 145.879511 48.312594
v -26.537643 11.933795 -43.585656
v -113.533022 128.794398 11.071602
v -64.524810 22.307011 2.621398
v -84.954410 174.578573 -31.068300
v -55.049016 18.776939 29.649902
v -65.914546 21.605816 55.150602
v -62.985328 194.070736 8.730724
v -99.239988 117.489902 -0.830205
v -54.297551 19.783796 32.333581
v -54.183165 23.602331 35.776352
v -94.122035 190.674153 -23.382770
v -31.888235 22.230939 -24.230617
v -96.017961 185.863610 8.460746
v -63.162901 26.474441 9.424804
v -55.413473 26.488486 47.222210
v -55.990862 24.530858 54.833787
v -87.706226 209.451076 -66.991110
v -58.190409 22.469749 -6.862254
v -54.929789 27.495034 40.167186
v -96.410570 207.357237 -52.628207
v 40.545262 139.510291 -12.910869
v -24.617123 117.025198 -27.005774
v -22.169593 25.208727 -27.725855
v 97.136049 56.465172 6.955325
v 77.844583 118.101429 -8.518550
v -59.159385 30.097073 -3.811102
v -62.022091 25.283453 -0.076775
v -51.801792 24.422443 28.843215
v -52.273055 25.697531 31.951274
v -54.271905 30.958810 46.694473
v -78.706768 204.218150 -83.502562
v -20.836346 29.073897 -25.048656
v 11.898095 120.815441 -29.483466
v -62.287320 32.659839 5.911577
v -24.667672 223.185731 -15.692585
v -18.884503 27.773365 -32.008691
v -22.555906 28.587011 -19.187312
v -60.128918 36.618823 -2.890618
v -52.769391 31.715101 32.846886
v -111.484814 183.116976 33.362650
v -93.352735 217.289352 -71.748783
v -95.556490 202.470453 -46.935418
v -16.620501 32.036774 -36.605172
v -58.256828 34.103110 18.266302
v -108.648033 150.471630 3.702842
v -113.238821 153.861439 11.452996
v -116.677787 152.582515 26.160866
v -49.248770 203.272252 -5.532719
v -57.642471 41.221321 -9.461695
v -62.851484 37.701040 15.790079
v -108.266468 162.718498 9.342437
v -117.848574 150.987874 33.103886
v -115.207416 154.384488 40.481093
v 59.730896 130.542698 -13.198883
v -19.870649 38.351871 -30.671546
v -22.411126 33.872823 -19.962320
v -65.276972 40.100310 6.336219
v -113.598235 158.469536 24.178660
v -69.248005 212.744844 -93.112463
v -76.209772 204.592397 -88.417792
v -11.970857 226.990700 -26.674047
v 1.034901 231.522556 -37.981513
v -21.668446 36.640772 -25.294412
v 42.173592 97.248053 -37.767715
v -62.940487 40.557451 0.624373
v -111.904120 159.621993 42.436478
v 32.749213 109.218043 -30.986753
v -113.807579 153.465582 50.371351
v -114.454775 162.788784 34.098895
v -119.779256 143.611379 36.633927
v -113.745506 151.413600 61.285776
v -43.746237 137.471024 -15.602809
v 43.540544 100.439561 -33.321103
v -34.690213 101.894913 -31.601791
v -75.342560 193.757123 -83.709632
v -93.749427 199.993658 -29.810382
v -49.156009 206.624720 -1.613844
v -92.996755 185.931391 -11.749935
v -78.809012 191.862295 -81.206665
v 107.823001 49.374649 1.502165
v -18.954480 42.961113 -36.250708
v -22.066793 49.109234 -32.898564
v 63.496885 107.272945 -26.035034
v -59.819094 196.740711 4.421700
v -77.095577 196.596271 -85.631389
v -94.972651 197.096474 -34.829912
v -2.350932 133.606781 -14.893184
v 59.573045 117.948806 -21.034638
v -79.786681 195.658493 -81.557309
v -13.371776 41.606783 -45.448697
v -15.065072 49.148120 -46.686399
v -17.981374 44.686551 -40.922456
v -24.447053 43.240279 -21.609923
v -83.637667 128.084913 -10.014134
v -81.948935 195.013819 -74.147279
v -20.918991 53.186377 -40.483862
v -25.021874 51.129847 -26.145940
v 46.921040 107.106463 -31.086073
v 94.678496 56.379185 3.758588
v 22.584661 121.963351 -28.115215
v -85.426091 52.183882 1.175110
v -95.744982 216.287553 -63.787181
v -102.724662 181.611756 8.809194
v -109.263117 155.358631 6.001167
v 66.742532 79.277011 -33.518258
v -89.870026 57.400830 -1.242334
v -58.431137 90.105712 -31.889464
v -87.303935 184.074274 -52.933375
v -89.327827 214.815434 -71.259051
v -18.375761 54.097101 -45.054975
v 52.859833 106.961822 -30.944371
v -99.701383 61.431554 13.278187
v -89.995023 186.803785 -27.056911
v -115.631966 152.595848 18.747836
v 24.712158 95.677542 -47.291893
v -94.073203 62.938027 -5.946024
v -97.537969 61.013671 6.998156
v -100.273760 62.120513 19.557647
v -87.979530 177.185686 -29.008692
v -115.250401 178.153997 27.459280
v -114.539369 174.705024 25.199376
v -80.036102 219.367197 -86.165375
v -16.168913 114.717715 -30.622606
v 59.156353 138.327625 -2.241937
v -96.304258 62.512921 0.985396
v -100.948210 66.023178 5.017527
v -103.536128 67.226850 16.149911
v -113.542582 179.688220 22.455418
v 27.299426 128.988042 -24.524215
v -89.368957 183.033418 -42.019894
v -19.004968 61.275992 -49.299869
v -22.247923 62.923178 -44.636891
v -24.448398 59.777130 -36.170816
v -98.647333 66.973113 -2.328975
v -112.437085 171.100489 21.609938
v -93.716790 175.181639 -4.442459
v -86.768186 193.411212 -50.467624
v 37.023326 125.866665 -26.084238
v -27.381112 66.234084 -32.313983
v -103.774582 73.441406 5.842883
v -103.542160 67.951417 9.512182
v -107.353687 73.659844 18.588933
v -107.132310 72.113588 24.629737
v -100.142731 69.050247 43.634473
v 67.234646 122.778947 -13.963373
v -91.633284 190.752359 -30.840395
v -113.243106 181.785198 26.659074
v -84.077298 201.147724 -67.870821
v -25.383190 67.383618 -40.566507
v -87.335752 72.195150 -18.975617
v -96.651901 72.295692 -8.554235
v -107.090562 76.312557 32.521347
v -104.462397 73.349247 36.601460
v -84.378846 191.742681 -62.955962
v -87.777147 197.832889 -52.291299
v 51.869449 118.488453 -24.033802
v -21.930443 67.612034 -48.467722
v -70.469697 219.859326 -92.813653
v -1.217423 126.223805 -24.319960
v -101.397633 73.575652 -1.425568
v -95.558253 165.803448 -4.827302
v -18.763080 71.056382 -51.922202
v -22.312409 72.859144 -47.486789
v -25.457003 71.634962 -39.696712
v -43.150395 130.867588 -20.485169
v -97.329074 78.757952 -11.258518
v -105.555596 78.125574 2.172671
v -108.238116 78.940784 21.502498
v -108.080760 76.342395 25.764406
v -105.654731 80.227287 42.013676
v -93.078503 76.761469 -15.419049
v -102.050907 77.527056 -4.464732
v -107.316286 76.198759 12.136434
v -115.019929 167.261042 26.537140
v -89.463698 171.191796 -8.767554
v -103.090526 155.643613 -0.317179
v -91.267110 182.576092 -28.459439
v -89.905061 184.718995 -27.711160
v -54.932418 136.561491 -14.409655
v -21.551910 80.615502 -44.894897
v -24.423557 75.225065 -42.719387
v -107.740712 82.955699 3.710668
v 6.649670 112.969153 -32.293937
v -111.037016 174.399624 17.572037
v -106.433544 176.049191 12.498709
v -109.374718 181.447378 17.996572
v -66.996052 3.465663 71.755728
v -110.570378 82.845289 14.826347
v -111.387644 84.231808 24.298351
v -110.132433 82.469912 26.216597
v -108.570229 82.188812 36.973450
v -89.419135 176.285882 -19.629047
v -27.698670 78.462854 -35.297927
v -105.436091 87.630201 -2.358148
v -110.272233 84.194824 9.793174
v -115.529831 173.429921 36.751128
v -120.000000 136.936945 29.987165
v -19.124180 80.562725 -49.782949
v -21.279272 85.562719 -40.322562
v -94.307883 84.354546 -15.796746
v -98.882864 84.910326 -9.772741
v -102.818351 86.878689 -6.447094
v -112.294300 86.975070 20.306080
v -112.757844 164.583457 23.599539
v -93.324645 182.835181 -6.341927
v -53.087042 201.750976 -1.827983
v -107.722351 145.962806 -0.006411
v -81.678338 188.087148 -75.338979
v -108.994160 90.951934 8.798443
v -111.810987 91.365069 18.642205
v -112.624743 90.162835 29.844767
v -101.982957 168.073018 4.230764
v -86.338501 170.722359 -14.702062
v -94.163536 205.414830 -54.594327
v 2.664747 93.664106 -50.789188
v -83.923809 187.872484 -68.517382
v -116.831384 142.195549 16.459812
v -91.641435 89.292560 -18.810435
v -102.308326 92.779739 -7.275156
v 9.883484 94.791567 -49.965580
v -19.381892 125.990425 -22.215696
v -31.581659 127.815863 -21.176881
v 6.760885 107.580061 -34.555804
v 36.275155 84.818060 -48.667754
v 16.069408 92.137060 -51.563098
v 50.427106 134.038849 -15.364911
v 71.003528 106.984544 -22.097737
v 91.077797 46.668030 -1.636922
v 70.416332 99.974702 -24.772104
v -4.929383 107.461066 -33.891361
v 78.189349 77.856911 -26.524781
v -2.915513 237.567088 -29.027888
v 35.910931 130.846613 -22.893348
v 113.080259 53.302681 6.395647
v 17.695340 123.100541 -28.045037
v 96.783534 48.444018 0.410915
v 10.378923 100.417752 -40.602053
v -67.529667 130.312411 -15.270479
v 45.993657 132.348074 -19.330499
v 49.553985 95.387951 -35.506559
v -21.797697 21.808509 -36.306037
v -1.493248 235.752987 -33.359820
v 5.825118 118.668269 -28.892496
v -84.154700 8.195973 3.487171
v 53.682575 112.865517 -25.130807
v -26.021291 131.623833 -16.156640
v -51.208347 130.818013 -19.984965
v 15.642770 130.181923 -21.464942
v 2.087157 236.143647 -36.061442
v -21.350595 7.314128 -44.302736
v 5.538373 233.043677 -40.274286
v -48.041448 121.141197 -24.748547
v 5.725968 88.888521 -54.411728
v -71.642325 187.076687 6.891458
v -59.302603 119.422271 -25.043397
v 8.822999 230.029525 -41.083246
v -15.109264 2.143754 -42.740331
v 15.717248 106.593250 -34.086877
v -62.174466 191.968838 3.224618
v 55.495035 90.581615 -36.207398
v 46.827614 140.741667 -8.281364
v -7.625220 100.698201 -35.305027
v -0.528015 100.151408 -36.260144
v -64.806668 182.620067 1.274956
v 31.500421 145.923286 -4.617154
v 12.782477 103.034269 -35.373426
v 7.159866 228.835056 -42.659000
v -68.543531 185.217049 3.839300
v -19.752319 129.666251 -18.860520
v 73.211381 122.045733 -10.369418
v -23.067850 2.786758 -45.130505
v 4.810047 225.580670 -41.213115
v 43.962557 127.115596 -23.052575
v -69.904079 180.930113 -0.228068
v 82.730238 104.696273 -12.941016
v 101.026772 59.533602 11.574327
v 25.266917 133.839374 -18.760056
v 51.891955 87.864401 -39.667523
v 36.789125 99.645018 -36.068310
v -40.875720 20.036713 -15.915726
v 13.062030 124.402946 -25.920540
v 6.877683 127.236262 -23.209189
v 98.430936 63.487094 17.976525
v 65.151109 117.568031 -18.712229
v -39.688815 124.695012 -22.746882
v 115.306767 47.716466 6.357379
v -66.372677 4.989785 -12.393929
v 21.025581 118.037871 -31.000287
v 67.783094 43.365725 -32.188553
v 36.974401 106.113016 -30.547292
v -33.139950 141.292822 -9.038677
v 66.113789 127.539110 -10.420973
v -68.828111 0.913106 -12.125962
v -65.995475 176.535551 -0.628425
v 42.239068 104.512668 -31.906185
v 77.157619 107.384794 -17.486468
v 45.350035 110.509264 -28.513206
v 61.699923 93.873357 -32.062675
v 74.797344 91.531520 -25.865582
v 35.689460 103.017486 -32.196024
v -37.303250 19.817393 -25.460785
v 80.755503 100.354642 -16.282688
v 40.548386 135.977667 -17.719370
v 109.104957 59.888081 12.812539
v 65.616958 132.247053 -5.492394
v -33.023291 14.163582 -39.306810
v -17.651442 120.431727 -25.552588
v -67.212681 170.273246 -3.570575
v 55.402738 109.365747 -27.611670
v 37.657544 90.290090 -46.652787
v 15.042195 137.806246 -15.285684
v -3.475176 97.838435 -40.367774
v -0.236010 113.508165 -31.741420
v 24.946359 105.010350 -33.063592
v 12.038545 142.259663 -9.758649
v -79.405457 226.994536 -88.683795
v -10.517269 126.571835 -21.802314
v -66.559360 14.744637 -7.988664
v 108.159678 39.756549 -2.170336
v -31.138641 5.873920 -43.669059
v -60.966014 167.181397 -2.042493
v 82.748583 108.923270 -10.023074
v -29.519499 134.711396 -14.165895
v 11.514149 80.609578 -56.659643
v -67.017398 134.732325 -12.214826
v -35.641293 136.506842 -15.604170
v 69.796190 116.272309 -17.233072
v 23.089768 127.810697 -24.264878
v 85.768351 87.925330 -17.119057
v 23.302345 91.159422 -50.778592
v 103.328640 43.777745 -3.066875
v 112.390000 45.785644 3.360628
v 57.637304 126.595872 -17.976138
v 2.528969 130.968717 -20.082475
v -83.617945 59.088077 54.721644
v 61.059611 82.438388 -36.261938
v 80.680452 83.726624 -24.171483
v 54.449972 136.342789 -9.587295
v -13.341274 12.546250 -42.881213
v 13.290554 98.171476 -45.363747
v -61.887163 0.872456 -14.979263
v -27.514183 17.687730 -39.660888
v -36.273763 131.424342 -18.858277
v 51.334875 124.847588 -21.677812
v 91.935636 42.517708 -3.056636
v -52.415407 4.061846 -16.857819
v 37.348200 94.663539 -43.621186
v -4.494825 92.200680 -51.283498
v 7.297438 137.483120 -12.729878
v 101.480386 54.366723 4.915036
v 21.212543 100.685116 -40.094409
v -56.300329 159.968414 -0.271904
v -47.160717 150.416301 4.908261
v 32.894179 134.773284 -19.256299
v 22.298333 138.586064 -13.766805
v -12.424687 96.749334 -36.627941
v -39.437306 4.612583 -39.863054
v -58.140199 155.823397 -3.882115
v -52.186759 154.767507 0.611055
v 30.015371 98.427038 -41.647224
v 13.897208 146.794535 -0.712726
v 36.058928 149.599004 3.729446
v 79.727655 91.205779 -21.921727
v -78.866429 228.274883 -87.717046
v -26.163473 120.968528 -25.670933
v 32.890885 140.701465 -12.292212
v -10.161474 92.936059 -47.253996
v -49.777915 149.260719 0.246444
v 24.778423 146.820970 -2.732782
v 29.848333 87.467880 -49.723661
v 37.519353 121.668052 -27.953729
v 70.521546 89.478315 -29.215839
v -56.905684 140.858558 -9.071623
v -47.862298 135.088722 -17.526345
v -4.354887 135.781147 -12.477255
v -74.627691 226.886802 -90.141729
v -53.988438 6.667412 -15.902918
v -54.638264 148.474714 -4.078033
v -44.135783 147.881702 4.739660
v 21.274183 148.314172 0.639547
v 37.144456 145.259307 -5.761986
v 44.037545 145.231418 -2.633927
v 108.055006 56.301799 7.132913
v -71.493538 223.975774 -91.123900
v 69.614596 48.076607 -29.722926
v 79.197598 110.936521 -13.523123
v 73.899830 115.379698 -14.812395
v -49.781503 126.056751 -22.404482
v -24.781099 138.740218 -6.847003
v -52.578841 145.174697 -5.160204
v -28.617097 142.565682 -2.586270
v 113.312341 56.677145 9.901728
v 0.866764 142.014434 -3.353002
v -0.262322 120.477063 -28.003459
v -57.675943 10.009811 -14.017727
v -26.898325 21.970892 -32.203155
v 47.177190 93.742652 -38.585538
v 27.348645 101.972717 -35.380541
v -45.875946 145.290181 -5.262308
v -38.568933 144.727858 -4.163880
v -6.496042 138.943514 -7.172109
v 7.224104 142.948561 -5.751808
v 19.209022 144.003245 -8.456740
v 28.166236 2.277026 -33.693804
v 3.023387 2.723958 -38.035203
v -7.113245 2.297336 -40.953887
v 44.563302 4.102109 -31.328054
v 31.903842 4.360919 -34.641821
v -53.115116 97.924205 -31.883927
v -58.797682 100.221045 -30.847959
v -16.699589 211.119917 -25.813208
v 46.652485 9.385213 -32.504518
v 32.780892 8.297845 -35.093796
v 15.395267 4.848655 -36.651159
v 5.445580 6.789965 -38.530039
v -47.752676 4.341476 -18.281523
v -44.531252 116.363091 -26.781906
v -51.500429 118.483736 -26.329978
v -75.740257 4.887341 -8.855474
v -10.293988 208.720879 -26.822432
v 18.884875 7.880426 -37.015816
v -12.611541 6.390071 -42.800610
v 70.856628 6.261934 1.867797
v 13.695243 12.652840 -37.786741
v -0.004625 9.967428 -40.345269
v -74.795952 165.562271 -9.594163
v -46.835951 11.432061 -16.067467
v -79.922784 6.446745 -5.372765
v 83.724566 10.672304 0.964839
v 80.666577 12.292637 -2.049887
v 34.003079 12.724612 -34.931970
v 54.851737 103.632292 -31.933687
v -67.610502 114.733137 -24.068234
v -70.493054 10.574206 -9.159760
v 65.364227 9.549917 -3.933314
v 25.634359 15.599522 -36.569642
v 13.444723 15.667766 -38.140648
v -0.868744 15.355870 -40.499701
v -14.873795 17.578000 -41.342010
v 31.875272 117.763020 -28.958421
v -64.086262 96.490044 -29.596073
v -76.290500 13.969691 -1.966932
v -68.305231 94.142995 -27.120639
v 74.483066 14.446136 -4.937743
v -25.893541 4.691006 78.225026
v 52.674031 17.054548 -33.387523
v 42.441776 16.785328 -36.262990
v 32.769105 19.330043 -39.144396
v 13.225387 18.312265 -41.699831
v 1.627850 18.150068 -40.828550
v 70.829652 17.614860 -7.276193
v 38.622700 18.164252 -36.653665
v 24.498035 18.667271 -39.947633
v 23.352739 22.442959 -44.001250
v -22.792102 17.680692 -41.140416
v -26.015351 191.191649 -14.760484
v -52.514371 15.158189 -13.204111
v 83.050224 21.722151 -7.151536
v 64.619722 14.438866 -8.561103
v 63.980569 23.294255 -28.137025
v 47.587014 18.978085 -35.923220
v 46.677636 23.697567 -38.777047
v 31.758396 22.920595 -42.604553
v 12.383836 21.263757 -43.928086
v 4.713156 28.701088 -47.581392
v -6.805958 20.645409 -40.942286
v 87.385358 19.100916 -4.710225
v 78.002264 23.832803 -7.591987
v -75.099078 102.064968 -23.724613
v 27.977898 26.409676 -44.664068
v 13.335040 25.577700 -45.768405
v -0.593259 23.048221 -43.711999
v -14.305780 22.246980 -38.155234
v -105.099059 119.836024 63.373319
v -53.389379 23.141323 -9.974969
v -101.633458 145.932628 -4.945694
v 85.792388 28.440622 -8.056893
v -91.017240 102.290615 -16.156841
v 57.363444 27.903141 -36.215364
v 35.181012 27.326912 -42.749008
v -13.499650 28.094202 -39.292409
v -29.020811 24.887967 -17.606856
v -40.244858 199.369788 -13.697277
v -75.472599 221.729204 -91.295842
v -26.837366 218.281175 -18.299063
v 93.541058 26.067153 -6.963817
v -51.882086 188.944600 -5.739402
v 65.375410 32.049349 -31.258850
v 41.687139 24.669327 -40.631797
v -8.108904 31.403282 -44.320942
v -24.864332 28.411171 -14.549779
v -32.193526 25.096599 -15.690527
v -37.045538 24.710426 -15.164709
v -45.761034 21.935068 -13.308211
v 94.778481 30.909838 -7.502783
v 77.349855 27.394956 -8.903347
v 50.238706 27.624841 -38.539320
v 36.558544 33.565938 -44.979136
v 29.301431 34.327937 -46.175228
v 26.904482 30.252356 -44.905972
v 20.344526 28.707182 -46.366320
v 11.409570 34.167720 -49.763150
v -3.869068 38.538276 -50.174166
v -68.497576 155.533651 -8.882682
v -41.003996 34.566206 -15.343998
v -68.491806 208.860802 -89.265406
v 99.575907 30.369418 -5.642356
v -31.867477 120.956293 -25.925954
v 56.880874 32.637148 -39.638196
v 34.336275 38.782360 -45.509115
v 9.585849 31.389191 -49.375476
v -28.147829 29.422669 -13.712544
v -45.894152 27.833767 -12.912230
v -79.110297 126.259150 -12.418415
v -83.909780 182.987741 -66.817049
v 16.876233 2.290375 -35.177601
v 52.038854 34.409717 -41.457741
v 42.555280 33.067003 -43.751581
v 24.158095 40.499074 -49.309846
v 17.893702 34.615889 -48.504428
v -53.991022 29.637983 -9.160843
v -55.414896 41.351886 -11.561427
v -86.307905 99.695505 -20.034509
v 94.558975 34.815504 -7.044127
v 85.482580 33.449387 -7.269928
v 86.062969 37.894019 -5.841043
v 11.754537 40.526468 -50.974494
v -28.556601 33.990890 -14.018315
v -33.311289 32.782284 -14.575564
v -1.433464 4.608902 83.070046
v 103.337410 38.338785 -4.855268
v 97.347404 40.168663 -5.096228
v 49.360047 41.005527 -42.016429
v 41.938633 37.551047 -44.103833
v 16.497330 41.681401 -51.374682
v 6.933662 40.350535 -52.260502
v 3.610072 46.134988 -54.731296
v -46.171075 41.038180 -16.478930
v -61.518128 141.520974 -8.826502
v -96.576959 134.949309 -6.484511
v -96.727447 142.764213 -7.169912
v 60.542934 38.951982 -37.945829
v 37.784954 44.529891 -45.868096
v 31.107627 41.990838 -47.948895
v -0.017123 43.256722 -53.282658
v -24.270965 36.947518 -16.430810
v -26.771101 43.552671 -17.897793
v -26.444325 36.682984 -14.795596
v -33.755421 38.659730 -15.504308
v -43.631449 45.497584 -18.419559
v -62.019183 155.727759 -6.411177
v -43.392453 192.035629 -11.122863
v -95.605647 56.221427 20.561596
v -10.718089 106.035583 -34.577335
v -17.513035 102.108000 -34.180937
v -51.471117 180.459716 -3.340628
v -25.131774 96.904880 -33.943241
v 56.181566 44.477981 -39.923178
v -34.128400 108.322231 -29.635315
v -49.732856 35.531795 -13.516874
v -57.528874 172.741255 0.576840
v -44.439125 100.852711 -31.318402
v -52.761518 104.309573 -31.148130
v 61.944070 45.603679 -36.451421
v 41.055257 46.205182 -45.876650
v 24.647719 48.337026 -51.057743
v 12.798842 47.474067 -53.160693
v -48.957230 48.699734 -17.861876
v -54.949000 112.666042 -27.515954
v -59.496881 106.507759 -28.484033
v -65.338612 101.659150 -27.441259
v -63.489801 109.861434 -26.362816
v -15.951588 216.569782 -26.383157
v 61.303959 52.239505 -38.384176
v 48.445518 48.392571 -43.887962
v 43.731295 53.011156 -45.505109
v -1.451747 50.968439 -55.955494
v -74.646841 156.553208 -10.220817
v -91.305192 168.811599 -6.692586
v -37.991746 43.816817 -17.527551
v -60.861992 44.256448 -6.607682
v -70.109092 45.685396 -4.699165
v -31.696478 202.910022 -18.785531
v -4.668407 203.844861 -24.944774
v 35.713900 49.662199 -48.075686
v 16.822606 56.002957 -53.289077
v 9.686329 53.657315 -54.191757
v -28.747074 51.829387 -21.581849
v -57.531132 48.459331 -12.131886
v -72.779175 49.903437 -8.440978
v -72.885239 146.068051 -10.931524
v -15.684363 4.445730 84.817310
v 56.333555 52.123216 -41.568430
v 44.974689 56.649999 -46.513606
v 34.381178 54.042128 -48.334744
v 19.168526 51.522765 -51.644475
v -7.904974 52.335746 -54.220667
v -44.613279 187.718794 -8.994129
v -53.940952 51.880787 -16.454971
v -63.889525 51.285718 -13.243802
v -62.168062 169.851929 -1.172527
v -98.763528 151.413971 -4.574679
v -61.475174 147.254383 -7.299658
v 53.455628 56.966474 -43.190341
v 36.038634 57.977043 -49.564124
v 27.160415 57.424202 -51.013860
v 5.514119 55.658315 -56.357940
v -78.252474 132.385785 -11.211000
v -32.975742 47.722452 -19.098124
v 28.853277 123.316413 -28.324976
v -91.493113 53.922483 30.317608
v 10.516402 60.884421 -55.961774
v -1.817890 57.701558 -57.172159
v -9.644565 61.049897 -56.597926
v -14.415061 58.573504 -52.543597
v -80.023001 163.935627 -9.779469
v -28.557344 58.403619 -25.567948
v -38.294655 56.402619 -23.653383
v -55.732562 57.214549 -20.700328
v -77.615301 53.100159 -8.240065
v 10.141335 225.288619 -43.397906
v -90.444136 144.611833 -10.119007
v -109.140672 122.465039 67.334840
v 39.522411 63.405825 -49.367526
v -73.393579 196.660447 -85.938877
v -42.619240 61.968324 -25.355371
v -44.798013 55.894202 -22.345843
v -48.193019 60.685672 -22.621498
v -63.452477 56.037575 -20.006605
v -85.492758 59.131388 -9.264045
v 65.388944 63.085545 -36.282124
v 50.302712 62.562495 -43.721032
v 33.445195 62.574298 -51.152902
v 22.502743 62.817671 -53.217476
v 14.566693 64.176224 -55.284988
v -5.297057 67.727007 -58.100872
v -26.628703 60.002421 -29.916446
v -33.554012 61.144886 -24.779653
v -73.614817 61.572514 -21.427911
v -73.751105 57.041973 -16.673688
v -10.910372 198.508933 -20.142290
v 60.178586 60.917089 -39.316323
v 50.012904 66.940878 -43.503196
v 43.890182 64.270501 -46.251733
v 3.200712 68.570878 -57.244534
v 1.209581 63.386088 -57.822650
v -53.059524 61.503867 -22.831971
v -63.710653 62.967030 -24.810728
v -81.682653 60.345222 -14.620592
v -91.563183 129.670288 -7.850705
v -32.771781 114.779587 -28.605705
v 42.532341 72.048777 -47.219595
v 17.722394 69.535817 -55.676498
v -14.356112 66.328856 -54.598782
v -34.586763 191.615735 -14.073149
v -75.497781 65.816433 -23.616198
v -82.563122 65.512209 -19.113700
v -88.926278 64.189743 -12.175661
v -72.124230 214.299561 -92.699468
v 73.450795 65.610492 -29.846747
v 55.848417 70.701005 -40.621589
v 12.686220 71.197311 -56.338899
v -9.898426 66.912324 -57.083404
v -32.973112 66.636406 -26.546297
v -42.429169 68.607042 -27.137515
v -52.938688 65.576772 -25.838699
v -83.208957 149.480133 -11.261704
v 69.526212 70.341374 -32.405708
v 37.745604 71.347644 -49.856855
v 33.644485 69.168716 -50.932174
v 1.457795 74.023033 -58.319435
v -2.631521 77.392454 -58.048946
v -97.353219 158.946878 -4.123679
v -21.932624 205.780864 -22.829032
v -29.310263 67.963915 -27.674934
v -49.720173 70.806945 -27.986892
v -59.188310 69.264525 -28.264976
v 62.655860 72.592028 -37.073435
v 44.942098 77.566979 -45.304659
v 28.856758 79.478961 -51.595364
v 25.664847 70.582737 -53.054892
v 25.326825 76.779149 -53.980774
v 19.165835 76.542705 -55.661510
v -25.369826 112.101569 -29.644890
v -34.657808 74.596632 -29.526421
v -67.370176 71.859155 -27.677285
v -38.625128 109.292367 -29.931589
v 8.657120 76.417120 -57.242894
v -9.869640 74.829595 -56.994710
v -16.136786 73.103306 -54.352021
v -28.877748 72.523443 -32.240912
v -43.408416 75.310510 -29.375639
v -52.354602 75.792384 -30.755955
v -59.894810 75.201770 -30.737239
v -110.269387 120.719772 30.933512
v -85.437815 120.293381 72.457696
v -25.613385 211.221557 -21.603705
v -77.399028 44.641539 35.667782
v 73.521437 75.265792 -28.705782
v 51.083211 82.244002 -42.490152
v -82.065099 103.587559 -20.673832
v -72.754210 74.856834 -26.955426
v -79.063058 72.430975 -24.201104
v -44.781772 201.234794 -10.357028
v 44.127600 84.611222 -45.441597
v 37.330876 80.371788 -48.487661
v 20.673205 83.075421 -54.105044
v -15.720574 79.200568 -53.951509
v -30.553224 80.443235 -32.628060
v -34.014525 80.314108 -31.609339
v -63.227124 81.900551 -30.342078
v -70.813968 82.111209 -27.358258
v -84.446720 141.344191 -11.001068
v 48.882504 101.672592 -33.040622
v -6.747211 219.039957 -31.701389
v 3.057339 83.494526 -56.976010
v -10.030893 86.865294 -53.434120
v -53.820595 79.060212 -31.119561
v -81.485684 80.969564 -24.309720
v -83.707149 114.832070 -15.490202
v 72.616189 81.940242 -29.274509
v -59.980657 127.405157 -20.361626
v 13.461321 86.249745 -54.246112
v -99.622311 121.796405 0.926957
v -3.049296 87.437624 -54.925945
v -6.650629 82.409958 -56.252077
v -13.935260 85.970564 -51.972396
v -49.782137 88.820029 -31.453994
v -29.503721 2.267761 -45.418535
v -25.311156 0.458842 -43.680985
v -14.173637 0.273938 -38.420696
v 0.128817 0.466731 -35.797790
v 17.714211 0.802958 -32.665539
v 36.017443 1.520657 -29.965603
v 47.565838 2.428628 -26.497589
v -39.698838 1.359945 -39.873959
v -25.429811 0.415872 -39.036832
v 35.703443 1.323905 -26.731712
v -42.482781 0.547195 -31.604420
v -10.627509 0.496630 -33.620424
v 8.108672 0.905697 -30.273926
v 22.831004 1.150880 -27.608499
v 28.667120 1.778447 -23.396258
v -16.264985 0.928342 -30.737177
v 5.305100 1.626737 -27.133091
v 40.819293 1.387973 -21.565128
v 2.814044 3.972611 -25.537816
v 22.356462 4.011203 -22.347328
v 29.474611 4.797611 -20.575053
v -28.458488 0.812549 -29.429421
v -14.345996 4.035132 -27.723117
v 38.785763 3.612238 -17.272221
v 42.188070 2.216098 -15.128622
v 47.728299 1.815214 -20.129204
v -31.198471 3.666623 -20.921258
v 22.163855 7.886923 -19.608397
v -35.083053 0.476909 -34.230961
v -37.572811 1.076726 -16.265008
v -22.875598 3.530459 -27.412180
v -5.082005 7.354329 -24.344322
v 8.797507 7.703658 -21.908996
v 32.874210 6.798627 -17.750105
v 50.535892 1.711269 -2.296044
v -48.060860 1.278274 -21.556156
v -47.518924 0.483869 -17.513352
v -25.686950 6.600404 -22.700694
v -17.093141 7.880055 -24.328282
v 12.829577 8.846216 -17.816849
v 35.972431 7.510154 -13.430222
v 37.456522 2.087079 -2.365696
v 44.496759 1.586242 -6.921713
v 57.565069 3.492175 -3.555200
v -3.848387 8.434180 -19.675822
v 24.225644 9.074848 -13.765119
v 31.888374 8.839287 -10.209587
v 37.620653 5.295464 -8.165803
v 56.874114 2.372928 -0.643816
v -43.708789 0.449484 -17.084765
v -21.584084 8.244295 -19.440941
v -53.672350 0.648433 -16.396440
v -10.759606 8.160675 -14.866285
v 32.133619 7.577223 -3.579422
v 40.757127 1.427262 4.947380
v 70.978485 3.851667 7.804146
v -60.579407 0.340311 -11.821181
v -4.211467 8.036096 -4.735035
v 51.298448 1.678106 5.842450
v 58.972532 2.032709 11.023512
v -35.374486 4.430185 -9.060378
v 3.942912 8.257010 -4.363170
v 29.585671 3.152839 5.888452
v 47.664756 3.702880 8.306546
v 49.688742 4.531809 7.958455
v 62.728761 2.104898 8.462216
v 76.056051 3.876446 13.158450
v -72.568176 0.722401 -10.091768
v -73.420431 0.390721 -5.635071
v -32.893885 8.056808 -9.011174
v 11.399794 8.627715 -9.284819
v 32.124817 1.377130 9.988782
v 40.572625 4.208064 9.295909
v 72.173340 2.583509 17.505417
v -55.575299 0.290798 -0.509647
v -37.850445 0.843778 -0.615340
v 21.176147 8.718203 -2.006391
v 35.607635 2.821669 12.423179
v 58.312296 4.063748 15.881232
v 81.062774 4.975648 17.475409
v -77.769192 0.820112 -7.249170
v 24.732390 6.363945 9.674318
v 30.858686 1.261275 20.486545
v 33.593378 1.062960 16.471661
v 64.859738 1.913405 19.327004
v 69.682377 2.685969 27.067367
v -77.699014 49.243960 44.509311
v -45.753300 0.456816 0.909386
v -25.309625 7.556883 1.480386
v -23.624852 7.754873 1.641424
v -7.566751 7.666102 9.268948
v 63.003503 2.330731 29.731665
v 92.065320 10.312766 16.109014
v -64.661222 0.235624 1.957620
v -31.730384 0.499770 9.365453
v 9.863654 8.010357 11.928188
v 23.837892 8.262161 5.999899
v 25.510353 3.329607 15.070432
v 23.808178 4.459698 22.315371
v 60.408208 5.063289 23.916539
v -83.776167 1.602220 1.080477
v -80.843979 0.630676 1.987102
v -74.284720 0.303111 6.658216
v -46.804334 0.296923 7.806543
v 20.271455 7.521894 22.473531
v 77.767846 4.852986 27.454469
v 83.605092 6.496583 25.209848
v -44.663999 0.609036 12.238724
v -33.779690 0.970477 15.518895
v 11.282965 7.800101 26.377433
v 59.243314 3.862664 30.397160
v 95.402289 12.252328 27.054297
v -86.115205 4.556914 4.695345
v -84.605715 1.768099 8.793416
v -16.999451 7.351932 14.570646
v 0.378037 7.697749 18.094530
v 38.523256 2.371242 30.343331
v 62.475596 3.991822 41.485058
v 89.810444 11.253220 34.391812
v -53.441970 0.519415 14.718102
v -46.873383 3.464209 14.791497
v 23.805936 5.707747 28.560538
v 27.406093 2.310112 26.476475
v 30.455838 2.051596 31.449555
v 46.527705 1.654455 35.430905
v 48.141789 1.725608 35.693087
v 53.041117 2.067141 36.385589
v 72.187942 4.545916 33.031048
v -34.681056 4.665607 18.982563
v -20.891505 1.060330 25.040598
v 57.049073 2.881376 45.632147
v 64.640418 7.416402 47.814370
v 77.935334 7.724757 37.758790
v 101.804889 17.422717 34.248765
v -64.076362 51.504373 56.508474
v -78.159743 0.829919 15.791100
v -27.674571 0.802494 21.532738
v -20.112073 1.511377 27.587710
v 28.620701 4.641926 35.053332
v 95.805323 17.502857 41.761656
v -80.550567 118.967126 62.625056
v -63.232723 0.483823 24.010291
v -56.318442 0.425988 23.927831
v -29.251176 3.993369 26.272622
v -18.655453 3.227858 29.129713
v -15.127207 6.856492 26.585694
v 24.289944 7.483317 33.889227
v 80.199197 11.854723 44.010515
v -81.801881 1.808021 17.448959
v -57.569029 0.000000 26.806422
v 32.919717 5.890099 40.584218
v 36.289989 2.930920 39.904601
v 38.954736 2.225533 39.504568
v 86.131771 11.946046 40.926478
v 21.897434 8.379269 41.165752
v 30.971602 8.350452 42.352904
v 39.911198 5.539131 46.348965
v 46.400527 2.360244 51.219507
v 60.468069 5.790300 53.493362
v 70.764780 9.048955 44.419520
v -109.780382 121.430185 59.747516
v -1.654579 7.570015 33.604941
v 41.590665 5.781607 49.968952
v 91.411689 18.756274 47.213207
v -104.471569 124.625886 74.239731
v -88.159608 117.009699 62.953936
v -53.275643 47.841385 55.283039
v -69.569692 1.095071 28.434551
v -30.726048 3.084780 37.918621
v 2.893487 8.250018 47.735112
v -99.140034 118.117144 60.932240
v -112.950003 124.613295 53.097831
v -81.755554 54.785225 50.441313
v -95.358546 118.451361 68.059406
v -91.297180 115.451624 59.723448
v -60.232043 1.265513 43.552616
v -33.223353 3.277820 40.004633
v -28.588744 1.345529 37.474473
v -13.916945 7.045820 33.200051
v 36.670316 8.808041 47.998346
v 49.883932 2.385998 59.500926
v 55.574974 3.605184 58.970977
v -72.489398 50.638986 51.524381
v 87.248095 17.988691 48.684893
v -98.211631 59.385496 27.034266
v -57.826462 52.610937 59.424699
v -87.099278 178.132032 -42.175316
v -65.273600 62.555071 66.016333
v -66.079095 42.893271 -1.381469
v -71.138780 1.990513 38.651246
v -38.816421 0.554372 43.963508
v 39.878979 6.696863 54.730461
v 39.179764 2.441002 58.387556
v -112.921032 126.328802 68.451875
v -75.398074 63.605068 62.877864
v -74.004053 43.949687 2.641599
v 34.107673 9.585818 53.756597
v 57.310621 5.759147 63.123991
v -77.657916 46.377604 -0.413188
v -73.749729 42.291891 8.842403
v -62.519757 36.644531 9.899269
v -89.036797 60.521805 50.908694
v -69.943414 1.598276 51.609764
v -46.512237 1.754425 49.490419
v -6.208028 7.874842 45.399602
v 51.415819 3.596631 66.146203
v -80.876431 121.795260 72.393751
v -85.090544 178.350904 -51.287535
v -81.574981 46.040216 7.823837
v -105.279849 69.733065 27.756172
v -115.063177 127.733094 40.507249
v -111.411156 124.179727 39.220468
v -84.303626 123.656817 78.773474
v -58.896104 57.188888 62.352154
v -93.439093 114.229453 56.025889
v -68.741212 39.748908 14.808930
v -75.924341 2.653037 47.794185
v -63.555803 1.716436 58.388577
v -54.210481 1.794858 55.866398
v -27.894634 2.183306 55.778262
v -21.939615 7.551469 52.393713
v 18.313317 9.365863 59.063661
v 44.895786 2.888769 68.218201
v -89.864968 125.721792 80.833732
v -98.481995 124.161073 74.440753
v -88.641977 56.111852 44.465289
v -96.213647 66.557829 47.533657
v -75.013942 2.272355 54.488449
v -26.072196 1.599699 59.391428
v 33.616039 2.327777 69.519878
v 43.539662 4.490541 71.360831
v -67.700959 58.538020 62.082331
v -111.645820 125.598141 46.293032
v -80.035530 42.970951 18.623489
v -101.949700 128.662441 77.341139
v -38.843815 1.790914 53.646526
v 8.524420 9.620002 62.376748
v 21.615917 2.436888 72.844411
v -73.875700 40.486267 22.496548
v -64.626203 37.883501 23.065553
v -10.083871 9.063619 61.803195
v -2.102238 9.299969 63.241099
v 0.509531 2.324683 69.864180
v 31.077449 3.903453 73.483548
v -105.845575 121.728717 49.341632
v -106.487651 120.661535 55.247060
v -89.295963 51.617877 9.555493
v -84.009951 45.540167 15.903893
v -68.598288 39.481266 27.875941
v -46.576352 2.037566 63.762076
v -37.060573 2.101062 64.926537
v -14.729061 2.085239 69.537496
v 21.062983 4.516666 76.342789
v -97.664342 117.335284 55.069210
v -66.375214 46.180248 46.823816
v -53.172410 53.754300 60.140434
v -51.548241 58.195575 63.361919
v -86.604179 48.089925 25.813301
v -79.985584 43.163017 26.042428
v -34.868543 3.295113 68.020180
v 13.411081 2.627159 75.769391
v -76.225998 57.065778 57.285864
v -80.126915 180.376576 -59.658591
v -84.952152 52.147424 40.900461
v -90.200299 51.426616 18.138305
v -74.781258 4.076973 63.816786
v -31.087225 4.044475 71.580306
v 11.326847 4.126394 78.757511
v -105.762558 129.557016 76.754732
v -72.027570 45.600167 41.964441
v -77.080852 42.833626 30.291730
v -63.986060 41.261290 37.259777
v -73.335868 2.602735 63.239583
v -56.651453 1.933683 68.468534
v -1.903614 2.397645 78.495406
v 8.291457 6.698982 80.059173
v -90.278118 121.010601 74.539346
v -93.376463 56.483733 10.120430
v -86.621549 48.063181 20.992132
v -94.696826 58.291492 35.273828
v -68.774607 2.135370 67.250400
v -58.164159 2.625551 71.704699
v -44.785175 2.934400 69.606514
v -26.344494 2.875374 74.927144
v -18.340108 2.743216 80.482547
v 2.311489 2.995390 79.839651
v -74.993169 189.659994 -74.839765
v -76.824903 178.509003 -46.554039
v -70.062487 201.970605 -88.018486
v -71.886023 184.296998 -47.547749
v -41.693806 176.991114 -1.022519
v -75.632445 173.715351 -27.057282
v -77.205090 186.046318 -73.650540
v 9.772671 206.301068 -31.344048
v -71.065632 202.113019 -89.584387
v -82.927594 167.026516 -10.791725
v -69.187618 165.610082 -7.411027
v 8.272818 214.844746 -39.231002
v -72.591749 204.889615 -90.675390
v -17.661357 192.222993 -14.721226
v -2.583864 195.464649 -14.984213
v -77.185075 184.158466 -67.725205
v -51.192214 175.404888 -0.586476
v -22.658784 187.618468 -9.587001
v -78.340456 188.348743 -77.513127
v 9.117076 221.475375 -42.945359
v -85.511319 179.963163 -58.443596
v -73.364669 178.605940 -37.768860
v -71.548434 170.312689 -9.293945
v -56.059895 166.459615 1.559459
v -34.754390 183.670560 -7.947627
v -74.240311 183.753824 -53.678932
v -73.626836 193.402519 -81.630890
v -76.376734 168.405487 -12.210989
v -78.810327 174.389384 -33.799141
v -74.139228 186.838944 -60.298145
v -11.546508 191.133211 -9.851039
v 1.666876 200.795348 -23.069420
v -83.661441 171.286677 -20.767645
v -42.600400 182.256431 -6.502299
v -71.301209 175.774867 -17.968157
v -72.629275 171.661884 -15.334130
v -79.526695 171.074982 -20.884722
v -51.772310 170.234003 4.636628
v -18.151336 199.188766 -20.578240
v -75.808409 170.582899 -17.174278
v -60.910422 161.538569 -3.998729
v -80.535703 176.216632 -42.162014
v -68.313739 211.464683 -91.813493
v 4.493944 208.139917 -31.577831
v -81.380440 182.380762 -66.599368
v -59.148000 37.122847 28.574258
f 1069 1647 1578
f 1058 909 939
f 421 1176 238
f 1055 1101 1042
f 238 1059 1126
f 1254 30 1261
f 1065 1071 1
f 1037 1130 1120
f 1570 2381 1585
f 2434 2502 2473
f 1632 1654 1646
f 1144 1166 669
f 1202 1440 305
f 1071 1090 1
f 1555 1570 1584
f 1184 1174 404
f 65 432 12
f 1032 1085 574
f 1789 2207 2223
f 1154 1118 1184
f 1141 1086 1154
f 99 1117 342
f 404 1174 419
f 489 2000 1998
f 1118 1174 1184
f 1196 403 136
f 1495 717 1490
f 1804 402 1207
f 2272 1398 891
f 1100 1002 804
f 1596 1595 2381
f 208 420 1207
f 402 208 1207
f 1455 1935 1925
f 1176 1059 238
f 1150 1040 348
f 1957 1537 2051
f 1124 1189 939
f 1804 1207 1823
f 1381 1300 1109
f 383 384 1182
f 1085 1086 1141
f 1040 1046 132
f 220 1495 1188
f 420 261 1207
f 261 420 1065
f 1055 1133 1101
f 1054 421 403
f 182 1109 2
f 1181 1207 320
f 545 1570 1561
f 35 342 432
f 1024 574 1141
f 432 342 12
f 1489 1081 1547
f 1181 320 1805
f 1516 1683 1507
f 357 1117 1047
f 1561 1570 1555
f 1090 1196 1206
f 1047 1203 1051
f 1165 202 1121
f 1099 341 301
f 1174 240 419
f 922 921 833
f 1121 1080 385
f 815 21 1183
f 35 99 342
f 1083 398 262
f 106 94 1317
f 94 292 1317
f 292 95 1317
f 940 1039 1033
f 1300 1306 433
f 21 212 471
f 1120 1131 1037
f 833 921 688
f 1117 357 342
f 106 271 94
f 386 227 1375
f 1130 1044 1053
f 419 240 219
f 1255 1244 32
f 1557 1081 1489
f 2062 2120 2109
f 2034 2110 430
f 23 315 1111
f 291 94 271
f 291 292 94
f 50 386 95
f 964 734 665
f 1616 1585 1611
f 445 1084 402
f 574 1085 1141
f 1654 341 1653
f 220 1188 1640
f 342 69 12
f 417 261 328
f 292 50 95
f 204 227 386
f 50 204 386
f 1276 1471 1311
f 1206 1196 136
f 1033 1055 1042
f 1037 1044 1130
f 1180 320 417
f 1121 202 1080
f 325 203 271
f 291 76 292
f 292 237 50
f 2159 1696 1767
f 583 929 850
f 1584 1585 1616
f 1495 1490 1188
f 1557 1489 1660
f 1078 1069 1494
f 1972 1992 1971
f 183 1226 2000
f 325 429 203
f 292 76 237
f 1152 227 1143
f 1488 1412 1489
f 1638 1646 1653
f 1947 1869 2468
f 203 306 291
f 306 76 291
f 237 248 50
f 204 1143 227
f 2395 14 429
f 1502 881 2500
f 1 1090 202
f 1652 1653 1099
f 2117 1863 2496
f 50 248 204
f 160 792 994
f 884 888 857
f 544 2117 2496
f 1090 1206 202
f 2463 879 2492
f 429 306 203
f 498 188 418
f 865 884 857
f 994 998 1014
f 884 897 888
f 1795 948 1802
f 208 1035 1071
f 1065 1 1066
f 377 435 1377
f 304 429 14
f 304 306 429
f 73 60 74
f 248 592 204
f 846 2264 829
f 897 912 906
f 1004 991 992
f 1422 1421 1233
f 980 10 303
f 1058 922 909
f 2436 2449 2418
f 394 435 377
f 435 475 446
f 475 474 446
f 336 337 361
f 338 235 372
f 624 148 129
f 812 306 596
f 1726 992 1019
f 945 1514 1511
f 1069 1627 1628
f 1812 1823 1181
f 1165 1121 169
f 447 475 435
f 2487 2458 901
f 42 59 46
f 401 7 187
f 1010 970 797
f 1513 220 1640
f 2474 2491 2462
f 594 307 1014
f 398 1513 1640
f 307 594 1026
f 545 2381 1570
f 403 421 238
f 445 402 127
f 1611 1631 1616
f 1805 1180 1148
f 394 447 435
f 2341 2413 2376
f 75 74 60
f 541 47 42
f 47 59 42
f 541 42 28
f 917 931 1103
f 897 906 883
f 2484 2068 779
f 888 883 857
f 261 1065 328
f 363 1307 349
f 377 363 394
f 444 747 464
f 323 338 362
f 92 116 74
f 592 634 97
f 982 1027 1004
f 1020 982 1004
f 1084 1054 1035
f 208 402 1084
f 421 1119 1176
f 1207 1181 1823
f 1179 1187 1160
f 263 296 1343
f 1298 296 1307
f 1307 296 349
f 405 363 349
f 405 394 363
f 405 447 394
f 362 372 384
f 338 372 362
f 983 1004 987
f 122 134 139
f 415 440 414
f 75 92 74
f 226 186 246
f 796 787 700
f 1119 1059 1176
f 122 114 91
f 624 129 116
f 641 558 631
f 1311 1318 1487
f 100 1162 1170
f 1653 341 1099
f 1316 1983 273
f 263 277 296
f 296 358 349
f 436 447 405
f 109 554 570
f 504 1385 2501
f 115 122 91
f 2068 2460 779
f 43 777 163
f 378 405 349
f 358 378 349
f 448 447 436
f 448 476 447
f 78 77 108
f 75 60 47
f 1764 2481 1795
f 717 714 1512
f 1490 717 1501
f 238 1126 168
f 1878 1866 826
f 2025 2360 2367
f 251 278 263
f 278 277 263
f 277 318 296
f 296 318 358
f 318 350 358
f 378 436 405
f 384 372 1182
f 454 440 415
f 987 1004 992
f 493 476 448
f 323 788 338
f 403 238 136
f 1565 1503 1474
f 297 277 278
f 297 318 277
f 358 350 378
f 378 388 436
f 476 493 500
f 73 105 60
f 323 337 312
f 953 1573 2358
f 142 161 119
f 454 443 440
f 1862 1871 1405
f 297 319 318
f 560 47 541
f 170 1323 111
f 357 1047 1050
f 1119 98 1059
f 1838 1877 1900
f 2359 230 251
f 350 364 378
f 449 448 436
f 449 493 448
f 185 186 226
f 443 469 479
f 874 165 2480
f 463 444 464
f 64 105 91
f 1182 440 1129
f 1958 1651 2502
f 1238 2034 191
f 251 279 278
f 278 279 297
f 364 388 378
f 483 493 449
f 134 148 139
f 244 268 259
f 910 942 930
f 105 115 91
f 24 30 18
f 1132 487 1059
f 1869 1947 2021
f 2497 2494 2463
f 2359 2385 230
f 230 280 251
f 251 280 279
f 279 308 297
f 297 308 319
f 319 364 318
f 364 350 318
f 388 395 436
f 436 395 449
f 493 472 500
f 122 129 134
f 125 142 124
f 373 400 393
f 24 557 30
f 2264 2278 2251
f 1261 30 1269
f 1730 1862 1877
f 252 280 230
f 343 364 319
f 364 343 388
f 63 64 91
f 399 393 416
f 416 444 463
f 162 189 142
f 768 373 326
f 189 661 177
f 189 199 661
f 847 887 864
f 533 747 444
f 1744 1022 1418
f 1170 524 729
f 121 1342 128
f 1236 1244 26
f 280 281 279
f 281 308 279
f 343 319 308
f 343 365 388
f 388 365 395
f 365 406 395
f 406 449 395
f 483 477 493
f 477 491 472
f 493 477 472
f 78 109 77
f 166 174 196
f 481 150 814
f 63 59 64
f 326 373 393
f 643 260 43
f 230 253 252
f 449 441 483
f 441 477 483
f 415 416 463
f 226 246 245
f 464 470 454
f 323 362 337
f 52 37 1283
f 253 281 252
f 281 280 252
f 309 308 281
f 330 343 308
f 366 365 343
f 441 449 406
f 464 814 15
f 883 906 887
f 337 362 371
f 479 498 290
f 247 746 1003
f 25 37 557
f 640 930 669
f 2486 2499 2459
f 309 330 308
f 343 330 366
f 441 437 477
f 290 498 418
f 124 119 108
f 77 124 108
f 589 125 109
f 570 589 109
f 125 162 142
f 1045 433 1034
f 1207 261 320
f 2004 2474 2495
f 1215 1228 2285
f 365 396 406
f 396 422 406
f 422 437 441
f 406 422 441
f 59 47 60
f 51 78 66
f 361 371 383
f 196 215 214
f 463 454 415
f 27 41 535
f 53 1283 37
f 84 1299 1283
f 1805 320 1180
f 254 253 222
f 254 281 253
f 309 366 330
f 396 365 366
f 456 477 437
f 484 491 477
f 2480 2485 2493
f 418 188 187
f 53 85 1283
f 85 84 1283
f 420 1071 1065
f 264 281 254
f 298 309 281
f 368 366 367
f 368 396 366
f 1639 1564 1139
f 560 48 47
f 82 471 212
f 25 38 37
f 202 1206 1080
f 264 298 281
f 298 331 309
f 309 331 366
f 331 367 366
f 396 368 422
f 422 456 437
f 491 1192 313
f 1699 2064 1710
f 462 443 479
f 371 362 384
f 2502 2476 2464
f 371 384 383
f 21 732 212
f 1571 1629 1627
f 38 39 53
f 37 38 53
f 39 85 53
f 1173 1184 404
f 1006 2142 1674
f 201 255 254
f 255 264 254
f 368 407 422
f 450 456 422
f 450 484 456
f 456 484 477
f 314 1192 491
f 2027 2501 2489
f 2475 2471 2488
f 551 492 732
f 464 481 814
f 1081 1494 1547
f 201 231 255
f 407 450 422
f 484 494 491
f 494 327 491
f 327 314 491
f 876 797 995
f 847 856 829
f 125 143 162
f 134 129 148
f 1564 1571 1627
f 417 320 261
f 328 1065 1066
f 170 156 201
f 156 231 201
f 231 282 255
f 282 264 255
f 450 485 484
f 484 485 494
f 2463 2486 2479
f 159 185 167
f 492 68 212
f 732 492 212
f 68 82 212
f 1311 1471 1296
f 101 156 111
f 332 264 282
f 332 298 264
f 332 331 298
f 331 332 367
f 407 423 450
f 450 423 485
f 804 1002 1443
f 2484 779 946
f 689 443 462
f 440 689 1129
f 166 167 174
f 38 31 39
f 112 145 101
f 101 145 156
f 156 256 231
f 332 423 368
f 367 332 368
f 368 423 407
f 946 779 920
f 1432 1261 1449
f 461 478 453
f 464 15 470
f 31 54 39
f 39 54 85
f 86 101 85
f 145 210 156
f 282 283 332
f 283 369 332
f 369 423 332
f 423 408 485
f 854 876 965
f 78 108 66
f 440 443 689
f 374 2465 961
f 929 519 979
f 54 86 85
f 156 241 256
f 256 282 231
f 256 283 282
f 389 423 369
f 389 408 423
f 408 457 485
f 457 49 485
f 485 49 494
f 494 135 327
f 175 83 314
f 1167 1140 1483
f 196 174 215
f 697 16 68
f 1038 82 16
f 140 117 141
f 1654 1653 1646
f 1234 54 31
f 86 112 101
f 210 241 156
f 923 917 911
f 697 34 16
f 145 193 210
f 256 265 283
f 265 310 283
f 283 310 369
f 310 344 369
f 344 370 369
f 370 389 369
f 409 408 389
f 409 466 408
f 466 457 408
f 466 49 457
f 49 135 494
f 174 225 215
f 1014 766 602
f 826 2220 2215
f 1078 1494 1081
f 1273 70 86
f 120 112 86
f 146 145 112
f 146 193 145
f 265 256 241
f 223 265 241
f 486 49 466
f 175 327 135
f 105 122 115
f 480 15 681
f 225 234 215
f 731 34 697
f 86 54 1273
f 70 120 86
f 193 241 210
f 299 310 265
f 310 333 344
f 344 351 370
f 424 466 409
f 135 49 175
f 214 215 234
f 48 75 47
f 34 9 1038
f 16 34 1038
f 203 291 271
f 9 558 754
f 1195 397 1120
f 120 146 112
f 146 194 193
f 266 265 223
f 266 299 265
f 299 333 310
f 333 351 344
f 382 383 392
f 399 416 415
f 266 333 299
f 351 352 370
f 424 486 466
f 487 175 49
f 7 117 187
f 1182 414 440
f 41 42 46
f 290 289 497
f 2502 2464 2473
f 372 399 414
f 1570 1585 1584
f 1066 1 1165
f 1 202 1165
f 120 70 102
f 157 146 120
f 194 223 193
f 223 241 193
f 352 379 370
f 370 379 389
f 410 409 389
f 2478 1409 1958
f 806 945 1002
f 157 194 146
f 267 266 223
f 267 333 266
f 379 410 389
f 410 438 409
f 438 424 409
f 190 205 143
f 337 371 361
f 2215 830 826
f 1631 1646 1638
f 102 157 120
f 157 195 194
f 195 223 194
f 195 211 223
f 223 211 267
f 267 300 333
f 300 334 351
f 333 300 351
f 351 334 352
f 410 411 438
f 438 486 424
f 487 49 486
f 875 594 989
f 108 581 66
f 225 245 244
f 312 336 335
f 151 754 107
f 274 1386 300
f 352 334 379
f 923 1729 1096
f 244 245 268
f 463 464 454
f 414 399 415
f 15 480 470
f 1647 1069 1078
f 909 922 833
f 387 417 328
f 133 157 102
f 1314 133 102
f 133 195 157
f 1148 1179 1160
f 1046 1167 182
f 379 411 410
f 792 339 229
f 391 7 668
f 185 226 174
f 461 290 497
f 2027 504 2501
f 1196 1054 403
f 728 1019 752
f 2459 2483 2461
f 1291 1264 55
f 133 1356 195
f 195 1356 211
f 412 438 411
f 4 486 438
f 458 4 438
f 4 487 486
f 1720 1572 1771
f 245 275 268
f 1869 2021 2059
f 235 399 372
f 64 60 105
f 836 2492 879
f 1315 133 1314
f 1331 1382 1356
f 1310 926 1128
f 7 1121 117
f 119 161 611
f 380 379 334
f 379 380 411
f 467 4 458
f 495 487 4
f 495 1126 487
f 416 400 533
f 479 469 498
f 74 116 73
f 478 461 497
f 393 400 416
f 61 1291 55
f 505 1999 2474
f 1999 2491 2474
f 199 189 36
f 1164 1165 169
f 1179 387 249
f 390 411 380
f 411 390 412
f 458 438 412
f 495 168 1126
f 480 469 470
f 116 122 105
f 418 187 140
f 185 174 167
f 166 148 167
f 470 469 443
f 40 55 32
f 61 71 1291
f 71 103 1291
f 1184 1173 1154
f 634 514 97
f 425 458 412
f 917 923 931
f 2472 2489 853
f 754 641 567
f 44 567 1163
f 454 470 443
f 40 32 1249
f 33 40 1249
f 56 55 40
f 56 61 55
f 451 1265 439
f 1180 417 1179
f 1099 301 1077
f 1189 1058 939
f 1059 221 1132
f 598 1074 1075
f 412 426 425
f 650 186 185
f 234 244 259
f 226 245 225
f 1033 1042 1030
f 2492 836 247
f 7 169 1121
f 1462 1322 1482
f 425 467 458
f 496 4 467
f 1751 2468 2480
f 290 418 140
f 326 789 762
f 142 177 161
f 165 1751 2480
f 87 103 71
f 103 87 104
f 1180 1179 1148
f 417 387 1179
f 2081 2060 2031
f 1154 1173 1141
f 181 131 197
f 442 425 426
f 614 144 143
f 876 1010 797
f 40 45 56
f 56 45 61
f 87 71 61
f 1563 1437 1590
f 1121 385 117
f 1148 1160 1137
f 1449 1459 1439
f 1028 2462 929
f 442 459 425
f 459 467 425
f 168 495 4
f 496 168 4
f 1763 1403 1444
f 140 187 117
f 244 234 225
f 246 740 269
f 372 414 1182
f 40 547 45
f 45 62 61
f 62 87 61
f 87 88 104
f 1084 517 1054
f 387 328 1064
f 2467 2497 2485
f 286 1363 302
f 205 189 162
f 290 140 289
f 214 234 224
f 393 399 809
f 315 1131 397
f 302 321 353
f 1164 169 391
f 427 459 442
f 217 496 467
f 217 168 496
f 978 969 2074
f 361 383 382
f 269 276 245
f 1440 11 305
f 62 88 87
f 328 1066 1064
f 1066 1165 1164
f 242 287 302
f 1363 242 302
f 287 321 302
f 1179 249 1187
f 983 1020 1004
f 464 747 481
f 788 323 276
f 269 245 246
f 88 89 1325
f 171 172 242
f 360 353 321
f 360 1354 353
f 1057 1064 1164
f 2184 2188 2183
f 460 459 451
f 460 467 459
f 149 168 217
f 149 136 168
f 116 129 122
f 109 124 77
f 159 167 148
f 28 42 41
f 57 88 62
f 45 57 62
f 1336 1325 89
f 89 72 1336
f 147 172 171
f 172 258 242
f 258 257 242
f 257 287 242
f 257 321 287
f 345 360 321
f 360 381 1354
f 1069 938 1655
f 387 473 249
f 270 217 467
f 130 136 149
f 851 847 829
f 983 987 975
f 189 177 142
f 88 72 89
f 184 258 172
f 257 288 321
f 1265 451 459
f 270 149 217
f 226 225 174
f 27 28 41
f 109 125 124
f 547 57 45
f 57 58 88
f 88 58 72
f 2476 2484 2458
f 147 184 172
f 184 213 258
f 258 243 257
f 243 288 257
f 345 321 288
f 391 169 7
f 468 460 451
f 468 488 460
f 270 467 460
f 488 270 460
f 1206 136 130
f 481 793 150
f 143 205 162
f 142 119 124
f 58 90 72
f 90 128 72
f 147 173 184
f 173 213 184
f 213 233 258
f 258 233 243
f 354 360 345
f 354 381 360
f 1026 991 307
f 268 312 259
f 1206 130 1080
f 116 105 73
f 139 148 166
f 275 312 268
f 188 401 187
f 2479 2459 2461
f 58 63 90
f 1064 1066 1164
f 1064 473 387
f 288 311 345
f 311 354 345
f 996 994 307
f 452 468 439
f 452 478 468
f 478 488 468
f 141 130 149
f 1564 1639 1563
f 547 41 57
f 2081 2107 2060
f 382 381 354
f 497 270 488
f 289 149 270
f 289 141 149
f 114 122 139
f 59 60 64
f 275 323 312
f 401 668 7
f 41 46 57
f 57 46 58
f 1459 1345 1269
f 1342 121 158
f 166 173 158
f 213 224 233
f 233 259 243
f 243 322 288
f 322 311 288
f 453 478 452
f 497 289 270
f 912 911 906
f 276 323 275
f 276 275 245
f 46 63 58
f 90 121 128
f 173 214 213
f 213 214 224
f 259 322 243
f 336 311 322
f 336 354 311
f 361 382 354
f 1043 439 1290
f 497 488 478
f 385 130 141
f 385 1080 130
f 144 190 143
f 535 41 547
f 121 166 158
f 335 336 322
f 354 336 361
f 2004 2481 1764
f 698 439 1043
f 289 140 141
f 923 1096 931
f 650 185 159
f 46 59 63
f 63 91 90
f 90 114 121
f 121 139 166
f 173 196 214
f 259 335 322
f 2478 2502 2434
f 312 337 336
f 90 91 114
f 114 139 121
f 166 196 173
f 224 234 233
f 234 259 233
f 259 312 335
f 1124 916 1189
f 542 541 530
f 462 479 290
f 269 783 276
f 813 567 641
f 276 783 788
f 82 1038 1333
f 816 701 703
f 672 137 603
f 625 635 624
f 2457 2439 1973
f 767 533 529
f 2468 1869 2480
f 662 190 639
f 711 720 719
f 630 639 614
f 161 654 638
f 781 991 982
f 1227 31 516
f 648 639 630
f 630 614 590
f 2098 544 1899
f 578 579 586
f 697 492 551
f 529 533 400
f 869 859 870
f 1732 924 914
f 1004 1027 991
f 801 591 603
f 636 676 651
f 876 949 965
f 2207 1789 1859
f 76 739 237
f 188 681 15
f 578 604 599
f 797 616 995
f 510 2035 1365
f 76 812 617
f 617 739 76
f 1468 93 1765
f 596 546 812
f 1457 1305 1477
f 760 197 150
f 671 773 765
f 586 609 604
f 591 700 632
f 476 2312 474
f 2084 2027 2489
f 582 590 571
f 1555 2449 1996
f 674 546 596
f 812 655 617
f 161 177 661
f 599 604 636
f 700 787 576
f 776 675 572
f 776 674 675
f 617 634 739
f 591 632 649
f 612 546 674
f 617 655 634
f 728 752 706
f 571 2311 2305
f 775 674 776
f 775 612 674
f 612 628 546
f 546 628 812
f 812 628 655
f 620 630 615
f 620 648 630
f 667 653 646
f 810 782 785
f 150 197 814
f 534 1517 2000
f 702 572 2378
f 748 776 572
f 655 613 634
f 911 917 905
f 648 679 662
f 727 771 713
f 750 807 799
f 639 190 144
f 662 679 200
f 702 748 572
f 775 776 748
f 628 718 655
f 626 658 645
f 791 778 790
f 612 811 628
f 613 514 634
f 1380 1756 1673
f 570 590 614
f 720 741 719
f 1074 795 835
f 614 639 144
f 612 775 811
f 718 735 655
f 655 735 613
f 798 338 788
f 636 652 676
f 571 590 555
f 528 730 687
f 690 702 2312
f 476 690 2312
f 811 718 628
f 721 778 727
f 748 702 690
f 735 686 613
f 1517 2002 2127
f 654 685 667
f 569 588 606
f 513 531 538
f 538 549 548
f 549 553 548
f 550 588 549
f 1903 869 870
f 691 775 748
f 691 600 775
f 600 811 775
f 811 563 718
f 563 736 718
f 718 736 735
f 736 647 735
f 735 647 686
f 686 745 613
f 745 514 613
f 569 606 605
f 654 667 638
f 851 857 847
f 588 569 549
f 690 691 748
f 680 514 745
f 2127 2002 2094
f 747 701 481
f 400 373 529
f 600 536 811
f 536 563 811
f 1306 227 1152
f 522 24 18
f 523 24 522
f 865 857 851
f 2031 2060 1540
f 767 701 747
f 618 652 609
f 652 636 609
f 573 22 710
f 642 699 730
f 1522 1518 2476
f 500 629 691
f 690 500 691
f 691 629 600
f 780 644 641
f 579 578 561
f 131 668 197
f 197 668 814
f 789 809 798
f 622 760 150
f 621 563 536
f 673 745 686
f 673 818 745
f 818 680 745
f 680 96 514
f 2495 2462 1028
f 1028 583 575
f 663 794 664
f 629 761 600
f 761 757 600
f 600 757 536
f 621 696 563
f 755 736 563
f 696 755 563
f 633 736 755
f 633 647 736
f 623 686 647
f 633 623 647
f 686 623 673
f 819 680 818
f 680 819 96
f 1729 1677 1096
f 2482 1899 2471
f 537 536 757
f 536 537 621
f 673 819 818
f 2428 222 230
f 25 24 523
f 25 557 24
f 38 25 19
f 710 22 272
f 663 759 794
f 1120 878 1195
f 537 696 621
f 696 633 755
f 822 2215 2220
f 97 96 1053
f 750 784 743
f 887 905 864
f 768 784 373
f 512 513 548
f 573 664 22
f 696 715 633
f 673 521 819
f 2454 2453 2445
f 883 887 847
f 306 812 76
f 642 528 759
f 798 809 235
f 994 792 998
f 587 626 586
f 1900 1918 1937
f 645 652 618
f 537 786 696
f 521 593 819
f 515 19 523
f 741 749 719
f 789 326 809
f 539 581 550
f 657 777 723
f 684 713 660
f 692 712 720
f 652 666 692
f 507 761 629
f 472 507 629
f 507 757 761
f 623 633 673
f 724 521 673
f 515 516 19
f 304 675 674
f 178 778 721
f 947 1447 2358
f 626 645 618
f 586 626 618
f 784 768 742
f 753 537 757
f 537 753 786
f 724 981 521
f 521 981 593
f 979 559 850
f 637 660 677
f 787 631 576
f 141 117 385
f 809 399 235
f 641 754 558
f 542 553 561
f 742 768 762
f 444 416 533
f 528 687 796
f 813 598 566
f 1490 1501 1557
f 753 757 507
f 786 715 696
f 633 724 673
f 2090 2062 2109
f 646 653 660
f 660 694 683
f 677 660 683
f 1872 839 838
f 1224 18 30
f 326 393 809
f 799 529 373
f 313 507 472
f 715 774 633
f 974 699 841
f 703 820 816
f 692 711 676
f 1014 355 766
f 875 752 1019
f 627 646 660
f 711 692 720
f 652 692 676
f 799 373 784
f 813 566 567
f 2462 2482 2475
f 764 644 780
f 1479 1924 1916
f 753 738 786
f 738 607 786
f 786 607 715
f 715 524 774
f 633 774 724
f 559 979 672
f 758 798 783
f 683 694 705
f 820 703 562
f 764 687 644
f 744 743 725
f 313 753 507
f 607 524 715
f 664 801 22
f 646 627 610
f 800 820 562
f 750 769 807
f 767 747 533
f 578 586 604
f 862 593 981
f 688 2382 1083
f 306 304 674
f 738 584 607
f 168 136 238
f 773 552 765
f 2473 2464 2458
f 773 793 552
f 626 619 658
f 1007 1139 1013
f 562 529 799
f 744 750 743
f 659 683 693
f 677 683 659
f 313 737 753
f 753 737 738
f 607 729 524
f 27 518 28
f 553 569 580
f 657 163 777
f 580 569 605
f 789 798 758
f 769 562 807
f 820 671 816
f 638 646 611
f 1074 598 644
f 750 799 784
f 1931 907 898
f 2483 2487 2461
f 737 584 738
f 1439 1438 1431
f 2098 1213 544
f 48 578 75
f 796 631 787
f 815 732 21
f 581 588 550
f 625 636 651
f 778 1011 810
f 693 705 725
f 693 683 705
f 236 1921 1966
f 584 729 607
f 2237 1866 2227
f 530 541 28
f 237 739 248
f 512 530 28
f 727 778 771
f 684 727 713
f 2237 2220 826
f 542 561 560
f 528 796 700
f 808 785 671
f 739 592 248
f 895 905 896
f 740 246 186
f 272 137 979
f 770 769 744
f 712 742 720
f 1213 2026 544
f 1888 1235 2438
f 555 554 2311
f 737 313 1192
f 1585 1612 1611
f 695 721 685
f 518 17 28
f 769 770 562
f 719 749 740
f 648 669 679
f 773 657 723
f 606 637 619
f 2072 2062 2042
f 606 619 626
f 549 569 553
f 161 638 611
f 910 917 942
f 917 1103 942
f 991 1026 992
f 979 137 672
f 785 163 657
f 710 2488 2472
f 611 581 119
f 808 671 820
f 1820 1900 1870
f 759 700 591
f 637 677 619
f 2494 2490 2463
f 671 765 816
f 687 764 780
f 1019 992 1026
f 1726 1719 987
f 713 771 694
f 51 2355 78
f 510 526 525
f 525 526 1249
f 526 33 1249
f 2311 554 2335
f 827 848 840
f 603 591 649
f 758 269 740
f 1595 1612 1586
f 1694 1048 1699
f 682 740 186
f 22 801 603
f 555 570 554
f 1053 110 97
f 615 582 601
f 814 668 188
f 725 705 744
f 528 700 759
f 640 648 620
f 703 701 562
f 886 892 582
f 631 731 576
f 1087 1835 1747
f 882 864 895
f 956 950 1103
f 1502 2500 2470
f 205 190 200
f 815 878 616
f 616 878 995
f 1183 878 815
f 1601 1827 881
f 527 535 526
f 2184 2183 2175
f 1142 1125 1133
f 235 338 798
f 160 339 792
f 599 92 75
f 598 1116 566
f 631 558 731
f 771 770 744
f 730 528 642
f 841 699 642
f 668 401 188
f 510 527 526
f 749 758 740
f 706 721 695
f 694 726 705
f 694 744 726
f 906 911 905
f 661 695 161
f 708 815 616
f 535 547 33
f 794 759 591
f 778 808 790
f 269 758 783
f 771 744 694
f 800 808 820
f 571 886 582
f 854 948 1010
f 906 905 887
f 625 651 635
f 2000 1226 534
f 2140 1504 2016
f 601 620 615
f 620 601 640
f 648 640 669
f 698 452 439
f 671 785 657
f 1561 2356 545
f 685 653 667
f 685 727 684
f 568 616 797
f 708 732 815
f 93 229 339
f 865 851 839
f 942 1103 950
f 589 614 125
f 606 610 627
f 951 834 873
f 92 599 625
f 1878 830 1902
f 2482 2098 1899
f 568 708 616
f 708 551 732
f 2434 2487 2483
f 160 964 665
f 2316 2391 2309
f 762 758 749
f 570 614 589
f 888 897 883
f 2000 1517 1388
f 685 721 727
f 588 610 606
f 653 685 684
f 651 650 635
f 760 1151 6
f 793 622 150
f 651 676 650
f 744 769 750
f 541 542 560
f 476 500 690
f 473 1064 1057
f 561 578 560
f 636 625 599
f 876 995 949
f 829 856 846
f 682 704 740
f 791 790 770
f 2466 2500 2460
f 579 587 586
f 1352 1208 1095
f 1684 1479 1916
f 604 609 636
f 751 721 706
f 810 608 782
f 672 603 649
f 475 447 476
f 794 591 801
f 682 186 650
f 808 800 790
f 644 598 813
f 704 719 740
f 1011 608 810
f 1192 584 737
f 687 780 796
f 2337 474 2312
f 638 667 646
f 706 1186 728
f 733 575 568
f 595 551 708
f 595 540 551
f 1308 501 1852
f 665 339 160
f 527 2447 535
f 558 9 731
f 723 793 773
f 660 713 694
f 693 725 666
f 562 767 529
f 550 538 531
f 2267 2287 2233
f 996 964 160
f 2068 2470 2466
f 704 711 719
f 741 762 749
f 605 606 626
f 548 542 530
f 995 878 709
f 1898 1684 1916
f 778 791 771
f 782 163 785
f 789 758 762
f 857 883 847
f 733 970 1028
f 838 829 825
f 2447 511 535
f 22 603 137
f 705 726 744
f 605 587 580
f 512 548 530
f 743 784 742
f 790 800 770
f 778 810 808
f 1014 998 355
f 708 568 595
f 656 697 551
f 540 656 551
f 143 125 614
f 1000 1020 983
f 778 178 1011
f 676 704 682
f 637 627 660
f 606 627 637
f 701 552 481
f 808 810 785
f 590 570 555
f 716 595 568
f 2355 2335 554
f 912 1729 911
f 1076 1456 1546
f 697 68 492
f 676 711 704
f 839 851 838
f 1028 575 733
f 1020 844 982
f 716 568 575
f 844 781 982
f 1238 2156 2034
f 553 580 561
f 580 579 561
f 452 461 453
f 560 578 48
f 564 540 595
f 632 656 540
f 564 632 540
f 75 578 599
f 518 27 535
f 511 518 535
f 783 798 788
f 642 759 663
f 720 742 741
f 605 626 587
f 580 587 579
f 725 712 666
f 562 701 767
f 1729 923 911
f 712 743 742
f 619 677 658
f 161 695 654
f 770 800 562
f 2084 2489 2472
f 575 559 716
f 716 564 595
f 654 695 685
f 843 855 2064
f 34 731 9
f 527 510 1973
f 723 622 793
f 992 1726 987
f 693 666 652
f 2472 853 573
f 624 159 148
f 671 657 773
f 681 188 498
f 797 970 733
f 565 656 632
f 565 697 656
f 565 731 697
f 1949 951 920
f 85 111 84
f 662 200 190
f 44 324 754
f 33 547 40
f 658 693 652
f 658 652 645
f 664 794 801
f 666 712 692
f 639 648 662
f 611 646 610
f 850 559 575
f 1447 2490 1106
f 1972 1955 1935
f 582 615 590
f 66 581 539
f 780 641 631
f 796 780 631
f 1049 1192 83
f 1348 13 1519
f 799 807 562
f 581 611 588
f 687 795 644
f 663 8 642
f 1936 1972 1935
f 650 676 682
f 615 630 590
f 730 795 687
f 742 762 741
f 548 553 542
f 1048 1692 1074
f 658 659 693
f 37 52 30
f 611 610 588
f 649 632 564
f 565 576 731
f 2138 922 1058
f 1204 854 965
f 725 743 712
f 644 813 641
f 660 653 684
f 771 791 770
f 644 795 1074
f 469 480 681
f 559 672 564
f 716 559 564
f 672 649 564
f 2161 1378 2171
f 474 475 476
f 816 765 701
f 765 552 701
f 513 538 548
f 754 324 107
f 609 586 618
f 25 523 19
f 677 659 658
f 689 452 698
f 1334 1115 1353
f 700 565 632
f 700 576 565
f 481 552 793
f 763 901 2458
f 550 549 538
f 781 964 996
f 1596 1634 1595
f 198 916 1124
f 198 1124 341
f 842 973 1025
f 842 1025 836
f 1009 1024 934
f 573 710 2472
f 1100 971 1002
f 1501 1081 1557
f 1225 1219 955
f 413 2138 284
f 955 1630 522
f 341 1124 301
f 2333 2376 2350
f 1107 218 284
f 398 925 1513
f 1513 1442 1495
f 1935 1455 1744
f 1723 1935 1744
f 825 1872 838
f 1495 1442 1496
f 963 1024 1009
f 1511 1514 966
f 1775 1729 912
f 688 262 1067
f 714 1007 1512
f 919 1732 914
f 2319 2331 2304
f 2400 2407 2391
f 1674 2164 1780
f 843 927 899
f 1660 988 1188
f 1067 262 1640
f 1381 1109 1483
f 1437 1381 1483
f 2495 1010 948
f 1514 1289 1313
f 899 374 961
f 1438 1430 1422
f 1634 1095 1632
f 2487 973 2461
f 1003 499 874
f 849 848 827
f 1430 1462 1453
f 2496 2084 2471
f 909 10 980
f 730 927 835
f 2031 1540 1536
f 831 849 2178
f 881 834 951
f 1841 1722 1803
f 1005 670 1020
f 1021 670 1005
f 1869 2059 2467
f 903 902 1939
f 2476 2502 1651
f 853 8 573
f 1850 831 2178
f 934 746 247
f 934 65 746
f 301 285 1077
f 968 944 977
f 970 2495 1028
f 974 2465 374
f 899 927 374
f 1882 1898 1916
f 1613 1634 1596
f 909 833 1396
f 2492 247 1003
f 919 914 1931
f 1459 1299 1458
f 1634 1632 1633
f 844 670 228
f 2494 2497 2467
f 901 973 2487
f 228 1772 734
f 1701 1709 1666
f 963 574 1024
f 847 864 856
f 1730 1736 2239
f 870 859 848
f 2074 2111 2103
f 1140 1590 1483
f 927 730 974
f 2103 978 2074
f 756 1745 1718
f 848 859 840
f 1296 1482 1320
f 2331 51 66
f 1067 988 962
f 1396 833 1445
f 1001 1005 1000
f 901 1009 973
f 1099 1077 817
f 933 944 936
f 952 958 1828
f 988 1660 986
f 833 1067 1445
f 1067 1640 988
f 218 413 284
f 1843 180 347
f 1846 1708 1798
f 2469 2477 855
f 1006 1021 1005
f 381 382 250
f 2369 828 531
f 968 977 1001
f 2460 1949 779
f 1194 1441 1115
f 1001 1000 968
f 756 678 1745
f 963 1009 901
f 2471 2084 2472
f 841 642 8
f 982 991 1027
f 670 844 1020
f 1289 1514 945
f 869 904 890
f 1161 1115 1639
f 823 2178 849
f 746 12 499
f 263 428 2366
f 1685 1075 1692
f 1002 926 806
f 1799 1755 216
f 944 968 993
f 943 944 993
f 31 38 19
f 531 828 550
f 1501 1078 1081
f 1921 1149 431
f 936 943 932
f 1660 1489 1412
f 301 980 285
f 903 918 902
f 869 890 868
f 890 903 867
f 1003 746 499
f 951 1949 2500
f 990 841 853
f 1595 1634 1611
f 374 927 974
f 836 1025 247
f 1653 1652 1638
f 1303 1545 1142
f 1616 1631 1638
f 1629 1546 1628
f 936 932 913
f 513 506 531
f 868 890 867
f 2330 2369 2353
f 924 918 914
f 907 914 904
f 1258 1421 1267
f 301 939 980
f 1472 1482 1296
f 868 867 859
f 472 491 313
f 272 519 2488
f 1471 1472 1296
f 1025 934 247
f 1634 1633 1611
f 2176 1847 2177
f 1310 1289 806
f 924 933 918
f 1969 1968 902
f 2107 2128 2118
f 1428 1436 1287
f 1139 1564 1617
f 2378 572 2384
f 853 841 8
f 2501 961 2465
f 1221 1240 1408
f 1069 1578 1627
f 1006 1005 1001
f 1617 1564 1578
f 828 539 550
f 1791 2168 2160
f 1829 1718 1739
f 1968 1939 902
f 756 1718 665
f 1998 2000 1388
f 2451 545 2356
f 178 997 1011
f 1275 325 1270
f 1709 872 1666
f 2176 1959 1847
f 944 943 936
f 2424 518 511
f 1445 1067 962
f 2007 952 1828
f 2052 2061 2081
f 828 2303 539
f 835 1699 1048
f 1709 1706 872
f 885 574 963
f 1318 1296 1320
f 859 867 1902
f 1452 1448 1421
f 943 993 976
f 993 1000 983
f 854 1010 876
f 988 986 962
f 2031 2052 2081
f 924 1732 1828
f 965 949 1060
f 781 228 734
f 1718 1765 665
f 943 976 932
f 1680 1794 1783
f 1448 1471 1276
f 1276 1267 1421
f 1931 914 907
f 991 781 996
f 1276 1421 1448
f 10 909 1396
f 831 860 849
f 1523 1762 1774
f 924 1828 937
f 307 994 1014
f 946 963 901
f 978 2103 977
f 977 1006 1001
f 1007 1161 1639
f 1639 1294 1437
f 885 1032 574
f 1294 1381 1437
f 733 568 797
f 792 229 1112
f 119 581 108
f 843 835 927
f 1889 860 831
f 2211 2216 2204
f 2400 2431 2422
f 2103 1006 977
f 840 1902 830
f 827 840 830
f 827 830 822
f 1003 874 2492
f 1432 1439 1431
f 781 734 964
f 1937 1936 1723
f 918 913 902
f 958 977 944
f 1850 2178 2177
f 1005 1020 1000
f 991 996 307
f 1396 1445 340
f 2179 1763 889
f 939 909 980
f 1828 958 937
f 978 977 958
f 1590 1571 1563
f 779 1949 920
f 1551 1362 1573
f 2103 2142 1006
f 920 885 963
f 946 920 963
f 1584 1616 1583
f 1453 1472 1452
f 1647 1617 1578
f 1578 1564 1627
f 1628 938 1069
f 869 868 859
f 993 983 976
f 912 1762 1775
f 752 751 706
f 1628 1546 938
f 844 228 781
f 840 859 1902
f 898 907 904
f 1025 973 1009
f 663 664 573
f 763 946 901
f 898 904 869
f 2172 889 1763
f 1128 926 971
f 860 848 849
f 904 903 890
f 2486 2459 2479
f 577 782 608
f 933 936 918
f 2177 1847 1851
f 665 1765 339
f 937 958 944
f 894 981 724
f 968 1000 993
f 2192 2195 2205
f 1652 1099 817
f 997 608 1011
f 997 577 608
f 577 163 782
f 1112 998 792
f 2177 1851 1850
f 1257 1421 1258
f 951 873 920
f 822 830 2215
f 1899 2496 2471
f 1773 1668 1558
f 904 914 903
f 932 1671 913
f 873 885 920
f 1013 1617 1647
f 873 1032 885
f 894 862 981
f 2469 855 961
f 913 1671 1969
f 2477 2064 855
f 918 936 913
f 860 870 848
f 937 944 933
f 1501 1013 1647
f 824 178 751
f 824 997 178
f 824 577 997
f 643 163 577
f 863 856 882
f 2128 2153 2134
f 722 774 880
f 722 894 774
f 864 905 895
f 850 575 583
f 914 918 903
f 924 937 933
f 1501 717 1013
f 1587 1324 928
f 717 1512 1013
f 602 577 824
f 766 643 577
f 894 709 862
f 709 878 862
f 976 975 932
f 1324 1596 928
f 880 524 1060
f 2434 2459 2499
f 1324 1613 1596
f 752 824 751
f 602 766 577
f 1014 602 594
f 1387 1226 2152
f 2153 1387 2152
f 669 930 950
f 1710 1694 1699
f 768 326 762
f 582 892 601
f 974 990 2465
f 624 116 625
f 835 795 730
f 2458 2484 763
f 989 602 824
f 2064 2477 1710
f 976 983 975
f 949 722 880
f 996 160 994
f 2305 863 556
f 556 863 886
f 601 910 640
f 2264 825 829
f 989 824 752
f 856 864 882
f 1595 1586 2381
f 1627 1629 1628
f 2174 2180 2173
f 2128 2134 2118
f 137 272 22
f 949 880 1060
f 995 894 722
f 894 995 709
f 894 724 774
f 886 895 892
f 640 910 930
f 871 870 860
f 846 856 863
f 1026 875 1019
f 838 851 829
f 1024 1171 934
f 36 189 205
f 863 882 886
f 886 882 895
f 875 1026 594
f 52 1459 1269
f 896 917 910
f 1025 1009 934
f 949 995 722
f 2152 1226 1636
f 895 896 892
f 892 910 601
f 942 950 930
f 875 989 752
f 594 602 989
f 766 355 643
f 355 260 643
f 905 917 896
f 965 1060 1162
f 892 896 910
f 1101 1052 1042
f 1029 1031 834
f 1101 1133 1118
f 342 357 376
f 516 515 2454
f 1656 2494 2467
f 1056 1303 1133
f 1120 1130 862
f 69 342 376
f 1055 1056 1133
f 499 69 165
f 85 101 111
f 1031 1032 834
f 200 679 1166
f 1031 1042 1032
f 1171 65 934
f 1822 1204 1177
f 1096 956 1103
f 514 96 97
f 956 1145 1144
f 1185 1166 1144
f 1145 1185 1144
f 1185 200 1166
f 375 132 1041
f 1153 1202 305
f 32 1244 1249
f 1096 1087 956
f 554 78 2355
f 1191 138 110
f 65 35 432
f 1087 1110 956
f 1110 1146 956
f 956 1146 1145
f 1146 1156 1145
f 1145 1156 1185
f 950 956 1144
f 2481 2495 948
f 1156 1193 1185
f 1050 1047 1051
f 239 151 107
f 1185 1193 36
f 1747 1110 1087
f 1134 1146 1110
f 1146 1157 1156
f 1156 1157 1193
f 1041 1045 1034
f 1397 1134 1110
f 1157 1146 1134
f 1157 1175 1193
f 1193 199 36
f 1090 1035 1196
f 1456 1150 1051
f 1175 199 1193
f 1186 695 199
f 1186 199 1175
f 1175 1157 1134
f 728 1186 1175
f 197 760 6
f 1130 593 862
f 1167 1109 182
f 1194 1115 1161
f 2140 1928 1504
f 921 922 2138
f 1147 1134 1397
f 1719 1147 1397
f 1147 1175 1134
f 1175 1147 728
f 341 1654 1208
f 754 151 9
f 284 2138 1058
f 1188 1557 1660
f 1191 110 1053
f 916 284 1189
f 284 1058 1189
f 2094 1465 2127
f 1726 1019 1147
f 1147 1019 728
f 593 1130 96
f 239 305 1038
f 1036 1131 315
f 397 1131 1120
f 1053 96 1130
f 2467 2485 1869
f 517 1089 421
f 834 1827 1029
f 419 1047 1117
f 1034 433 1306
f 2239 1862 1730
f 1453 1462 1472
f 1408 1422 1399
f 471 23 1111
f 1205 1150 1456
f 1205 1040 1150
f 1131 1036 293
f 293 1068 1044
f 375 1041 138
f 1205 1140 1046
f 1040 1205 1046
f 1140 1167 1046
f 1104 1049 83
f 1052 1085 1032
f 1044 1068 1191
f 1167 1483 1109
f 208 1084 1035
f 1040 132 375
f 1834 20 3
f 1050 1051 1070
f 1133 1125 1174
f 11 1440 1401
f 420 208 1071
f 1135 1079 1094
f 1086 1101 1118
f 1029 1030 1031
f 1200 1061 294
f 1191 1068 138
f 1171 1141 65
f 1141 1172 65
f 1172 35 65
f 1172 404 35
f 404 99 35
f 221 1104 1063
f 802 398 1083
f 20 1089 3
f 2064 1699 835
f 1042 1052 1032
f 1433 1261 1432
f 1323 2338 155
f 1076 1205 1456
f 1088 1402 1056
f 1150 348 1070
f 1200 1089 20
f 1097 1162 100
f 1032 873 834
f 21 471 1111
f 294 1097 1104
f 1072 100 584
f 1151 760 622
f 132 1045 1041
f 1050 1070 1135
f 1088 1039 940
f 650 159 635
f 100 1170 729
f 729 584 100
f 1103 931 1096
f 925 1443 1513
f 138 1102 110
f 1034 1306 1152
f 1071 1035 1090
f 100 1072 1097
f 23 1158 315
f 1068 375 138
f 1586 1612 1585
f 1819 1030 1029
f 1041 1034 1102
f 232 375 1068
f 348 1079 1070
f 1061 1097 294
f 1513 1443 1442
f 1200 294 1119
f 376 1050 1062
f 1094 1036 315
f 1200 1119 1089
f 1111 1183 21
f 1044 1191 1053
f 698 295 689
f 1079 232 1036
f 404 1117 99
f 1495 1496 717
f 1119 294 98
f 3 1089 517
f 1132 1063 83
f 1132 83 175
f 132 1046 182
f 1111 1195 1183
f 1131 1044 1037
f 127 402 1804
f 219 1272 1047
f 1697 1135 1094
f 2140 1854 2117
f 1111 397 1195
f 1177 1162 1097
f 1061 1177 1097
f 717 1509 714
f 2 1300 433
f 462 290 461
f 98 294 221
f 294 1104 221
f 714 1161 1007
f 1073 1152 1143
f 1697 1094 1360
f 1223 1423 1218
f 836 2479 842
f 1097 1072 1049
f 348 1040 375
f 3 517 316
f 180 1061 1201
f 348 375 232
f 1432 1431 1415
f 220 1513 1495
f 1104 1097 1049
f 306 674 596
f 777 455 723
f 2170 2151 1641
f 1047 419 219
f 1102 1034 1073
f 1073 1034 1152
f 1035 1054 1196
f 1177 1204 1162
f 746 65 12
f 751 178 721
f 1054 517 421
f 1051 1150 1070
f 1102 1073 110
f 998 1136 355
f 567 566 1163
f 1111 315 397
f 1048 1074 835
f 1158 1094 315
f 1374 1107 1252
f 1112 1136 998
f 472 629 500
f 355 1136 260
f 260 118 43
f 1104 83 1063
f 376 357 1050
f 1463 1142 1545
f 1036 232 293
f 1030 1042 1031
f 1079 348 232
f 221 1063 1132
f 1094 1079 1036
f 1076 1629 1205
f 1136 1197 260
f 260 1197 118
f 1204 965 1162
f 293 232 1068
f 1590 1205 1629
f 1205 1590 1140
f 250 382 392
f 1296 1318 1311
f 347 1201 20
f 1201 1200 20
f 132 182 1045
f 1101 1086 1052
f 1033 1039 1055
f 138 1041 1102
f 970 1010 2495
f 455 777 43
f 1992 1948 2023
f 20 1834 347
f 1072 584 1049
f 584 1192 1049
f 182 2 1045
f 1163 324 44
f 1360 1094 1158
f 1450 1360 1158
f 1091 1112 229
f 509 723 455
f 207 509 455
f 1251 1257 1266
f 1488 1489 1547
f 2157 1541 1875
f 305 107 324
f 1045 2 433
f 1070 1079 1135
f 1136 1168 1197
f 1197 359 118
f 118 359 43
f 359 356 43
f 356 455 43
f 356 207 455
f 1240 1422 1408
f 1163 1153 324
f 1201 1061 1200
f 1052 1086 1085
f 1024 1141 1171
f 1112 1105 1136
f 1050 1135 1062
f 1105 1168 1136
f 1168 1178 1197
f 1197 1178 359
f 1173 404 1172
f 465 356 359
f 1174 1125 240
f 1240 1431 1422
f 1098 1113 1105
f 1112 1098 1105
f 1105 1178 1168
f 1178 465 359
f 1091 1098 1112
f 1133 1174 1118
f 98 221 1059
f 487 1132 175
f 980 1017 285
f 465 207 356
f 180 1201 347
f 1060 524 1170
f 445 127 316
f 1431 1438 1422
f 498 469 681
f 940 1807 1759
f 381 250 1290
f 1113 1122 1105
f 1105 1122 1178
f 1151 509 207
f 1236 2035 525
f 1131 293 1044
f 346 207 465
f 346 1151 207
f 1822 1796 1204
f 1143 204 97
f 123 1128 971
f 2153 2152 2134
f 126 1151 346
f 517 445 316
f 1450 1158 23
f 1458 1462 1430
f 1129 152 1182
f 1122 1159 1178
f 1178 1198 465
f 79 346 465
f 126 1155 1151
f 1151 1155 6
f 295 1129 689
f 1073 1143 97
f 1098 1123 1113
f 1113 1123 1122
f 1123 1169 1122
f 1178 1159 1198
f 1198 79 465
f 392 383 152
f 1822 1061 180
f 116 92 625
f 421 1089 1119
f 1129 295 152
f 110 1073 97
f 1173 1172 1141
f 1122 1169 1159
f 79 126 346
f 1155 181 6
f 971 926 1002
f 295 1043 152
f 1039 1088 1056
f 1428 1266 1436
f 404 419 1117
f 836 879 2479
f 2464 2476 2458
f 1198 317 79
f 1124 939 301
f 44 754 567
f 1039 1056 1055
f 1439 1459 1458
f 1660 1412 986
f 1169 1160 1159
f 179 1155 126
f 1155 131 181
f 1061 1822 1177
f 1153 305 324
f 175 314 327
f 1160 1187 1159
f 1159 1187 1198
f 1198 1187 317
f 79 179 126
f 1043 250 392
f 152 1043 392
f 96 819 593
f 1123 1127 1169
f 317 179 79
f 1057 1155 179
f 1155 391 131
f 131 391 668
f 2381 1586 1585
f 12 69 499
f 262 398 1640
f 2107 2118 2060
f 2130 2094 2002
f 1187 249 317
f 1155 1057 391
f 1290 439 1265
f 305 239 107
f 1127 1160 1169
f 317 473 179
f 473 1057 179
f 83 1192 314
f 1043 1290 250
f 1807 940 1030
f 517 1084 445
f 1057 1164 391
f 2492 2480 2493
f 163 643 43
f 1056 1545 1303
f 1069 1655 1023
f 249 473 317
f 1162 1060 1170
f 1086 1118 1154
f 82 68 16
f 1989 1990 1536
f 1633 1632 1611
f 1487 2372 1305
f 1494 1069 1023
f 1137 1160 1127
f 669 1166 679
f 390 1285 426
f 1955 1972 1971
f 1219 1223 2437
f 1254 1261 1223
f 1319 1545 1056
f 1320 1328 2443
f 1261 1433 1223
f 1219 1254 1223
f 254 222 2428
f 1237 1290 1265
f 1284 1273 1263
f 1277 1291 1301
f 1314 102 1301
f 1280 363 377
f 1313 1353 1514
f 468 451 439
f 1918 1964 1956
f 2026 29 2140
f 1354 381 1279
f 1224 30 1254
f 147 158 173
f 1247 1253 274
f 1271 380 334
f 2043 2072 2042
f 274 300 267
f 1356 1392 211
f 13 240 1142
f 1382 1330 1392
f 1312 1323 155
f 240 1125 1142
f 2358 1573 1362
f 1236 1249 1244
f 1272 219 1348
f 1271 1274 380
f 191 2034 1982
f 1992 2052 1990
f 462 452 689
f 2262 2286 2261
f 183 489 1642
f 2485 2480 1869
f 84 111 1323
f 1190 353 1354
f 446 434 435
f 1336 171 1341
f 2021 430 2059
f 862 878 1120
f 1263 1273 1248
f 1966 1921 2144
f 1312 84 1323
f 240 13 1348
f 1359 1274 1271
f 1392 1330 1247
f 1520 1333 11
f 1368 1253 1247
f 1279 1285 1190
f 2465 990 2489
f 1272 1519 805
f 1369 1272 805
f 1317 95 1344
f 1242 1248 1234
f 1368 242 1363
f 274 1262 1386
f 532 597 1886
f 2117 2026 2140
f 1392 1247 274
f 2162 508 985
f 1964 1469 1965
f 1315 104 1331
f 1392 1356 1382
f 128 1342 1336
f 1285 427 426
f 1219 1224 1254
f 1320 1322 1321
f 1320 1321 1328
f 153 2443 1328
f 1321 153 1328
f 1235 1244 1243
f 1225 1224 1219
f 1359 353 1190
f 1312 1473 1458
f 1336 1342 147
f 305 1333 1038
f 1336 147 171
f 516 31 19
f 2479 2461 842
f 1237 1265 427
f 1263 1278 1284
f 881 1827 834
f 1237 427 1285
f 1299 1312 1458
f 1190 1285 1274
f 1363 286 1253
f 2330 2303 828
f 427 442 426
f 2493 2463 2492
f 1285 380 1274
f 522 18 1225
f 2471 2472 2488
f 2338 154 1321
f 1423 1415 1218
f 1225 18 1224
f 1253 286 1262
f 286 353 1359
f 171 1368 1383
f 1273 54 1234
f 1973 2447 527
f 1322 155 1321
f 1203 1369 1413
f 1307 363 1298
f 1364 1375 1329
f 1329 227 1306
f 296 1298 1343
f 947 2499 1447
f 1203 1047 1272
f 1098 1748 1123
f 1519 1272 1348
f 1277 70 1273
f 1282 1337 1361
f 286 302 353
f 103 104 1315
f 1377 435 434
f 1449 1261 1345
f 926 1310 806
f 1263 1248 1242
f 985 508 597
f 1415 1222 1218
f 88 1325 104
f 170 111 156
f 1384 1282 1361
f 274 1253 1262
f 1371 1317 1344
f 1371 1366 1337
f 1345 1459 1449
f 171 1383 1341
f 2438 1235 1227
f 2134 1582 2118
f 428 1260 1379
f 1336 1341 1325
f 1235 1242 1227
f 1228 1687 2284
f 1854 2140 2016
f 1866 1887 1873
f 1343 1298 1370
f 1384 1361 2440
f 171 242 1368
f 1344 1309 1366
f 1371 1344 1366
f 1280 1377 1293
f 200 1185 205
f 1330 1383 1368
f 1255 1264 1263
f 543 1367 1876
f 1343 1370 1260
f 1293 1326 1370
f 2440 1361 1302
f 1282 1384 2406
f 271 1337 1282
f 170 2338 1323
f 1528 1503 2470
f 515 1347 2453
f 1997 1705 1998
f 2285 1228 2284
f 1229 1250 1228
f 1330 1368 1247
f 1919 1619 2045
f 1344 1364 1335
f 1222 1240 1221
f 1212 858 1741
f 2388 1222 1221
f 1528 2470 2068
f 501 1308 2171
f 1295 1311 1487
f 2116 1619 1655
f 1220 1229 1228
f 8 663 573
f 1343 1260 428
f 1337 1366 1361
f 1298 1280 1293
f 1269 1345 1261
f 1279 381 1290
f 1230 1229 1220
f 1230 1245 1229
f 1245 1250 1229
f 1227 1234 31
f 1302 1361 1350
f 1245 1266 1428
f 1992 2023 2052
f 2482 2471 2475
f 452 462 461
f 271 1282 1275
f 1991 1989 1934
f 1366 1309 1350
f 1344 1335 1309
f 730 699 974
f 1374 1252 1208
f 597 508 1912
f 1363 1253 1368
f 1386 1271 300
f 1211 1218 1222
f 1376 1377 434
f 2399 2437 1211
f 1284 1291 1277
f 1230 1251 1245
f 1251 1266 1245
f 1317 1371 1337
f 1288 1286 1095
f 1095 1286 1352
f 1241 1208 1352
f 1241 1374 1208
f 1284 1278 1291
f 211 1392 267
f 1344 1375 1364
f 929 583 1028
f 1361 1366 1350
f 1115 1294 1639
f 1291 103 1301
f 1220 1231 1230
f 1231 1251 1230
f 1234 1248 1273
f 1255 55 1264
f 1360 1450 1702
f 363 1280 1298
f 1369 1203 1272
f 1415 1240 1222
f 1216 1231 1220
f 1243 1263 1235
f 1375 227 1329
f 1264 1278 1263
f 855 899 961
f 1286 1241 1352
f 2081 2128 2107
f 1223 1433 1423
f 1473 1312 155
f 154 153 1321
f 1377 1376 1293
f 1392 274 267
f 334 300 1271
f 1955 1991 1934
f 1613 1327 1288
f 1327 1286 1288
f 1349 1374 1241
f 2370 2025 2367
f 1315 1331 133
f 434 446 1256
f 1232 1251 1231
f 1243 1244 1255
f 1286 1304 1241
f 1349 1107 1374
f 1359 1271 1386
f 1227 516 2431
f 219 240 1348
f 1270 271 1275
f 1255 1263 1243
f 2026 1926 29
f 1683 2157 1212
f 1326 1293 1376
f 1255 32 55
f 104 1325 1341
f 519 2462 2475
f 2154 2161 2137
f 1376 434 1246
f 1246 434 1256
f 1257 1251 1232
f 1262 1359 1386
f 2195 2192 2186
f 1308 534 1226
f 2026 2117 544
f 1327 1613 1324
f 1327 1326 1286
f 1286 1326 1304
f 104 1341 1331
f 774 524 880
f 837 1517 534
f 1127 1123 1567
f 1279 1237 1285
f 1297 1381 1294
f 1217 1232 1216
f 1142 1519 13
f 1436 1267 1287
f 1324 1372 1327
f 1304 1246 1241
f 1246 1349 1241
f 1246 1373 1349
f 286 1359 1262
f 1382 1383 1330
f 1284 1277 1273
f 489 1998 1799
f 1675 1116 1075
f 106 1317 1337
f 1311 1295 1281
f 1292 1364 1329
f 1335 1364 1292
f 1334 1294 1115
f 1334 1297 1294
f 1300 1381 1297
f 973 842 2461
f 1217 1239 1232
f 1232 1239 1257
f 1258 1267 1436
f 1359 1190 1274
f 1862 1405 1877
f 1372 1339 1327
f 1339 1326 1327
f 1373 1351 1349
f 1276 1311 1281
f 1256 2386 1351
f 2 1109 1300
f 482 1731 520
f 803 1604 2022
f 1223 1218 1211
f 1341 1383 1382
f 1298 1293 1370
f 1190 1354 1279
f 1324 2398 1372
f 1714 1700 2173
f 183 2000 489
f 1701 1666 192
f 1227 1242 1234
f 1332 1289 1310
f 1517 2005 2130
f 1331 1341 1382
f 525 1249 1236
f 23 1268 1450
f 1264 1291 1278
f 1281 1287 1267
f 1295 1305 1287
f 1281 1295 1287
f 1487 1305 1295
f 1605 2097 2058
f 1326 1376 1304
f 1304 1376 1246
f 1316 1919 1984
f 2500 1949 2460
f 1332 1313 1289
f 2189 2181 2177
f 1335 1334 1353
f 1292 1297 1334
f 1428 1250 1245
f 969 958 952
f 1217 1233 1239
f 1233 1257 1239
f 1876 1367 1338
f 1379 1260 1372
f 1372 1260 1339
f 1128 1302 1310
f 1310 1302 1332
f 1335 1353 1313
f 1292 1334 1335
f 1297 1329 1300
f 1279 1290 1237
f 1301 103 1314
f 70 1301 102
f 23 1333 1268
f 380 1285 390
f 772 325 1275
f 1314 103 1315
f 2473 2458 2487
f 1276 1281 1267
f 1344 95 1375
f 2053 1771 1572
f 1246 1256 1373
f 1373 1256 1351
f 1340 1302 1128
f 1350 1313 1332
f 1329 1297 1292
f 2434 2473 2487
f 106 1337 271
f 23 471 1333
f 622 723 509
f 1388 1517 2127
f 1991 1990 1989
f 183 1636 1226
f 2133 1605 2151
f 1260 1370 1339
f 1339 1370 1326
f 867 1894 1902
f 390 426 412
f 1235 1263 1242
f 1399 1422 1233
f 305 11 1333
f 1300 1329 1306
f 1302 1350 1332
f 1350 1309 1313
f 1309 1335 1313
f 2470 2102 1502
f 1787 1531 1599
f 1724 1725 1691
f 1827 1601 1927
f 1678 1358 1476
f 1823 1812 1846
f 1805 1824 1708
f 1746 1676 1797
f 325 2395 429
f 1835 1677 1826
f 1507 1790 1722
f 1526 1672 858
f 158 147 1342
f 1462 1473 1322
f 1474 1414 1565
f 1761 1900 1877
f 940 1759 1008
f 1565 1015 1008
f 1924 1533 1933
f 1878 826 830
f 1565 1414 1015
f 1402 1088 1008
f 1538 1532 1651
f 1015 1552 1008
f 1538 1591 1474
f 1532 1538 1474
f 1474 1591 1414
f 1484 1402 1008
f 1552 1484 1008
f 1414 1460 1015
f 1015 1460 1552
f 806 1289 945
f 1597 1538 1659
f 1484 1319 1402
f 1056 1402 1319
f 1538 1597 1591
f 1591 960 1414
f 1414 960 1460
f 1925 1466 1455
f 1552 1400 1484
f 1484 1400 1319
f 1400 113 1319
f 1597 1580 1591
f 1460 1400 1552
f 1514 1441 966
f 1597 1659 1409
f 1657 113 1400
f 1460 1657 1400
f 1288 1095 1634
f 1551 1597 1409
f 1580 1598 1591
f 1591 1598 960
f 1536 1990 2031
f 960 1657 1460
f 1809 1746 1797
f 1423 1433 1432
f 2478 1362 1409
f 1463 1545 113
f 1657 1463 113
f 1457 1287 1305
f 1682 1716 1746
f 1434 1761 1885
f 1013 1139 1617
f 2379 1362 2478
f 1420 1597 1551
f 1420 1580 1597
f 1664 1808 1712
f 2256 2250 2231
f 1362 1551 1409
f 2196 2214 2213
f 1691 1725 1777
f 1626 192 1666
f 1534 1574 2058
f 1574 1600 1605
f 1600 1606 1605
f 1606 1641 1605
f 1573 1420 1551
f 1657 1485 1463
f 678 1806 1742
f 1534 1553 1574
f 1574 1575 1600
f 1810 2170 585
f 1623 1641 1606
f 1407 1657 960
f 1598 1407 960
f 1485 1142 1463
f 1716 1581 1676
f 1738 1743 1733
f 843 2064 835
f 1539 1575 1574
f 1553 1539 1574
f 1575 1592 1600
f 1592 1624 1606
f 1600 1592 1606
f 1642 585 1641
f 1623 1642 1641
f 1485 164 1142
f 1738 1516 1743
f 1809 1720 1798
f 1533 1535 1534
f 1592 1607 1624
f 1624 1623 1606
f 1163 566 1116
f 1407 1485 1657
f 1432 1449 1439
f 1100 802 2382
f 1743 1516 1722
f 1746 1716 1676
f 1535 1539 1534
f 1534 1539 1553
f 1642 1623 1624
f 1095 1208 1654
f 967 1407 1598
f 1580 967 1598
f 1809 1797 1720
f 1924 1524 1535
f 1533 1924 1535
f 1539 1576 1575
f 1642 216 585
f 1407 1529 1485
f 1485 1529 164
f 1472 1462 1482
f 1415 1431 1240
f 966 1194 714
f 383 1182 152
f 474 2337 446
f 1743 1841 1757
f 1486 1524 1924
f 1535 1525 1539
f 1575 1576 1592
f 1420 967 1580
f 1288 1634 1613
f 459 427 1265
f 1404 2179 1393
f 1404 1403 1800
f 1404 1410 1403
f 1410 1749 1403
f 1349 1351 218
f 1486 1498 1524
f 1535 1524 1525
f 1607 1636 1624
f 183 1642 1624
f 1636 183 1624
f 1107 1349 218
f 1351 845 218
f 164 1519 1142
f 845 413 218
f 1525 1576 1539
f 1576 1582 1592
f 1592 2134 1607
f 2134 1636 1607
f 2147 1491 1401
f 1407 1589 1529
f 1529 1519 164
f 1693 1763 1444
f 1924 1479 1486
f 1592 1582 2134
f 499 165 874
f 2176 1857 1959
f 2327 2368 2326
f 2358 821 953
f 953 821 1573
f 1824 1704 1464
f 1731 1358 1678
f 1394 1410 1404
f 1394 1418 1410
f 1466 1479 1839
f 1486 1479 1498
f 1498 1525 1524
f 1576 2080 1582
f 1785 1684 1898
f 804 398 802
f 804 925 398
f 1447 1562 2358
f 2358 1562 821
f 821 1620 1573
f 1620 1420 1573
f 1420 1556 967
f 1393 1394 1404
f 1525 2080 1576
f 1621 1420 1620
f 1621 1556 1420
f 967 1589 1407
f 1505 5 1357
f 1266 1258 1436
f 1393 1395 1394
f 2176 2175 1848
f 1455 1466 1839
f 1525 1540 2080
f 1582 2080 2118
f 1100 804 802
f 1556 1589 967
f 1589 1082 1529
f 1093 1685 1357
f 1504 1093 1357
f 1425 1418 1394
f 1475 1479 1466
f 1479 1506 1498
f 1789 1784 1730
f 2501 2465 2489
f 1438 1458 1430
f 1462 1458 1473
f 1454 805 1529
f 1082 1454 1529
f 1529 805 1519
f 1425 1394 1395
f 1425 1744 1418
f 1479 1475 1506
f 1540 2060 2080
f 1556 1082 1589
f 1443 945 1511
f 1506 1536 1498
f 1498 1536 1525
f 1525 1536 1540
f 1670 852 1672
f 1998 1388 1389
f 1511 966 1509
f 1509 966 714
f 1442 1443 1496
f 1562 1635 821
f 155 1322 1473
f 1439 1458 1438
f 1426 1425 1395
f 1475 1499 1506
f 1735 1588 1776
f 2422 2454 2421
f 1423 1432 1415
f 1559 2101 2073
f 845 866 413
f 1429 1620 821
f 1620 1429 1621
f 1228 1250 1687
f 1002 945 1443
f 2382 802 1083
f 1859 1411 1395
f 1411 1426 1395
f 1426 1744 1425
f 1590 1437 1483
f 1480 1475 1466
f 1480 1499 1475
f 1510 1733 1743
f 1663 1696 1658
f 1430 1453 1452
f 1452 1472 1471
f 1452 1471 1448
f 1430 1452 1421
f 1430 1421 1422
f 1429 1082 1556
f 1621 1429 1556
f 1351 2386 845
f 1126 1059 487
f 1639 1437 1563
f 1504 1928 1093
f 1499 1536 1506
f 1588 1770 1727
f 1110 1747 1397
f 1776 1588 1531
f 1322 1320 1482
f 1590 1629 1571
f 1730 1877 1838
f 1429 935 1082
f 1082 935 1454
f 804 1443 925
f 1139 1007 1639
f 1925 1480 1466
f 1934 1989 1480
f 1499 1989 1536
f 1727 1526 1531
f 1593 1614 502
f 2455 2431 2400
f 1755 1680 908
f 1563 1571 1564
f 1647 1078 1501
f 2490 1635 1106
f 1496 1511 717
f 2454 2431 516
f 1478 1153 1093
f 1870 1426 1411
f 1426 1723 1744
f 962 986 1412
f 717 1511 1509
f 1825 1704 1824
f 2225 2234 2253
f 1490 1557 1188
f 1635 80 821
f 805 1454 935
f 1186 706 695
f 1194 1161 714
f 1512 1007 1013
f 592 97 204
f 1258 1266 1257
f 82 1333 471
f 1694 1710 1505
f 1643 490 1661
f 1661 490 1114
f 1518 2068 2484
f 1750 1808 1664
f 1656 1635 2490
f 935 1521 805
f 1546 1629 1076
f 1301 70 1277
f 966 1441 1194
f 1148 1825 1824
f 1614 1609 1643
f 1114 1092 1921
f 1770 1739 1670
f 1631 1632 1646
f 821 1016 1429
f 1429 1016 935
f 1632 1095 1654
f 1083 262 688
f 1724 1686 1725
f 1644 490 1643
f 1092 1149 1921
f 3 893 1832
f 988 1640 1188
f 916 1107 284
f 1656 80 1635
f 1016 821 80
f 1016 1521 935
f 1478 1202 1153
f 1401 1928 29
f 1440 1478 1928
f 1849 1700 1865
f 1595 1611 1612
f 1208 198 341
f 1464 1704 1746
f 2143 984 1721
f 1848 1849 1868
f 1662 1114 490
f 1669 1787 1682
f 1656 1618 80
f 198 1208 916
f 1440 1928 1401
f 1521 1369 805
f 1252 1107 916
f 1745 678 1672
f 1703 1779 1721
f 1750 1465 1808
f 1609 1644 1643
f 1092 1114 1662
f 1826 1523 1793
f 2262 2261 2224
f 1696 2166 1767
f 1016 1648 1521
f 1208 1252 916
f 833 688 1067
f 1794 1803 1558
f 28 17 512
f 1750 861 1566
f 1594 1644 1609
f 1644 1645 490
f 490 1645 1662
f 2229 2262 2224
f 1602 861 1760
f 1530 1777 1760
f 872 1706 1673
f 1696 1668 2166
f 1708 1809 1798
f 1581 1716 1814
f 1709 1794 1680
f 1233 1421 1257
f 1724 1476 1686
f 1469 1481 1965
f 1965 1481 1492
f 2073 1549 1559
f 1594 1615 1644
f 1799 1706 1755
f 1725 1686 1837
f 1720 1797 1572
f 1618 2467 2022
f 1618 1579 80
f 1648 1016 80
f 2134 2152 1636
f 1611 1632 1631
f 1761 1434 1470
f 1559 1577 1594
f 1603 1615 1594
f 1615 1645 1644
f 1637 1662 1645
f 1662 1199 1092
f 1199 1149 1092
f 1451 1108 1149
f 665 734 756
f 1865 1700 1714
f 1709 1841 1794
f 1618 2022 1579
f 1648 1413 1369
f 1521 1648 1369
f 1520 11 1401
f 1446 1470 1434
f 1798 1691 1754
f 2063 1544 2073
f 2073 1544 1549
f 1594 1577 1603
f 1615 1637 1645
f 1637 1199 1662
f 1427 1149 1199
f 2167 1108 1451
f 1997 1673 1705
f 1706 1799 1705
f 1841 1709 1757
f 1604 1579 2022
f 1579 707 80
f 80 707 1648
f 1520 1401 1491
f 1649 1520 1491
f 1435 1434 1885
f 1470 1469 1461
f 1481 1508 2024
f 2370 1544 2063
f 1549 1568 1559
f 1559 1568 1577
f 1603 1610 1615
f 1615 1610 1637
f 999 1199 1637
f 1451 1149 1427
f 1137 1825 1148
f 1706 1705 1673
f 1138 1604 2116
f 1138 1579 1604
f 1413 1648 707
f 2360 2024 1508
f 598 1075 1116
f 229 93 1468
f 1839 1479 1684
f 2216 2229 2224
f 1610 1625 1637
f 329 999 1637
f 1199 1017 1427
f 1017 303 1427
f 303 1451 1427
f 1792 1754 1777
f 2309 2391 2301
f 1655 1138 2116
f 1138 707 1579
f 1649 1491 206
f 1406 1885 1398
f 1406 1419 1885
f 1419 1435 1885
f 1434 1435 1446
f 1470 1481 1469
f 1577 1583 1603
f 999 1017 1199
f 81 67 941
f 67 1650 941
f 1259 1815 2164
f 1619 2116 2045
f 1424 707 1138
f 1702 1649 206
f 1687 1406 1398
f 1477 1481 1470
f 1568 1569 1577
f 1577 1569 1583
f 1603 1583 1610
f 1625 329 1637
f 2167 340 273
f 81 273 340
f 81 962 67
f 1547 1619 1488
f 1830 1739 1770
f 938 1424 1138
f 1424 1413 707
f 1527 1649 1702
f 1527 1520 1649
f 1527 1268 1520
f 1250 1406 1687
f 1441 1353 1115
f 1203 1413 1051
f 1250 1419 1406
f 1477 2372 1481
f 1481 2372 1508
f 2449 1560 1568
f 1549 2449 1568
f 1568 1560 1569
f 1569 1584 1583
f 1652 329 1625
f 329 817 999
f 285 1017 999
f 303 10 1451
f 10 2167 1451
f 1412 1650 67
f 1412 1488 1650
f 1547 1023 1619
f 1023 1655 1619
f 1655 938 1138
f 1456 1413 1424
f 1457 1470 1446
f 1457 1477 1470
f 329 1652 817
f 10 340 2167
f 938 1546 1424
f 1546 1456 1424
f 1259 1548 1779
f 2052 2031 1990
f 1440 1202 1478
f 1428 1419 1250
f 1428 1435 1419
f 1428 1446 1435
f 1934 1935 1955
f 1560 1584 1569
f 1610 1638 1625
f 1638 1652 1625
f 817 1077 999
f 1077 285 999
f 980 303 1017
f 962 1412 67
f 1494 1023 1547
f 325 271 1270
f 1443 1511 1496
f 1450 1268 1527
f 1514 1353 1441
f 1287 1446 1428
f 1446 1287 1457
f 1305 2372 1477
f 1992 1990 1991
f 1992 1991 1971
f 1971 1991 1955
f 2449 1549 2418
f 1583 1616 1610
f 1610 1616 1638
f 10 1396 340
f 340 1445 81
f 1445 962 81
f 1790 984 1753
f 984 2148 1753
f 1588 1713 1770
f 969 978 958
f 1741 1779 1703
f 1758 1846 1754
f 1827 1819 1029
f 1818 1530 1712
f 1750 1566 2127
f 2459 2434 2483
f 1798 1720 1771
f 1794 1841 1803
f 216 1755 1810
f 1098 1735 1748
f 1735 1497 1748
f 1502 2102 1601
f 881 1502 1601
f 1455 1839 1744
f 1706 1709 1680
f 1212 1741 1703
f 1788 1969 1671
f 1075 1074 1692
f 951 2500 881
f 2490 2486 2463
f 1748 1497 1781
f 1721 984 1840
f 1815 1259 1741
f 1626 1756 1837
f 975 987 1542
f 2230 2236 2235
f 1772 678 734
f 1542 1671 975
f 1806 1772 1780
f 678 1772 1806
f 2218 2225 2268
f 1828 1732 2007
f 1526 1688 1531
f 1752 1526 1554
f 1844 1818 1712
f 1823 1846 1804
f 1781 1669 1704
f 1721 1779 2143
f 1770 1670 1526
f 1497 1669 1781
f 1098 1713 1735
f 1742 1815 1741
f 1526 858 1875
f 1599 1531 1688
f 1803 1790 1558
f 1703 1721 1683
f 1832 1766 957
f 1542 1679 1671
f 1679 1788 1671
f 1927 1819 1827
f 1718 1745 1739
f 1684 1022 1839
f 1459 1283 1299
f 1022 1410 1418
f 2368 2393 2326
f 1669 1497 1776
f 1875 858 1212
f 1739 1745 852
f 1964 1918 1461
f 1356 133 1331
f 1765 1829 1468
f 858 1742 1741
f 1006 1674 1021
f 1723 1936 1935
f 1468 1713 1098
f 1724 1678 1476
f 1680 1783 908
f 1731 1543 520
f 1683 1721 1840
f 1467 1679 1542
f 1812 1708 1846
f 1679 1975 1788
f 1713 1830 1770
f 1803 1722 1790
f 2301 2391 2349
f 1713 1588 1735
f 1836 1530 1818
f 1837 1756 861
f 886 571 556
f 1181 1805 1812
f 1706 1680 1755
f 1677 1729 1775
f 1776 1787 1669
f 1526 1670 1672
f 1727 1770 1526
f 987 1467 1542
f 1567 1704 1137
f 1693 1865 1714
f 897 1762 912
f 1135 1697 1062
f 1697 376 1062
f 1543 1731 1678
f 1793 1679 1467
f 1777 1602 1760
f 1846 1798 1754
f 1835 1096 1677
f 1033 1030 940
f 1450 1527 1702
f 1717 376 1697
f 1711 1717 1697
f 1717 165 376
f 1840 984 1790
f 1669 1746 1704
f 1669 1682 1746
f 2301 2349 2308
f 1882 1444 1898
f 1820 1789 1730
f 861 1380 1566
f 2301 2308 2266
f 1771 1543 1691
f 1958 1659 1651
f 1697 1360 1711
f 1711 1737 1717
f 1717 1737 165
f 1790 1753 1558
f 1668 1696 1663
f 1360 1702 1711
f 1702 1707 1711
f 1707 1737 1711
f 1737 1751 165
f 1444 1782 1693
f 1716 1787 1599
f 1744 1839 1022
f 1898 1444 1785
f 206 1707 1702
f 1764 2468 1751
f 316 1844 893
f 893 1844 915
f 1845 1804 1758
f 1380 861 1756
f 1780 670 1021
f 1714 2172 1763
f 1783 1558 1663
f 1750 2127 1465
f 1798 1771 1691
f 1691 1543 1724
f 1872 1910 839
f 1737 2044 1751
f 1751 2044 1764
f 1757 1701 482
f 1725 1602 1777
f 1836 1845 1530
f 2102 2470 1503
f 2496 1899 544
f 763 2484 946
f 987 1719 1467
f 1845 1758 1792
f 1725 1837 1602
f 1872 1866 1873
f 1712 1530 1760
f 489 1799 216
f 1760 861 1750
f 2068 2466 2460
f 1696 2159 2168
f 377 1377 1280
f 1797 1676 1572
f 1581 2053 1572
f 1676 1581 1572
f 1764 2498 2468
f 2468 2498 1994
f 1861 1695 1860
f 2481 2004 2495
f 1826 1677 1523
f 1670 1739 852
f 2234 2269 2253
f 1724 1543 1678
f 1658 2168 1791
f 1397 1747 1719
f 1696 2168 1658
f 979 519 272
f 1774 1975 1679
f 975 1671 932
f 1787 1716 1682
f 1835 1826 1747
f 2501 2469 961
f 1810 908 1791
f 1982 1768 191
f 1137 1704 1825
f 1804 1846 1758
f 2004 2044 1737
f 913 1969 902
f 2498 1795 1801
f 915 1844 1712
f 1689 915 1712
f 1740 1752 1541
f 695 661 199
f 1865 1693 1782
f 1824 1464 1809
f 1829 1765 1718
f 1816 1768 1982
f 1816 1622 1768
f 1622 2165 1681
f 1768 1622 1681
f 670 1772 228
f 1283 1459 52
f 1785 1444 1749
f 1675 1075 1685
f 1567 1781 1704
f 1858 1857 1848
f 1526 1752 1688
f 1791 2160 1810
f 908 1658 1791
f 1813 1773 1558
f 1845 1792 1530
f 69 376 165
f 3 1832 1834
f 1722 1516 1507
f 1801 1821 1994
f 1833 1982 2046
f 1821 1833 2046
f 1833 1816 1982
f 1022 1785 1749
f 2160 2170 1810
f 1147 1719 1726
f 1683 1840 1507
f 1467 1719 1793
f 1795 1802 1801
f 1802 1811 1801
f 1801 1811 1821
f 1690 2165 1622
f 1934 1480 1925
f 229 1468 1091
f 1780 2164 1742
f 1672 1742 858
f 1833 1417 1816
f 1417 1622 1816
f 1831 2165 1690
f 1668 1663 1558
f 1719 1747 1826
f 1760 1750 1664
f 1817 1690 1622
f 1530 1792 1777
f 948 1796 1802
f 1796 1811 1802
f 1515 1817 1622
f 1695 1861 1831
f 1783 1663 1658
f 1749 1410 1022
f 854 1796 948
f 1811 1842 1833
f 1821 1811 1833
f 1833 1842 1417
f 1622 1417 1515
f 127 1804 1845
f 1686 1626 1837
f 1608 1690 1817
f 1523 1775 1762
f 127 1845 1836
f 1812 1805 1708
f 1523 1677 1775
f 1780 1772 670
f 1758 1754 1792
f 1204 1796 854
f 1822 1842 1811
f 1608 1831 1690
f 1822 1811 1796
f 1842 1416 1417
f 1417 1416 1515
f 1515 1608 1817
f 1728 1831 1608
f 908 1783 1658
f 127 1836 316
f 1805 1148 1824
f 852 1745 1672
f 1478 1093 1928
f 1822 1843 1842
f 1843 959 1842
f 1842 959 1416
f 1728 1695 1831
f 1728 1860 1695
f 2346 446 2337
f 1602 1837 861
f 1087 1096 1835
f 1708 1824 1809
f 2004 1737 505
f 1567 1748 1781
f 520 1543 1883
f 1760 1664 1712
f 128 1336 72
f 2053 1883 1543
f 1822 180 1843
f 1786 1608 1515
f 929 2462 519
f 512 2402 506
f 1212 1703 1683
f 1830 1829 1739
f 2053 1543 1771
f 1416 1769 1515
f 1769 1786 1515
f 1786 1728 1608
f 1712 1808 1689
f 1794 1558 1783
f 1497 1735 1776
f 1127 1567 1137
f 1123 1748 1567
f 36 205 1185
f 959 1734 1416
f 1738 1733 1541
f 1774 1762 1974
f 1752 1554 1541
f 1752 1740 1688
f 1526 1875 1554
f 1468 1829 1830
f 1755 908 1810
f 1716 1599 1814
f 1806 1780 1742
f 2308 2349 2340
f 1832 915 1689
f 1713 1468 1830
f 1814 1599 1346
f 1832 1689 1766
f 1022 1684 1785
f 1093 1153 1116
f 1672 678 1742
f 1675 1685 1093
f 1841 1743 1722
f 1814 2053 1581
f 1464 1746 1809
f 2485 2497 2493
f 1416 1734 1769
f 1665 1728 1786
f 1665 1951 1728
f 1951 1860 1728
f 1951 2094 1860
f 1844 1836 1818
f 316 1836 1844
f 1776 1531 1787
f 1719 1826 1793
f 2147 1401 29
f 2111 2121 1548
f 1741 1259 1779
f 1843 347 1834
f 1843 1734 959
f 1766 1769 1734
f 957 1766 1734
f 1766 1786 1769
f 1766 1689 1786
f 1689 1665 1786
f 1754 1691 1777
f 1507 1840 1790
f 1761 1470 1461
f 1523 1679 1793
f 1091 1468 1098
f 1820 1730 1838
f 1843 1834 1734
f 1808 1951 1665
f 1588 1727 1531
f 893 915 1832
f 1523 1774 1679
f 272 2488 710
f 1093 1116 1675
f 2340 2349 2348
f 1832 1734 1834
f 1832 957 1734
f 1951 1808 2094
f 1685 1692 1505
f 1043 295 698
f 2143 1779 2121
f 1689 1808 1665
f 1693 1714 1763
f 1738 2157 1516
f 1114 1921 236
f 1268 1333 1520
f 1149 1108 431
f 508 2144 1912
f 1957 1108 1537
f 431 1108 1957
f 1018 1108 2167
f 1338 1957 1681
f 2163 1957 1338
f 1983 1390 2093
f 30 557 37
f 1714 2173 2172
f 1983 1984 1390
f 1984 2065 1390
f 884 1762 897
f 2065 1984 1214
f 1950 1974 1762
f 884 1950 1762
f 2012 1698 1861
f 1214 2116 803
f 1950 1938 1974
f 1938 1967 1974
f 1900 1761 1461
f 865 1929 884
f 884 1929 1950
f 2062 2071 2042
f 919 1985 1732
f 1593 502 2146
f 1995 1213 2098
f 1522 2476 1651
f 2174 1849 2175
f 1480 1989 1499
f 1929 1938 1950
f 1605 2058 1574
f 2097 1605 2133
f 1912 2014 1886
f 2092 2082 2083
f 206 1930 505
f 2101 2100 2092
f 2073 2101 2092
f 839 1910 865
f 1910 1901 1929
f 865 1910 1929
f 1967 1788 1975
f 2073 2092 2063
f 2101 1593 2100
f 2015 1876 1698
f 1853 1884 2014
f 1831 1698 2165
f 1316 273 81
f 1901 1920 1929
f 1929 1920 1938
f 1920 1968 1967
f 1938 1920 1967
f 1849 2174 1700
f 2173 1700 2174
f 2062 2072 2091
f 803 2467 2059
f 2239 1736 2240
f 1505 1357 1685
f 1358 1686 1476
f 1967 1968 1788
f 1968 1969 1788
f 2065 2110 2156
f 2065 1214 2110
f 2110 1214 503
f 273 2093 1018
f 273 1983 2093
f 532 1886 2155
f 2034 2021 1947
f 216 1810 585
f 1912 543 2014
f 1390 2051 1537
f 1872 1873 1910
f 1984 2045 1214
f 597 1912 1886
f 1593 2146 2100
f 2071 2062 2090
f 2034 2046 1982
f 2034 1947 2046
f 1214 2045 2116
f 1873 1887 1910
f 1887 1901 1910
f 1562 1447 1106
f 2163 431 1957
f 1948 1972 1936
f 1972 1948 1992
f 2014 2015 2013
f 1853 2014 2013
f 1550 1884 1853
f 1947 2468 1994
f 1355 1550 2154
f 1355 1884 1550
f 2081 2108 2128
f 2024 1965 1492
f 2024 2032 1965
f 2116 1604 803
f 1901 1911 1920
f 1939 1968 1920
f 1911 1939 1920
f 872 1626 1666
f 2062 2091 2120
f 1819 1927 1759
f 1021 1674 1780
f 872 1673 1756
f 1550 501 2171
f 1378 1550 2171
f 2146 2162 2145
f 1358 482 192
f 2109 2120 2119
f 1866 1872 2227
f 1391 2012 1860
f 2136 2137 2161
f 2162 1661 236
f 1887 1894 1901
f 1901 1894 1911
f 505 1707 206
f 2120 2137 2136
f 2142 2164 1674
f 1860 2012 1861
f 1894 1939 1911
f 2080 2060 2118
f 2162 236 508
f 2164 1815 1742
f 1018 2093 1537
f 2154 1378 2161
f 2041 2098 2491
f 2043 2042 2032
f 1108 1018 1537
f 1465 2094 1808
f 502 1643 1661
f 2467 1618 1656
f 2119 2136 2135
f 2119 2108 2071
f 878 1183 1195
f 2101 1594 1593
f 2033 2370 2063
f 2482 2491 2098
f 1282 2406 1275
f 2003 1948 1956
f 2043 2032 2024
f 2025 2043 2024
f 2154 1550 1378
f 1795 2498 1764
f 2142 1548 2164
f 2431 2454 2422
f 1981 2011 1993
f 2349 2391 2362
f 502 2162 2146
f 2025 2024 2360
f 2129 2120 2091
f 1732 1985 2007
f 2171 1308 209
f 1930 1995 2041
f 1390 1238 2051
f 1866 1878 1887
f 1878 1894 1887
f 1965 2032 2011
f 874 2480 2492
f 2071 2108 2069
f 1358 1731 482
f 430 2021 2034
f 1965 2003 1964
f 1855 1889 831
f 1668 1773 2150
f 1390 2156 1238
f 898 869 1903
f 2391 2407 2362
f 2121 2111 2074
f 1548 1259 2164
f 2099 2129 2091
f 1550 1853 501
f 1853 1852 501
f 952 2017 969
f 2085 2121 2074
f 2130 2006 1391
f 2144 1367 543
f 2100 2146 2099
f 1545 1319 113
f 1903 1922 898
f 1922 1931 898
f 585 2170 1641
f 2007 2017 952
f 2017 2074 969
f 1558 1753 1813
f 837 2005 1517
f 2005 2006 2130
f 1532 1474 1528
f 2003 1981 1948
f 2070 2071 2069
f 1922 919 1931
f 2017 2085 2074
f 2085 2104 2121
f 2100 2099 2082
f 2156 2110 2034
f 505 2474 2004
f 1903 871 1922
f 1922 1952 919
f 919 1952 1985
f 1985 2001 2007
f 2001 2036 2017
f 2007 2001 2017
f 2017 2036 2085
f 2036 2047 2085
f 2047 2075 2085
f 2075 2104 2085
f 1948 1993 2023
f 2400 2422 2407
f 2011 2070 1993
f 2033 2043 2025
f 2012 2015 1698
f 1876 1338 2165
f 871 1940 1922
f 1985 1976 2001
f 2121 2104 2143
f 1051 1413 1456
f 2358 1362 2379
f 1859 1789 1870
f 2090 2109 2071
f 1405 1398 1885
f 1886 1884 1355
f 1922 1960 1952
f 1952 1960 1985
f 1960 1976 1985
f 1956 1948 1936
f 2135 209 2128
f 2157 1875 1212
f 2160 2168 2169
f 1900 1461 1918
f 2001 2018 2036
f 2075 2086 2104
f 2111 2142 2103
f 1937 1956 1936
f 2023 2070 2061
f 2135 2128 2108
f 2042 2071 2011
f 2138 413 2383
f 2033 2072 2043
f 1922 1940 1960
f 2070 2069 2061
f 2069 2108 2061
f 2108 2119 2135
f 1855 1904 1889
f 1889 1904 871
f 871 1904 1940
f 1976 2018 2001
f 2036 2018 2047
f 2122 2143 2104
f 216 1642 489
f 2148 984 2143
f 1975 1974 1967
f 2157 1683 1516
f 1614 1593 1594
f 2269 2270 2276
f 1926 2147 29
f 2082 2091 2072
f 430 503 2059
f 1904 1905 1940
f 1940 1961 1960
f 1961 1976 1960
f 2087 2086 2075
f 2065 2156 1390
f 1820 1838 1900
f 534 1308 837
f 2167 273 1018
f 831 1850 1855
f 2019 2037 2018
f 2018 2037 2047
f 2037 2075 2047
f 2086 2095 2104
f 2095 2122 2104
f 2122 2148 2143
f 1926 1213 1995
f 1405 1885 1761
f 2006 2013 2012
f 2211 2233 2216
f 1855 1890 1904
f 1904 1895 1905
f 1905 1932 1940
f 1961 1977 1976
f 1976 1986 2018
f 2484 2476 1518
f 1870 1411 1859
f 1548 2142 2111
f 1904 1890 1895
f 1895 1932 1905
f 1940 1932 1961
f 1976 1977 1986
f 1986 2008 2018
f 2018 2008 2019
f 2087 2075 2037
f 2087 2095 2086
f 2094 1391 1860
f 1852 1853 2006
f 1853 2013 2006
f 929 979 850
f 1855 1874 1890
f 2008 2028 2019
f 1993 2070 2023
f 1705 1799 1998
f 1491 2147 206
f 1851 1856 1855
f 1895 1890 1874
f 2038 2019 2028
f 2038 2048 2037
f 2019 2038 2037
f 2048 2067 2087
f 2037 2048 2087
f 2087 2067 2095
f 2095 2149 2122
f 2149 2148 2122
f 1308 2005 837
f 209 1308 1387
f 1601 2102 1927
f 254 170 201
f 1800 1403 1763
f 1510 1346 1740
f 870 871 1903
f 1919 1650 1619
f 2148 1667 1753
f 1932 1923 1961
f 1977 1953 1986
f 2067 2112 2095
f 2112 2149 2095
f 2148 2149 1667
f 2422 2421 2407
f 1926 2026 1213
f 1912 2144 543
f 2128 1387 2153
f 1733 1510 1740
f 990 853 2489
f 503 1214 803
f 1921 431 2163
f 2146 2145 2129
f 2144 1921 2163
f 1855 1856 1874
f 1895 1923 1932
f 1923 1941 1961
f 1961 1941 1977
f 2048 2076 2067
f 2076 2113 2067
f 2067 2113 2112
f 1723 1900 1937
f 1870 1900 1723
f 1367 2163 1338
f 520 1346 1510
f 1698 1831 1861
f 1984 1919 2045
f 1895 1891 1923
f 2008 1986 2028
f 1948 1981 1993
f 1883 1346 520
f 1883 1814 1346
f 1930 206 2147
f 2499 2486 1447
f 1891 1906 1923
f 1923 1953 1941
f 1953 1977 1941
f 1953 1987 1986
f 2113 2123 2112
f 2123 2149 2112
f 1387 1308 1226
f 1599 1688 1346
f 2093 1390 1537
f 2003 2011 1981
f 1987 2028 1986
f 2038 2049 2048
f 2048 2049 2076
f 1813 1667 2149
f 2123 1813 2149
f 1461 1469 1964
f 1757 1510 1743
f 505 1930 1999
f 2223 1784 1789
f 1532 1522 1651
f 1906 1913 1923
f 1913 1943 1923
f 1943 1942 1923
f 1923 1942 1953
f 1942 1987 1953
f 1308 1852 2005
f 2053 1814 1883
f 1733 1740 1541
f 2154 1886 1355
f 1503 1528 1474
f 1874 1879 1895
f 1895 1879 1891
f 2076 2124 2113
f 2113 2124 2123
f 1896 1891 1879
f 1891 1896 1906
f 1942 1962 1987
f 1962 2009 2028
f 1987 1962 2028
f 2009 2038 2028
f 2109 2119 2071
f 1918 1956 1937
f 1851 1864 1856
f 1896 1897 1906
f 1906 1897 1913
f 1943 1962 1942
f 2049 2077 2076
f 2124 2125 2123
f 1930 2147 1926
f 1902 1894 1878
f 482 1510 1757
f 2129 2137 2120
f 503 803 2059
f 1847 1857 1851
f 1851 1857 1864
f 2039 2038 2009
f 2038 2039 2049
f 2076 2077 2124
f 2150 1813 2123
f 482 520 1510
f 1994 1821 2046
f 2044 2004 1764
f 1864 1867 1856
f 1867 1874 1856
f 1897 1944 1913
f 1943 1944 1962
f 2124 2126 2125
f 2150 2123 2125
f 2099 2146 2129
f 2041 1995 2098
f 1605 1641 2151
f 1847 1959 1857
f 1874 1867 1879
f 1913 1944 1943
f 1944 1963 1962
f 2077 2096 2124
f 2096 2126 2124
f 2126 2150 2125
f 941 1650 1919
f 2135 2136 209
f 1884 1886 2014
f 2049 2029 2077
f 1388 2127 1389
f 1389 2127 1566
f 1930 1926 1995
f 941 1919 1316
f 2110 503 430
f 1867 1880 1879
f 1879 1880 1896
f 1897 1907 1944
f 1963 1978 1962
f 1962 1978 2009
f 2039 2029 2049
f 2077 2078 2096
f 822 823 827
f 2166 1668 2150
f 81 941 1316
f 2204 2216 2203
f 2011 2071 2070
f 1880 1892 1896
f 1892 1907 1897
f 1896 1892 1897
f 1907 1914 1944
f 1978 2010 2009
f 2010 2039 2009
f 1688 1740 1346
f 1789 1820 1870
f 2130 1391 2094
f 1944 1945 1963
f 2029 2078 2077
f 1767 2150 2126
f 1767 2166 2150
f 803 2022 2467
f 1503 1927 2102
f 1914 1954 1944
f 1944 1954 1945
f 1963 1970 1978
f 2078 2105 2096
f 2105 2126 2096
f 1965 2011 2003
f 192 1626 1358
f 2101 1559 1594
f 1930 2041 1999
f 1698 1876 2165
f 1398 1871 891
f 2165 1338 1681
f 1970 2010 1978
f 2010 2030 2029
f 2039 2010 2029
f 2030 2055 2078
f 2029 2030 2078
f 1849 1848 2175
f 1871 1862 891
f 543 2015 2014
f 1857 1858 1864
f 1864 1858 1867
f 1963 1945 1970
f 2055 2088 2078
f 2078 2088 2105
f 2105 2131 2126
f 2126 2131 1767
f 2063 2083 2033
f 2161 2171 209
f 2032 2042 2011
f 1813 2150 1773
f 1914 1908 1954
f 1970 1979 2010
f 2088 2131 2105
f 2015 543 1876
f 1694 1692 1048
f 1395 2207 1859
f 1395 1393 2207
f 1730 1784 1736
f 2500 2466 2470
f 1709 1701 1757
f 1945 1979 1970
f 2030 2050 2055
f 2350 2317 2286
f 2154 2155 1886
f 871 860 1889
f 2161 209 2136
f 2497 2463 2493
f 2190 2204 2203
f 1800 2179 1404
f 2477 2469 1385
f 1385 1715 2477
f 2128 209 1387
f 1858 1868 1867
f 1867 1881 1880
f 1893 1892 1880
f 1881 1893 1880
f 1893 1907 1892
f 1907 1908 1914
f 1954 1979 1945
f 1979 1980 2010
f 2131 2159 1767
f 1765 93 339
f 1761 1877 1405
f 523 1347 515
f 1541 2157 1738
f 2144 2163 1367
f 1380 1389 1566
f 2317 2392 2316
f 1994 2498 1801
f 1867 1868 1881
f 1980 2050 2030
f 2010 1980 2030
f 2050 2089 2055
f 2055 2089 2088
f 2088 2114 2131
f 1538 1651 1659
f 2145 2155 2129
f 2140 29 1928
f 2370 2033 2025
f 2252 2239 2240
f 2239 2252 1862
f 2392 2391 2316
f 2469 2501 1385
f 2477 1715 1710
f 502 1614 1643
f 2438 1227 2431
f 1915 1907 1893
f 1915 1908 1907
f 1954 1908 1979
f 1908 1988 1979
f 1979 1988 1980
f 2114 2159 2131
f 2155 2154 2129
f 508 1966 2144
f 872 1756 1626
f 1710 1715 1505
f 236 1966 508
f 2272 2284 1398
f 2325 2355 2319
f 1548 2121 1779
f 1532 1528 1522
f 1980 2056 2050
f 2050 2056 2089
f 2013 2015 2012
f 1964 2003 1956
f 2006 2012 1391
f 1565 1927 1503
f 2244 2243 2226
f 5 1715 1385
f 1858 1848 1868
f 1915 1946 1908
f 1946 1988 1908
f 1980 2020 2056
f 2115 2159 2114
f 2092 2083 2063
f 1398 2284 1687
f 2162 2155 2145
f 519 2475 2488
f 2158 5 1385
f 5 1505 1715
f 1692 1694 1505
f 1988 2020 1980
f 2115 2169 2159
f 2169 2168 2159
f 2083 2082 2072
f 1316 1984 1983
f 1488 1619 1650
f 2083 2072 2033
f 2361 1210 1233
f 1933 1946 1915
f 2056 2079 2089
f 2088 2115 2114
f 2099 2091 2082
f 2162 532 2155
f 1852 2006 2005
f 2023 2061 2052
f 2176 2184 2175
f 2162 985 532
f 1909 1893 1881
f 1909 1915 1893
f 1988 2040 2020
f 2040 2056 2020
f 2089 2079 2088
f 2088 2079 2115
f 1782 1444 1882
f 1216 1215 2320
f 867 1939 1894
f 867 903 1939
f 1372 2398 1379
f 1863 504 2027
f 2158 1385 504
f 1868 1782 1881
f 1909 1933 1915
f 2040 1988 1946
f 1481 2024 1492
f 2120 2136 2119
f 1522 1528 1518
f 1871 1398 1405
f 1221 1408 1399
f 1357 5 2158
f 2179 1800 1763
f 1868 1865 1782
f 1882 1881 1782
f 1882 1909 1881
f 2040 2057 2056
f 2106 2079 2056
f 2057 2106 2056
f 2106 2132 2079
f 2132 2115 2079
f 2115 2132 2169
f 532 985 597
f 2092 2100 2082
f 1210 1221 1399
f 1399 1233 1210
f 2130 2002 1517
f 1849 1865 1868
f 1933 2040 1946
f 52 1269 30
f 1667 1813 1753
f 1997 1380 1673
f 940 1008 1088
f 1947 1994 2046
f 1882 1916 1909
f 1924 1933 1909
f 1533 2040 1933
f 1533 1534 2040
f 2058 2040 1534
f 2058 2057 2040
f 1238 191 1768
f 1997 1389 1380
f 1875 1541 1554
f 1854 504 1863
f 1854 2158 504
f 2396 1275 2406
f 2426 2443 153
f 1916 1924 1909
f 1925 1935 1934
f 1870 1723 1426
f 2058 2097 2057
f 2097 2106 2057
f 2132 2151 2169
f 2151 2160 2169
f 1106 1635 1562
f 1957 1768 1681
f 1957 2051 1768
f 526 535 33
f 1614 1594 1609
f 2233 2229 2216
f 2496 2027 2084
f 2496 1863 2027
f 2117 1854 1863
f 2016 2158 1854
f 2016 1504 1357
f 2158 2016 1357
f 1114 236 1661
f 2129 2154 2137
f 2133 2106 2097
f 2491 1999 2041
f 2051 1238 1768
f 2061 2108 2081
f 2189 2195 2186
f 2348 2349 2362
f 1701 192 482
f 505 1737 1707
f 2133 2132 2106
f 2132 2133 2151
f 2151 2170 2160
f 502 1661 2162
f 1998 1389 1997
f 2297 2352 2329
f 2352 2364 2329
f 2394 2414 2364
f 2352 2394 2364
f 2402 512 2415
f 2255 2254 2243
f 2446 1365 2456
f 2271 2282 2298
f 846 2283 2264
f 2293 2310 2318
f 2254 2295 2294
f 2283 2290 2278
f 2270 2294 2293
f 2423 2455 2400
f 2281 2287 2267
f 2190 2191 2204
f 2271 2263 2282
f 2334 2329 2364
f 2424 2432 2409
f 2282 2263 2298
f 1409 1659 1958
f 2263 2302 2298
f 2297 2329 2296
f 1256 446 2346
f 1958 2502 2478
f 2437 2399 2444
f 263 2366 2359
f 849 827 823
f 2311 2325 2290
f 2499 2379 2434
f 2446 2456 2423
f 947 2358 2379
f 2499 947 2379
f 2205 2195 2212
f 2245 2237 2227
f 2245 2256 2237
f 2256 2263 2271
f 556 571 2305
f 1528 2068 1518
f 2424 2439 2432
f 2302 2352 2297
f 1866 2237 826
f 2248 2242 2211
f 2334 2364 2363
f 2235 2244 2226
f 2255 2295 2254
f 2329 2324 2296
f 2439 2447 1973
f 2329 2334 2324
f 2409 2432 2414
f 2293 2318 2276
f 866 2425 2416
f 1487 1493 2372
f 2237 2231 2230
f 2415 512 17
f 2035 1236 26
f 921 2138 688
f 2491 2482 2462
f 6 181 197
f 2481 948 1795
f 2138 2383 2382
f 2377 2394 2352
f 2377 506 2394
f 2394 506 2402
f 2401 2402 2415
f 2394 2402 2401
f 2318 2326 2276
f 2439 2457 2432
f 2298 2302 2297
f 2244 2249 2243
f 2404 1100 2382
f 2238 2245 2227
f 2245 2257 2256
f 2257 2263 2256
f 2324 2334 2328
f 2257 2289 2263
f 2289 2302 2263
f 2236 2231 2250
f 2138 2382 688
f 2383 2404 2382
f 1100 2404 2343
f 2353 2352 2302
f 2353 2377 2352
f 2237 2230 2220
f 2335 2355 2325
f 2308 2340 2315
f 2253 2269 2276
f 2311 2335 2325
f 2439 2424 511
f 2268 2267 2248
f 2383 413 2404
f 123 971 832
f 2234 2243 2269
f 2225 2213 2234
f 2219 2213 2225
f 2195 2196 2212
f 1544 2418 1549
f 413 866 2404
f 2404 866 2416
f 2416 2417 2404
f 2404 2417 2343
f 2415 2409 2401
f 2196 2219 2212
f 2268 2248 2218
f 2206 2214 2197
f 2417 2332 2343
f 2343 2332 832
f 2330 2302 2289
f 2330 2353 2302
f 2453 2454 515
f 2218 2248 2217
f 2218 2217 2205
f 2276 2281 2268
f 2178 2197 2177
f 2197 2189 2177
f 2332 2066 832
f 832 2066 123
f 2231 2236 2230
f 669 950 1144
f 2217 2211 2199
f 1216 1209 1217
f 2066 2365 123
f 2230 2226 2214
f 2290 2325 2304
f 2325 2319 2304
f 2217 2248 2211
f 2191 2192 2199
f 510 525 2035
f 2417 1917 2332
f 2332 1917 2066
f 2408 2413 2341
f 2248 2267 2242
f 2326 2333 2281
f 1340 2365 2066
f 2440 1302 1340
f 2226 2230 2235
f 1153 1163 1116
f 2431 2455 2438
f 2416 2425 2417
f 2495 2474 2462
f 2290 2304 2277
f 825 2227 1872
f 151 239 1038
f 9 151 1038
f 545 928 2381
f 2440 2406 1384
f 928 1596 2381
f 2186 2188 2185
f 2456 26 1888
f 2287 2333 2262
f 2425 2342 2417
f 2342 1917 2417
f 1917 877 2066
f 2336 1340 2066
f 2336 2440 1340
f 2328 2351 2327
f 825 2238 2227
f 2351 2368 2327
f 1222 2388 1211
f 678 756 734
f 428 263 1343
f 2188 2191 2190
f 2341 2376 2333
f 2066 877 2336
f 2290 2277 2278
f 739 634 592
f 675 304 14
f 2384 675 14
f 2199 2211 2204
f 2191 2199 2204
f 2322 2318 2310
f 2287 2262 2233
f 2185 2188 2184
f 2386 2425 845
f 2384 572 675
f 1128 123 2365
f 832 971 2343
f 2188 2186 2191
f 2185 2184 2176
f 2345 1917 2342
f 2345 877 1917
f 2336 2406 2440
f 971 1100 2343
f 2299 2289 2257
f 2299 2303 2289
f 2249 2255 2243
f 506 513 512
f 2437 955 1219
f 1587 2398 1324
f 877 2396 2336
f 2336 2396 2406
f 2463 2479 879
f 2376 2412 2350
f 2281 2267 2268
f 2303 2330 2289
f 624 635 159
f 1996 2356 1561
f 2449 2436 1996
f 2356 2054 2451
f 928 2398 1587
f 2333 2350 2262
f 2035 26 2456
f 2346 2342 2425
f 2346 2345 2342
f 1544 2380 2418
f 2412 2392 2350
f 622 509 1151
f 2436 2054 1996
f 545 2451 928
f 2326 2341 2333
f 2346 2425 2386
f 1365 2035 2456
f 2369 2377 2353
f 2369 506 2377
f 2451 900 928
f 900 2398 928
f 1235 1888 1244
f 2337 2345 2346
f 877 772 2396
f 772 1275 2396
f 2432 2446 2414
f 2294 2295 2310
f 2369 2330 828
f 2418 2419 2436
f 2450 2429 2436
f 2436 2429 2054
f 2490 2494 1656
f 1321 155 2338
f 1256 2346 2386
f 2448 877 2345
f 877 2448 772
f 2446 2423 2414
f 2351 2334 2363
f 2243 2254 2269
f 2380 2419 2418
f 2419 2450 2436
f 2283 2278 2264
f 822 2197 823
f 1008 1759 1565
f 2448 2345 2337
f 2270 2293 2276
f 2323 2324 2328
f 2429 1012 2054
f 2226 2243 2213
f 2395 325 772
f 2370 2367 2380
f 2054 2435 2451
f 2435 2397 2451
f 2451 2397 900
f 1774 1974 1975
f 2305 2290 2283
f 846 2305 2283
f 2320 1215 2285
f 2139 2448 2337
f 2448 2395 772
f 1232 1231 1216
f 2272 2285 2284
f 2367 2371 2380
f 2371 2405 2380
f 2380 2405 2419
f 2419 2429 2450
f 2429 176 1012
f 2397 2373 900
f 2373 2398 900
f 2373 1379 2398
f 2372 1500 1508
f 1133 1303 1142
f 2252 2273 2272
f 891 2252 2272
f 2419 2405 2429
f 2405 2430 2429
f 2429 2430 176
f 2189 2186 2181
f 2212 2219 2218
f 2312 2139 2337
f 2139 2384 2448
f 2448 2384 2395
f 899 855 843
f 2272 2273 2285
f 2331 2303 2299
f 176 2435 2054
f 1012 176 2054
f 2177 2185 2176
f 2218 2219 2225
f 1216 1220 1215
f 2378 2139 2312
f 2384 14 2395
f 2324 2295 2255
f 2240 2273 2252
f 2371 2387 2405
f 2410 2430 2405
f 2430 2442 176
f 2435 2344 2397
f 2397 2344 2373
f 2456 1888 2455
f 2242 2267 2233
f 2233 2262 2229
f 2378 2384 2139
f 2323 2310 2295
f 2323 2322 2310
f 2240 2274 2273
f 974 841 990
f 2490 1447 2486
f 2387 2410 2405
f 2442 2141 176
f 2344 1778 2373
f 972 1379 2373
f 1778 972 2373
f 1379 972 428
f 1211 2437 1223
f 1228 1215 1220
f 702 2378 2312
f 17 518 2415
f 1888 26 1244
f 2324 2323 2295
f 2305 2311 2290
f 2307 2285 2273
f 2274 2307 2273
f 2307 2320 2285
f 2369 531 506
f 2435 2258 2344
f 2296 2324 2288
f 1233 1217 2361
f 2360 2371 2367
f 2410 2442 2430
f 176 2141 2258
f 176 2258 2435
f 539 2331 66
f 2350 2392 2317
f 2268 2225 2253
f 1508 1500 2371
f 2360 1508 2371
f 2371 1500 2387
f 972 2366 428
f 1626 1686 1358
f 1759 1807 1819
f 2277 2257 2245
f 2277 2299 2257
f 1784 2228 1736
f 2265 2240 1736
f 2228 2265 1736
f 2265 2274 2240
f 1209 2320 2307
f 2320 1209 1216
f 1555 1584 1560
f 2387 1500 2372
f 2410 2420 2442
f 2433 972 1778
f 2433 2366 972
f 955 522 1225
f 2339 2307 2274
f 2372 1493 2387
f 2411 2420 2410
f 2420 954 2442
f 2442 954 2141
f 2344 2433 1778
f 2205 2212 2218
f 2328 2334 2351
f 2394 2401 2414
f 2250 2256 2271
f 2339 1209 2307
f 2328 2322 2323
f 866 845 2425
f 3 316 893
f 2387 2411 2410
f 2441 2141 954
f 2141 2441 2258
f 2354 2433 2344
f 2254 2294 2270
f 2269 2254 2270
f 863 2305 846
f 2441 2354 2258
f 2258 2354 2344
f 2319 2355 51
f 2223 2228 1784
f 1493 2411 2387
f 1560 2449 1555
f 2288 2324 2255
f 825 2251 2238
f 2251 2245 2238
f 1299 84 1312
f 2246 2265 2228
f 2313 2274 2265
f 2313 2339 2274
f 2251 2277 2245
f 2319 51 2331
f 891 1862 2252
f 2443 954 2420
f 2443 2441 954
f 511 2447 2439
f 2242 2233 2211
f 188 15 814
f 2443 2426 2441
f 2426 2354 2441
f 2306 2403 2433
f 2433 2403 2366
f 539 2303 2331
f 2246 2228 2223
f 1030 1819 1807
f 2354 2306 2433
f 2413 2412 2376
f 2438 2455 1888
f 1848 1857 2176
f 2207 2208 2223
f 2208 2246 2223
f 1209 2339 1217
f 2339 2361 1217
f 1221 1210 2388
f 554 109 78
f 386 1375 95
f 2327 2326 2318
f 2179 2182 1393
f 2182 2208 1393
f 1393 2208 2207
f 2361 2399 2388
f 2388 2399 1211
f 2306 2354 2426
f 2403 2359 2366
f 2214 2226 2213
f 2268 2253 2276
f 889 2200 2179
f 2200 2182 2179
f 2200 2221 2182
f 2221 2208 2182
f 2314 2265 2246
f 2314 2313 2265
f 2339 2374 2361
f 2478 2434 2379
f 2205 2217 2199
f 2208 2259 2246
f 2259 2275 2246
f 2314 2321 2313
f 2313 2347 2339
f 2347 2374 2339
f 2374 2399 2361
f 153 154 2426
f 154 2306 2426
f 2385 2359 2403
f 2221 2259 2208
f 2306 2357 2403
f 2357 2385 2403
f 2237 2256 2231
f 2172 2180 889
f 2180 2200 889
f 2200 2201 2221
f 2246 2291 2314
f 2374 2444 2399
f 571 555 2311
f 2192 2205 2199
f 2173 2180 2172
f 2279 2246 2275
f 2279 2291 2246
f 2292 2314 2291
f 2321 2362 2313
f 2362 2347 2313
f 2347 2389 2374
f 2444 955 2437
f 2292 2291 2279
f 2452 2444 2374
f 2054 2356 1996
f 2338 2306 154
f 2186 2192 2191
f 2193 2201 2200
f 2259 2221 2201
f 2247 2259 2201
f 2452 955 2444
f 2278 2277 2251
f 2338 2357 2306
f 2181 2186 2185
f 2276 2326 2281
f 2432 2457 2446
f 2198 2201 2193
f 2198 2232 2201
f 2232 2247 2201
f 2389 2452 2374
f 2452 1630 955
f 1403 1749 1444
f 1555 1996 1561
f 2357 2427 2385
f 2385 2428 230
f 2409 2415 2424
f 2304 2331 2299
f 2193 2200 2180
f 2445 2452 2389
f 1565 1759 1927
f 2380 1544 2370
f 2338 2427 2357
f 2427 2428 2385
f 230 222 253
f 2202 2198 2193
f 2202 2209 2198
f 2209 2241 2198
f 2241 2232 2198
f 2266 2275 2259
f 2365 1340 1128
f 2415 518 2424
f 2338 170 2427
f 170 2428 2427
f 2181 2185 2177
f 2196 2195 2189
f 2183 2193 2180
f 2453 1630 2452
f 2197 2214 2189
f 2401 2409 2414
f 822 2220 2197
f 1210 2361 2388
f 2187 2193 2183
f 2187 2202 2193
f 2266 2279 2275
f 2279 2300 2292
f 2375 2347 2362
f 2375 2390 2347
f 2390 2389 2347
f 2453 2452 2445
f 1347 1630 2453
f 1630 1347 522
f 2220 2206 2197
f 2262 2350 2286
f 170 254 2428
f 2457 1973 2446
f 1973 1365 2446
f 2174 2183 2180
f 2194 2202 2187
f 2222 2241 2209
f 2222 2260 2241
f 2266 2259 2247
f 2390 2445 2389
f 2264 2251 825
f 2363 2368 2351
f 2326 2393 2341
f 1855 1850 1851
f 2210 2209 2202
f 2210 2222 2209
f 2261 2260 2222
f 2280 2279 2266
f 2280 2300 2279
f 251 263 2359
f 2277 2304 2299
f 2220 2230 2206
f 2202 2194 2210
f 2213 2243 2234
f 2328 2327 2322
f 2294 2310 2293
f 2214 2196 2189
f 2196 2213 2219
f 2224 2222 2210
f 2421 2390 2375
f 2206 2230 2214
f 2194 2203 2210
f 2224 2261 2222
f 2421 2445 2390
f 2322 2327 2318
f 2393 2408 2341
f 1365 1973 510
f 2216 2210 2203
f 2216 2224 2210
f 2266 2308 2280
f 2280 2308 2300
f 2407 2421 2375
f 2175 2183 2174
f 2194 2190 2203
f 2454 2445 2421
f 522 1347 523
f 2456 2455 2423
f 823 2197 2178
f 2281 2333 2287
f 2188 2187 2183
f 2188 2190 2194
f 2187 2188 2194
f 2308 2315 2300
f 2407 2375 2362
f 2443 2420 2503
f 2420 2411 2503
f 2411 1493 2503
f 1493 1487 2503
f 1487 1318 2503
f 1318 1320 2503
f 1320 2443 2503
