# Phase 3 generated mesh
o mesh
v -100.000000 55.952751 0.000000
v -99.738887 55.952751 -2.517874
v -99.738887 55.952751 2.517874
v -99.672055 51.792415 0.000000
v -99.533727 59.743550 0.000000
v -99.533727 59.743550 0.000000
v -99.414827 51.844700 -2.517874
v -99.414827 51.844700 2.517874
v -99.275319 59.690488 -2.517874
v -99.275319 59.690488 2.517874
v -99.030152 55.952751 -4.476220
v -99.030152 55.952751 4.476220
v -98.716599 51.986509 -4.476220
v -98.716599 51.986509 4.476220
v -98.682002 47.709046 0.000000
v -98.682002 47.709046 0.000000
v -98.573889 59.546441 -4.476220
v -98.573889 59.546441 4.476220
v -98.436214 47.801989 -2.517874
v -98.436214 47.801989 2.517874
v -98.134908 62.778987 0.000000
v -97.985701 55.952751 -5.875039
v -97.985701 55.952751 5.875039
v -97.884924 62.683432 2.517874
v -97.884924 62.683432 -2.517874
v -97.769039 48.054305 -4.476220
v -97.769039 48.054305 4.476220
v -97.687628 52.195555 -5.875039
v -97.687628 52.195555 5.875039
v -97.540255 59.334131 -5.875039
v -97.540255 59.334131 5.875039
v -97.206435 62.424029 -4.476220
v -97.206435 62.424029 4.476220
v -97.020516 43.709574 0.000000
v -97.020516 43.709574 0.000000
v -96.793472 43.833851 2.517874
v -96.793472 43.833851 -2.517874
v -96.785887 48.426142 -5.875039
v -96.785887 48.426142 5.875039
v -96.717439 55.952751 -6.714330
v -96.717439 55.952751 6.714330
v -96.438172 52.449363 -6.714330
v -96.438172 52.449363 6.714330
v -96.285079 59.076376 -6.714330
v -96.285079 59.076376 6.714330
v -96.206559 62.041747 -5.875039
v -96.206559 62.041747 5.875039
v -96.177246 44.171122 -4.476220
v -96.177246 44.171122 4.476220
v -95.803544 65.142990 0.000000
v -95.592011 48.877650 6.714330
v -95.592011 48.877650 -6.714330
v -95.568293 65.014330 -2.517874
v -95.568293 65.014330 2.517874
v -95.337271 55.952751 -6.994094
v -95.337271 55.952751 6.994094
v -95.269071 44.668138 5.875039
v -95.269071 44.668138 -5.875039
v -95.078489 52.725552 6.994094
v -95.078489 52.725552 -6.994094
v -94.992415 61.577557 -6.714330
v -94.992415 61.577557 6.714330
v -94.929717 64.665092 -4.476220
v -94.929717 64.665092 4.476220
v -94.919179 58.795866 -6.994094
v -94.919179 58.795866 6.994094
v -94.678272 39.801057 0.000000
v -94.477028 39.949363 -2.517874
v -94.477028 39.949363 2.517874
v -94.292819 49.368977 -6.994094
v -94.292819 49.368977 6.994094
v -94.166335 45.271682 6.714330
v -94.166335 45.271682 -6.714330
v -93.988654 64.150451 -5.875039
v -93.988654 64.150451 5.875039
v -93.957103 55.952751 -6.714330
v -93.957103 55.952751 6.714330
v -93.930836 40.351943 -4.476220
v -93.930836 40.351943 4.476220
v -93.718806 53.001772 -6.714330
v -93.718806 53.001772 6.714330
v -93.671122 61.072428 6.994094
v -93.671122 61.072428 -6.994094
v -93.553279 58.515325 -6.714330
v -93.553279 58.515325 6.714330
v -93.125925 40.945166 -5.875039
v -93.125925 40.945166 5.875039
v -92.993628 49.860305 6.714330
v -92.993628 49.860305 -6.714330
v -92.966273 45.928474 6.994094
v -92.966273 45.928474 -6.994094
v -92.845943 63.525521 -6.714330
v -92.845943 63.525521 6.714330
v -92.688841 55.952751 -5.875039
v -92.688841 55.952751 5.875039
v -92.539633 66.919490 0.000000
v -92.539633 66.919490 0.000000
v -92.469350 53.255580 -5.875039
v -92.469350 53.255580 5.875039
v -92.349829 60.567299 -6.714330
v -92.349829 60.567299 6.714330
v -92.325863 66.765962 -2.517874
v -92.325863 66.765962 2.517874
v -92.298104 58.257569 -5.875039
v -92.298104 58.257569 5.875039
v -92.148523 41.665558 -6.714330
v -92.148523 41.665558 6.714330
v -91.799751 50.311812 -5.875039
v -91.799751 50.311812 5.875039
v -91.766211 46.585266 6.714330
v -91.766211 46.585266 -6.714330
v -91.745664 66.349207 -4.476220
v -91.745664 66.349207 4.476220
v -91.645943 35.990457 0.000000
v -91.645943 35.990457 0.000000
v -91.644389 55.952751 -4.476220
v -91.644389 55.952751 4.476220
v -91.602425 62.845415 -6.994094
v -91.602425 62.845415 6.994094
v -91.477308 36.157725 2.517874
v -91.477308 36.157725 -2.517874
v -91.440379 53.464594 -4.476220
v -91.440379 53.464594 4.476220
v -91.264470 58.045260 -4.476220
v -91.264470 58.045260 4.476220
v -91.135685 60.103108 -5.875039
v -91.135685 60.103108 5.875039
v -91.084862 42.449487 -6.994094
v -91.084862 42.449487 6.994094
v -91.019583 36.611750 -4.476220
v -91.019583 36.611750 4.476220
v -90.935654 55.952751 -2.517874
v -90.935654 55.952751 2.517874
v -90.890581 65.735095 -5.875039
v -90.890581 65.735095 5.875039
v -90.816599 50.683649 -4.476220
v -90.816599 50.683649 4.476220
v -90.742151 53.606435 -2.517874
v -90.742151 53.606435 2.517874
v -90.674541 55.952751 0.000000
v -90.663475 47.188778 5.875039
v -90.663475 47.188778 -5.875039
v -90.563040 57.901212 -2.517874
v -90.563040 57.901212 2.517874
v -90.484924 53.658688 0.000000
v -90.358906 62.165340 -6.714330
v -90.358906 62.165340 6.714330
v -90.345042 37.280852 -5.875039
v -90.345042 37.280852 5.875039
v -90.304632 57.848150 0.000000
v -90.304632 57.848150 0.000000
v -90.149425 50.935965 -2.517874
v -90.149425 50.935965 2.517874
v -90.135810 59.720827 -4.476220
v -90.135810 59.720827 4.476220
v -90.021200 43.233416 -6.714330
v -90.021200 43.233416 6.714330
v -89.903637 51.028909 0.000000
v -89.903637 51.028909 0.000000
v -89.852316 64.989338 -6.714330
v -89.852316 64.989338 6.714330
v -89.755300 47.685825 -4.476220
v -89.755300 47.685825 4.476220
v -89.525956 38.093348 -6.714330
v -89.525956 38.093348 6.714330
v -89.457320 59.461424 2.517874
v -89.457320 59.461424 -2.517874
v -89.216195 61.540410 -5.875039
v -89.216195 61.540410 5.875039
v -89.207336 59.365869 0.000000
v -89.207336 59.365869 0.000000
v -89.139074 48.023096 2.517874
v -89.139074 48.023096 -2.517874
v -89.043799 43.953808 -5.875039
v -89.043799 43.953808 5.875039
v -88.912030 48.147342 0.000000
v -88.722412 64.177805 -6.994094
v -88.722412 64.177805 6.994094
v -88.634597 38.977495 6.994094
v -88.634597 38.977495 -6.994094
v -88.343177 68.192415 0.000000
v -88.275132 61.025769 -4.476220
v -88.275132 61.025769 4.476220
v -88.238887 44.547031 -4.476220
v -88.238887 44.547031 4.476220
v -88.158222 68.021076 -2.517874
v -88.158222 68.021076 2.517874
v -87.914206 32.284737 0.000000
v -87.914206 32.284737 0.000000
v -87.784706 32.468045 2.517874
v -87.784706 32.468045 -2.517874
v -87.743239 39.861672 -6.714330
v -87.743239 39.861672 6.714330
v -87.692695 44.949611 -2.517874
v -87.692695 44.949611 2.517874
v -87.656201 67.555953 -4.476220
v -87.656201 67.555953 4.476220
v -87.636556 60.676531 -2.517874
v -87.636556 60.676531 2.517874
v -87.592509 63.366273 -6.714330
v -87.592509 63.366273 6.714330
v -87.491452 45.097917 0.000000
v -87.433168 32.965558 -4.476220
v -87.433168 32.965558 4.476220
v -87.401306 60.547871 0.000000
v -86.924153 40.674168 -5.875039
v -86.924153 40.674168 5.875039
v -86.916382 66.870532 -5.875039
v -86.916382 66.870532 5.875039
v -86.915107 33.698788 -5.875039
v -86.915107 33.698788 5.875039
v -86.554243 62.620516 -5.875039
v -86.554243 62.620516 5.875039
v -86.286043 34.589089 6.714330
v -86.286043 34.589089 -6.714330
v -86.249611 41.343270 -4.476220
v -86.249611 41.343270 4.476220
v -86.018029 66.038234 -6.714330
v -86.018029 66.038234 6.714330
v -85.791887 41.797296 2.517874
v -85.791887 41.797296 -2.517874
v -85.699161 62.006403 -4.476220
v -85.699161 62.006403 4.476220
v -85.623251 41.964563 0.000000
v -85.623251 41.964563 0.000000
v -85.601492 35.557973 6.994094
v -85.601492 35.557973 -6.994094
v -85.118962 61.589649 -2.517874
v -85.118962 61.589649 2.517874
v -85.040410 65.132484 -6.994094
v -85.040410 65.132484 6.994094
v -84.916941 36.526857 6.714330
v -84.916941 36.526857 -6.714330
v -84.905191 61.436121 0.000000
v -84.905191 61.436121 0.000000
v -84.287877 37.417159 -5.875039
v -84.287877 37.417159 5.875039
v -84.062791 64.226764 -6.714330
v -84.062791 64.226764 6.714330
v -83.769817 38.150389 -4.476220
v -83.769817 38.150389 4.476220
v -83.473733 28.690923 0.000000
v -83.418278 38.647902 2.517874
v -83.418278 38.647902 -2.517874
v -83.389618 28.889493 -2.517874
v -83.389618 28.889493 2.517874
v -83.288778 38.831209 0.000000
v -83.288778 38.831209 0.000000
v -83.214175 69.045695 0.000000
v -83.214175 69.045695 0.000000
v -83.164439 63.394467 -5.875039
v -83.164439 63.394467 5.875039
v -83.161268 29.428380 -4.476220
v -83.161268 29.428380 4.476220
v -83.065869 68.862387 -2.517874
v -83.065869 68.862387 2.517874
v -82.824806 30.222568 5.875039
v -82.824806 30.222568 -5.875039
v -82.663289 68.364874 -4.476220
v -82.663289 68.364874 4.476220
v -82.424619 62.709046 -4.476220
v -82.424619 62.709046 4.476220
v -82.416195 31.186913 -6.714330
v -82.416195 31.186913 6.714330
v -82.070065 67.631644 -5.875039
v -82.070065 67.631644 5.875039
v -81.971557 32.236369 -6.994094
v -81.971557 32.236369 6.994094
v -81.922599 62.243923 -2.517874
v -81.922599 62.243954 2.517874
v -81.737644 62.072583 0.000000
v -81.737644 62.072583 0.000000
v -81.526919 33.285794 -6.714330
v -81.526919 33.285794 6.714330
v -81.349674 66.741343 -6.714330
v -81.349674 66.741343 6.714330
v -81.118309 34.250171 -5.875039
v -81.118309 34.250171 5.875039
v -80.781846 35.044327 -4.476220
v -80.781846 35.044327 4.476220
v -80.565744 65.772459 -6.994094
v -80.565744 65.772459 6.994094
v -80.553497 35.583245 2.517874
v -80.553497 35.583245 -2.517874
v -80.469381 35.781784 0.000000
v -79.781815 64.803575 -6.714330
v -79.781815 64.803575 6.714330
v -79.061424 63.913273 -5.875039
v -79.061424 63.913273 5.875039
v -78.468200 63.180044 -4.476220
v -78.468200 63.180044 4.476220
v -78.315200 25.216040 0.000000
v -78.315200 25.216040 0.000000
v -78.282468 25.431209 2.517874
v -78.282468 25.431209 -2.517874
v -78.193659 26.015200 4.476220
v -78.193659 26.015200 -4.476220
v -78.065620 62.682530 -2.517874
v -78.065620 62.682530 2.517874
v -78.062729 26.875816 5.875039
v -78.062729 26.875816 -5.875039
v -77.917314 62.499223 0.000000
v -77.917314 62.499223 0.000000
v -77.903792 27.920858 6.714330
v -77.903792 27.920858 -6.714330
v -77.730805 29.058129 6.994094
v -77.730805 29.058129 -6.994094
v -77.557818 30.195399 6.714330
v -77.557818 30.195399 -6.714330
v -77.398881 31.240441 5.875039
v -77.398881 31.240441 -5.875039
v -77.267952 32.101057 -4.476220
v -77.267952 32.101057 4.476220
v -77.179142 32.685048 2.517874
v -77.179142 32.685048 -2.517874
v -77.152627 69.563258 0.000000
v -77.146410 32.900218 0.000000
v -77.146410 32.900218 0.000000
v -77.049301 69.372707 -2.517874
v -77.049301 69.372707 2.517874
v -76.768884 68.855518 -4.476220
v -76.768884 68.855518 4.476220
v -76.355642 68.093317 -5.875039
v -76.355642 68.093317 5.875039
v -75.853839 67.167796 -6.714330
v -75.853839 67.167796 6.714330
v -75.307740 66.160615 6.994094
v -75.307740 66.160647 -6.994094
v -74.761641 65.153466 -6.714330
v -74.761641 65.153466 6.714330
v -74.259838 64.227945 -5.875039
v -74.259838 64.227945 5.875039
v -73.846596 63.465744 -4.476220
v -73.846596 63.465744 4.476220
v -73.566180 62.948555 -2.517874
v -73.566180 62.948555 2.517874
v -73.462854 62.758004 0.000000
v -73.301212 30.270438 0.000000
v -73.301212 30.270438 0.000000
v -73.276811 30.035157 2.517874
v -73.276811 30.035157 -2.517874
v -73.210538 29.396487 4.476220
v -73.210538 29.396487 -4.476220
v -73.112869 28.455300 5.875039
v -73.112869 28.455300 -5.875039
v -72.994280 27.312434 6.714330
v -72.994280 27.312434 -6.714330
v -72.865247 26.068729 6.994094
v -72.865247 26.068729 -6.994094
v -72.736214 24.825023 6.714330
v -72.736214 24.825023 -6.714330
v -72.617625 23.682157 5.875039
v -72.617625 23.682157 -5.875039
v -72.519956 22.741001 4.476220
v -72.519956 22.741001 -4.476220
v -72.453684 22.102331 2.517874
v -72.453684 22.102331 -2.517874
v -72.429282 21.867050 0.000000
v -72.429282 21.867050 0.000000
v -70.158533 69.829033 0.000000
v -70.158533 69.829033 0.000000
v -70.109108 69.634753 -2.517874
v -70.109108 69.634753 2.517874
v -69.974915 69.107460 -4.476220
v -69.974915 69.107460 4.476220
v -69.777153 68.330401 -5.875039
v -69.777153 68.330401 5.875039
v -69.537022 67.386820 6.714330
v -69.537022 67.386820 -6.714330
v -69.275723 66.359963 6.994094
v -69.275723 66.359963 -6.994094
v -69.014423 65.333105 6.714330
v -69.014423 65.333105 -6.714330
v -68.915138 27.976376 0.000000
v -68.915138 27.976376 0.000000
v -68.915138 27.976376 0.000000
v -68.828101 27.715263 2.517874
v -68.828101 27.715263 -2.517874
v -68.774293 64.389524 -5.875039
v -68.774293 64.389524 5.875039
v -68.689773 32.240441 -0.000000
v -68.689773 32.240441 0.000000
v -68.591856 27.006528 4.476220
v -68.591856 27.006528 -4.476220
v -68.576531 63.612465 4.476220
v -68.576531 63.612465 -4.476220
v -68.479950 23.987411 0.000000
v -68.479950 23.987411 0.000000
v -68.442338 63.085173 -2.517874
v -68.442338 63.085173 2.517874
v -68.392913 62.890892 0.000000
v -68.392913 62.890892 0.000000
v -68.243705 25.962076 5.875039
v -68.243705 25.962076 -5.875039
v -68.114392 27.976376 -10.200808
v -68.114392 27.976376 -10.200808
v -68.114392 27.976376 10.200808
v -68.044762 36.630401 -0.000000
v -68.044762 36.630401 0.000000
v -67.891918 32.240441 -10.163817
v -67.891918 32.240441 10.163817
v -67.820951 24.693814 6.714330
v -67.820951 24.693814 -6.714330
v -67.684800 23.987411 -10.129406
v -67.684800 23.987411 10.129406
v -67.360895 23.313646 -6.994094
v -67.360895 23.313646 6.994094
v -67.298726 20.404103 0.000000
v -67.298726 20.404103 0.000000
v -67.255238 36.630401 -10.058004
v -67.255238 36.630401 10.058004
v -67.026733 41.132266 0.000000
v -67.026733 41.132266 0.000000
v -66.900839 21.933478 6.714330
v -66.900839 21.933478 -6.714330
v -66.518806 20.404103 -9.935592
v -66.518806 20.404103 9.935592
v -66.478085 20.665216 5.875039
v -66.478085 20.665216 -5.875039
v -66.250295 41.132266 -9.890954
v -66.250295 41.132266 9.890954
v -66.129935 19.620765 4.476220
v -66.129935 19.620765 -4.476220
v -65.893690 18.912030 2.517874
v -65.893690 18.912030 -2.517874
v -65.806652 18.650917 0.000000
v -65.806652 18.650917 0.000000
v -65.791731 27.976376 -19.834629
v -65.791731 27.976376 -19.834629
v -65.791731 27.976376 19.834629
v -65.791731 27.976376 19.834629
v -65.682313 45.732048 0.000000
v -65.682313 45.732048 0.000000
v -65.577681 32.240441 -19.762729
v -65.577681 32.240441 19.762729
v -65.557973 17.212465 0.000000
v -65.557973 17.212465 0.000000
v -65.378396 23.987411 -19.695772
v -65.378396 23.987411 19.695772
v -64.965092 36.630401 -19.556947
v -64.965092 36.630401 19.556947
v -64.923220 45.732048 -9.670376
v -64.923220 45.732048 9.670376
v -64.800466 17.212465 -9.649953
v -64.800466 17.212465 9.649953
v -64.256512 20.404103 -19.318931
v -64.256512 20.404103 19.318931
v -64.058129 50.415760 0.000000
v -64.058129 50.415760 0.000000
v -63.998197 41.132266 -19.232142
v -63.998197 41.132266 19.232142
v -63.444203 14.398508 -0.000000
v -63.444203 14.398508 0.000000
v -63.319956 50.415760 -9.403855
v -63.319956 50.415760 9.403886
v -62.726142 62.939851 0.000000
v -62.721324 45.732048 -18.803233
v -62.721324 45.732048 18.803233
v -62.713926 14.398508 -9.303140
v -62.713926 14.398508 9.303140
v -62.712310 63.135499 -2.517874
v -62.712310 63.135499 2.517874
v -62.674728 63.666522 -4.476220
v -62.674728 63.666522 4.476220
v -62.619397 64.449052 -5.875039
v -62.619397 64.449052 5.875039
v -62.603233 17.212465 -18.763569
v -62.603233 17.212465 18.763569
v -62.552160 65.399316 -6.714330
v -62.552160 65.399316 6.714330
v -62.479018 66.433416 -6.994094
v -62.479018 66.433416 6.994094
v -62.405875 67.467485 -6.714330
v -62.405875 67.467485 6.714330
v -62.338638 68.417749 -5.875039
v -62.338638 68.417749 5.875039
v -62.283307 69.200280 -4.476220
v -62.283307 69.200280 4.476220
v -62.245726 69.731302 -2.517874
v -62.245726 69.731302 2.517874
v -62.231893 69.926951 0.000000
v -62.200808 55.169412 -0.000000
v -62.200808 55.169412 0.000000
v -62.066522 27.976376 -28.782095
v -62.066522 27.976376 -28.782095
v -62.066522 27.976376 28.782095
v -62.066522 27.976376 28.782095
v -61.865993 32.240441 -28.677774
v -61.865993 32.240441 28.677774
v -61.679266 23.987411 -28.580634
v -61.679266 23.987411 28.580634
v -61.486540 55.169412 -9.099130
v -61.486540 55.169412 9.099130
v -61.292011 36.630401 -28.379142
v -61.292011 36.630401 28.379142
v -61.178738 50.415760 -18.285048
v -61.178738 50.415760 18.285048
v -61.143923 11.948244 -0.000000
v -61.143923 11.948244 0.000000
v -60.628163 20.404103 -28.033758
v -60.628163 20.404103 28.033758
v -60.595648 14.398508 -18.089182
v -60.595648 14.398508 18.089182
v -60.443270 11.948244 -8.925707
v -60.443270 11.948244 8.925707
v -60.386136 41.132266 -27.907833
v -60.386136 41.132266 27.907833
v -60.156979 59.979018 -0.000000
v -60.156979 59.979018 0.000000
v -59.469039 59.979018 -8.763755
v -59.469039 59.979018 8.763755
v -59.414734 55.169412 -17.692477
v -59.414734 55.169412 17.692477
v -59.189835 45.732048 -27.285421
v -59.189835 45.732048 27.285421
v -59.079173 17.212465 -27.227852
v -59.079173 17.212465 27.227852
v -58.843643 9.847684 0.000000
v -58.843643 9.847684 0.000000
v -58.410942 11.948244 -17.355300
v -58.410942 11.948244 17.355300
v -58.172614 9.847684 -8.548275
v -58.172614 9.847684 8.548275
v -57.973267 64.830588 0.000000
v -57.973267 64.830588 0.000000
v -57.744576 50.415760 -26.533509
v -57.744576 50.415760 26.533509
v -57.473578 59.979018 -17.040410
v -57.473578 59.979018 17.040410
v -57.313460 64.830588 -8.405471
v -57.313460 64.830588 8.405471
v -57.198259 14.398508 -26.249270
v -57.198259 14.398508 26.249270
v -57.058129 27.976376 -36.923842
v -57.058129 27.976376 -36.923842
v -57.058129 27.976376 36.923842
v -57.058129 27.976376 36.923842
v -56.875754 32.240441 -36.789991
v -56.875754 32.240441 36.789991
v -56.729873 8.082841 -0.000000
v -56.729873 8.082841 0.000000
v -56.705937 23.987411 -36.665371
v -56.705937 23.987411 36.665371
v -56.481194 62.946845 0.000000
v -56.394156 63.142680 -2.517874
v -56.394156 63.142680 2.517874
v -56.353746 36.630401 -36.406901
v -56.353746 36.630401 36.406901
v -56.226236 9.847684 -16.621417
v -56.226236 9.847684 16.621417
v -56.157911 63.674231 -4.476220
v -56.157911 63.674231 4.476220
v -56.091856 55.169412 -25.673640
v -56.091856 55.169412 25.673640
v -56.086074 8.082841 8.201461
v -56.086074 8.082841 -8.201461
v -55.809761 64.457569 -5.875039
v -55.809761 64.457569 5.875039
v -55.749984 20.404103 -35.963817
v -55.749984 20.404103 35.963817
v -55.696301 69.710134 0.000000
v -55.696301 69.710134 0.000000
v -55.529873 41.132266 -35.802269
v -55.529873 41.132266 35.802269
v -55.399565 64.830588 -16.343736
v -55.399565 64.830588 16.343736
v -55.387007 65.408766 -6.714330
v -55.387007 65.408766 6.714330
v -55.151383 11.948244 -25.184333
v -55.151383 11.948244 25.184333
v -55.065807 69.710134 -8.031862
v -55.065807 69.710134 8.031862
v -54.989120 6.639726 0.000000
v -54.989120 6.639726 0.000000
v -54.926951 66.443892 -6.994094
v -54.926951 66.443892 6.994094
v -54.466895 67.479018 -6.714330
v -54.466895 67.479018 6.714330
v -54.441871 45.732048 -35.003792
v -54.441871 45.732048 35.003792
v -54.367734 6.639726 7.915822
v -54.367734 6.639726 -7.915822
v -54.341250 17.212465 -34.929966
v -54.341250 17.212465 34.929966
v -54.273174 59.979018 -24.727417
v -54.273174 59.979018 24.727417
v -54.218651 8.082841 -15.947031
v -54.218651 8.082841 15.947031
v -54.044141 68.430214 -5.875039
v -54.044141 68.430214 5.875039
v -53.807896 5.504352 0.000000
v -53.807896 5.504352 0.000000
v -53.695990 69.213553 -4.476220
v -53.695990 69.213553 4.476220
v -53.459745 69.745104 -2.517874
v -53.459745 69.745104 2.517874
v -53.372707 74.603668 0.000000
v -53.372707 4.662729 0.000000
v -53.372707 69.940939 0.000000
v -53.372707 74.603668 0.000000
v -53.372707 4.662729 0.000000
v -53.263133 3.965651 -0.000000
v -53.263133 3.965651 0.000000
v -53.237022 69.710134 -15.617283
v -53.237022 69.710134 15.617283
v -53.201741 5.504352 7.722008
v -53.201741 5.504352 -7.722008
v -53.127448 50.415760 -34.039167
v -53.127448 50.415760 34.039167
v -53.104507 9.847684 -24.119397
v -53.104507 9.847684 24.119397
v -52.775878 3.282561 0.000000
v -52.775878 3.282561 -0.000000
v -52.772148 74.603668 -7.650606
v -52.772148 4.662729 7.650606
v -52.772148 74.603668 7.650606
v -52.772148 4.662729 -7.650606
v -52.772148 4.662729 -7.650606
v -52.772148 4.662729 7.650606
v -52.761113 75.705222 0.000000
v -52.761113 75.705222 0.000000
v -52.663973 3.965651 7.632639
v -52.663973 3.965651 -7.632639
v -52.630619 14.398508 -33.674541
v -52.630619 14.398508 33.674541
v -52.565371 6.639726 15.391669
v -52.565371 6.639726 -15.391669
v -52.329997 64.830588 -23.716444
v -52.329997 64.830588 23.716444
v -52.182997 3.282561 -7.552689
v -52.182997 3.282561 7.552689
v -52.168418 75.705222 -7.550264
v -52.168418 75.705222 7.550264
v -52.116879 76.562014 0.000000
v -52.116879 76.562014 0.000000
v -51.673143 2.627448 0.000000
v -51.673143 2.627448 0.000000
v -51.624371 55.169412 -32.936058
v -51.624371 55.169412 32.936058
v -51.532484 76.562014 -7.444545
v -51.532484 76.562014 7.444545
v -51.477308 77.173982 0.000000
v -51.443488 5.504352 15.014827
v -51.443488 5.504352 -15.014827
v -51.223593 8.082841 23.140814
v -51.223593 8.082841 -23.140814
v -51.094467 2.627448 -7.371744
v -51.094467 2.627448 7.371744
v -51.030152 74.603668 -14.875971
v -51.030152 4.662729 -14.875971
v -51.030152 4.662729 -14.875971
v -51.030152 4.662729 14.875971
v -51.030152 4.662729 14.875971
v -51.030152 74.603668 14.875971
v -50.926080 3.965651 14.841001
v -50.926080 3.965651 -14.841001
v -50.901150 77.173982 -7.339602
v -50.901150 77.173982 7.339602
v -50.885919 27.976376 -44.140504
v -50.885919 27.976376 -44.140504
v -50.885919 27.976376 44.140504
v -50.885919 27.976376 44.140504
v -50.879702 77.541187 0.000000
v -50.879702 77.541187 0.000000
v -50.769039 11.948244 -32.308362
v -50.769039 11.948244 32.308362
v -50.725925 32.240441 -43.980510
v -50.725925 32.240441 43.980510
v -50.576935 23.987411 -43.831520
v -50.576935 23.987411 43.831520
v -50.463320 3.282561 -14.685546
v -50.463320 3.282561 14.685546
v -50.449270 75.705222 -14.680852
v -50.449270 75.705222 14.680852
v -50.361362 77.663600 0.000000
v -50.361362 77.663600 0.000000
v -50.311253 77.541187 -7.241560
v -50.311253 77.541187 7.241560
v -50.303886 69.710134 -22.662294
v -50.303886 69.710134 22.662294
v -50.267952 36.630401 -43.522537
v -50.267952 36.630401 43.522537
v -50.264221 74.603668 0.000000
v -50.264221 74.603668 0.000000
v -49.970314 59.979018 -31.722195
v -49.970314 59.979018 31.722195
v -49.959590 77.541187 0.000000
v -49.959590 77.541187 0.000000
v -49.837426 76.562014 -14.475319
v -49.837426 76.562014 14.475319
v -49.826702 75.705222 0.000000
v -49.826702 75.705222 0.000000
v -49.799596 77.663600 -7.156512
v -49.799596 77.663600 7.156512
v -49.738265 20.404103 -42.992850
v -49.738265 20.404103 42.992850
v -49.717128 2.014299 -0.000000
v -49.717128 2.014299 0.000000
v -49.711688 77.173982 -0.000000
v -49.711688 77.173982 0.000000
v -49.703699 74.603668 -7.140566
v -49.703699 74.603668 7.140566
v -49.674604 6.639726 22.334908
v -49.674604 6.639726 -22.334908
v -49.654958 76.562014 0.000000
v -49.654958 76.562014 0.000000
v -49.545166 41.132266 -42.799720
v -49.545135 41.132266 42.799751
v -49.415978 2.627448 -14.333727
v -49.415978 2.627448 14.333727
v -49.402984 77.541187 -7.090581
v -49.402984 77.541187 7.090581
v -49.271806 75.705222 -7.068791
v -49.271806 75.705222 7.068791
v -49.229966 77.173982 -14.271278
v -49.229966 77.173982 14.271278
v -49.163662 2.014299 -7.050793
v -49.163662 2.014299 7.050793
v -49.158284 77.173982 -7.049891
v -49.158284 77.173982 7.049891
v -49.102269 76.562014 -7.040597
v -49.102269 76.562014 7.040597
v -48.907460 9.847684 -30.942182
v -48.907460 9.847684 30.942182
v -48.662387 77.541187 -14.080603
v -48.662387 77.541187 14.080603
v -48.623500 5.504352 21.788032
v -48.623500 5.504352 -21.788032
v -48.590612 45.732048 -41.845197
v -48.590612 45.732048 41.845197
v -48.502331 17.212465 -41.756916
v -48.502331 17.212465 41.756916
v -48.236245 74.603668 -21.586571
v -48.236245 4.662729 -21.586571
v -48.236245 4.662729 21.586571
v -48.236245 4.662729 21.586571
v -48.236245 74.603668 21.586571
v -48.236245 4.662729 -21.586571
v -48.203077 64.830588 -30.425241
v -48.203077 64.830588 30.425241
v -48.170096 77.663600 -13.915232
v -48.170096 77.663600 13.915232
v -48.138732 3.965651 21.535841
v -48.138732 3.965651 -21.535841
v -48.077836 74.603668 -13.884240
v -48.077836 74.603668 13.884240
v -47.788499 77.541187 -13.787038
v -47.788499 77.541187 13.787038
v -47.705160 3.282561 -21.310258
v -47.705160 3.282561 21.310258
v -47.692011 75.705222 -21.303419
v -47.692011 75.705222 21.303419
v -47.662294 75.705222 -13.744669
v -47.662294 75.705222 13.744669
v -47.558222 2.014299 13.709698
v -47.558222 2.014299 -13.709698
v -47.553062 77.173982 -13.707958
v -47.553062 77.173982 13.707958
v -47.499192 76.562014 -13.689866
v -47.499192 76.562014 13.689866
v -47.437457 50.415760 -40.692042
v -47.437457 50.415760 40.692042
v -47.196829 8.082841 29.686758
v -47.196829 8.082841 -29.686758
v -47.155735 74.603668 0.000000
v -47.155735 74.603668 0.000000
v -47.118744 76.562014 -21.005160
v -47.118744 76.562014 21.005160
v -47.001554 14.398508 -40.256139
v -47.001554 14.398508 40.256139
v -46.723904 2.627448 -20.799751
v -46.723904 2.627448 20.799751
v -46.670034 1.457103 0.000000
v -46.670034 1.457103 0.000000
v -46.635250 74.603668 -6.630525
v -46.635250 74.603668 6.630525
v -46.549643 77.173982 -20.709077
v -46.549643 77.173982 20.709077
v -46.366180 75.871930 0.000000
v -46.366180 75.871930 0.000000
v -46.360398 69.710134 -29.072925
v -46.360398 69.710134 29.072925
v -46.155797 1.457103 -6.550824
v -46.155797 1.457103 6.550824
v -46.118744 55.169412 -39.373329
v -46.118744 55.169412 39.373329
v -46.017874 77.541187 -20.432422
v -46.017874 77.541187 20.432422
v -45.855859 75.871930 6.500964
v -45.855859 75.871930 -6.500964
v -45.788094 6.639726 28.652906
v -45.788094 6.639726 -28.652906
v -45.556637 77.663600 -20.192446
v -45.556637 77.663600 20.192446
v -45.470190 74.603668 -20.147467
v -45.470190 74.603668 20.147467
v -45.368356 11.948244 -38.622941
v -45.368356 11.948244 38.622941
v -45.199130 77.541187 -20.006435
v -45.199130 77.541187 20.006435
v -45.125521 74.603668 -12.892509
v -45.125521 74.603668 12.892509
v -45.080883 75.705222 -19.944918
v -45.080883 75.705222 19.944918
v -44.983370 2.014299 -19.894187
v -44.983370 2.014299 19.894187
v -44.978520 77.173982 -19.891669
v -44.978520 77.173982 19.891669
v -44.928039 76.562014 -19.865403
v -44.928039 76.562014 19.865403
v -44.832142 5.504352 27.951352
v -44.832142 5.504352 -27.951352
v -44.667641 59.979018 37.922226
v -44.667641 59.979018 -37.922226
v -44.664221 1.457103 -12.737551
v -44.664221 1.457103 12.737551
v -44.479950 74.603668 -27.692882
v -44.479950 4.662729 -27.692882
v -44.479950 4.662729 -27.692882
v -44.479950 4.662729 27.692882
v -44.479950 4.662729 27.692882
v -44.479950 74.603668 27.692882
v -44.391265 3.965651 27.627790
v -44.391265 3.965651 -27.627790
v -44.375629 75.871930 12.640597
v -44.375629 75.871930 -12.640597
v -44.196456 76.916382 0.000000
v -44.196456 76.916382 0.000000
v -43.996954 3.282561 -27.338421
v -43.996954 3.282561 27.338421
v -43.984986 75.705222 -27.329655
v -43.984986 75.705222 27.329655
v -43.735157 9.847684 -36.989742
v -43.735157 9.847684 36.989742
v -43.714081 76.916382 -6.144980
v -43.714081 76.916382 6.144980
v -43.669257 27.976376 -50.312714
v -43.669257 27.976376 -50.312714
v -43.669257 27.976376 50.312714
v -43.669257 27.976376 50.312714
v -43.535406 32.240441 -50.130339
v -43.535406 32.240441 50.130339
v -43.463631 76.562014 -26.947031
v -43.463631 76.562014 26.947031
v -43.410786 23.987411 -49.960522
v -43.410786 23.987411 49.960522
v -43.152316 36.630401 -49.608331
v -43.152316 36.630401 49.608331
v -43.117190 64.830588 -36.371775
v -43.117190 64.830588 36.371775
v -43.104538 2.627448 -26.683463
v -43.104538 2.627448 26.683463
v -42.946037 77.173982 -26.567174
v -42.946037 77.173982 26.567174
v -42.709232 20.404103 -49.004569
v -42.709232 20.404103 49.004569
v -42.704134 74.603668 -18.708362
v -42.704134 74.603668 18.708362
v -42.547684 41.132266 -48.784458
v -42.547684 41.132266 48.784458
v -42.462418 77.541187 -26.212247
v -42.462418 77.541187 26.212247
v -42.314921 76.916382 -11.948368
v -42.314921 76.916382 11.948368
v -42.294063 0.969848 0.000000
v -42.294063 0.969848 0.000000
v -42.271930 1.457103 -18.483494
v -42.271930 1.457103 18.483494
v -42.234380 8.082841 35.488965
v -42.234380 8.082841 -35.488965
v -42.042928 77.663600 -25.904383
v -42.042928 77.663600 25.904383
v -42.001554 75.871930 18.342835
v -42.001554 75.871930 -18.342835
v -41.964315 74.603668 -25.846689
v -41.964315 74.603668 25.846689
v -41.836183 0.969848 -5.832826
v -41.836183 0.969848 5.832826
v -41.749207 45.732048 -47.696456
v -41.749207 45.732048 47.696456
v -41.717781 77.541187 -25.665776
v -41.717781 77.541187 25.665776
v -41.675381 17.212465 -47.595835
v -41.675381 17.212465 47.595835
v -41.610227 75.705222 -25.586851
v -41.610227 75.705222 25.586851
v -41.521573 2.014299 -25.521759
v -41.521573 2.014299 25.521759
v -41.517159 77.173982 -25.518527
v -41.517159 77.173982 25.518527
v -41.500560 69.710134 -34.755145
v -41.500560 69.710134 34.755145
v -41.471247 76.562014 -25.484831
v -41.471247 76.562014 25.484831
v -40.998446 6.639726 34.253031
v -40.998446 6.639726 -34.253031
v -40.944980 77.792975 0.000000
v -40.944980 77.792975 0.000000
v -40.784582 50.415760 -46.382033
v -40.784582 50.415760 46.382033
v -40.508113 0.969848 11.341436
v -40.508113 0.969848 -11.341436
v -40.504476 77.792975 5.611470
v -40.504476 77.792975 -5.611470
v -40.419956 14.398508 -45.885204
v -40.419956 14.398508 45.885204
v -40.159776 5.504352 -33.414361
v -40.159776 5.504352 33.414361
v -40.070842 76.916382 -17.338328
v -40.070842 76.916382 17.338328
v -39.850793 74.603668 -33.105378
v -39.850793 4.662729 -33.105378
v -39.850793 4.662729 33.105378
v -39.850793 74.603668 33.105378
v -39.772987 3.965651 33.027572
v -39.772987 3.965651 -33.027572
v -39.681473 55.169412 -44.878956
v -39.681473 55.169412 44.878956
v -39.448679 74.603668 -24.000497
v -39.448679 74.603668 24.000497
v -39.427044 3.282561 -32.681629
v -39.427044 3.282561 32.681629
v -39.416568 75.705222 -32.671153
v -39.416568 75.705222 32.671153
v -39.226795 77.792975 -10.911035
v -39.226795 77.792975 10.911035
v -39.055611 1.457103 -23.712030
v -39.055611 1.457103 23.712030
v -39.053777 11.948244 -44.023624
v -39.053777 11.948244 44.023624
v -38.959154 76.562014 -32.213740
v -38.959154 76.562014 32.213740
v -38.809698 75.871930 23.531551
v -38.809698 75.871930 -23.531551
v -38.644109 2.627448 -31.898694
v -38.644109 2.627448 31.898694
v -38.505067 77.173982 -31.759652
v -38.505067 77.173982 31.759652
v -38.467610 59.979018 -43.224899
v -38.467610 59.979018 43.224899
v -38.378023 0.969848 16.457600
v -38.378023 0.969848 -16.457600
v -38.080758 77.541187 -31.335343
v -38.080758 77.541187 31.335343
v -37.712745 77.663600 -30.967330
v -37.712745 77.663600 30.967330
v -37.687597 9.847684 -42.162045
v -37.687597 9.847684 42.162045
v -37.643767 74.603668 -30.898353
v -37.643767 74.603668 30.898353
v -37.427479 77.541187 -30.682064
v -37.427479 77.541187 30.682064
v -37.333136 75.705222 -30.587721
v -37.333136 75.705222 30.587721
v -37.255331 2.014299 30.509916
v -37.255331 2.014299 -30.509916
v -37.251477 77.173982 -30.506062
v -37.251477 77.173982 30.506062
v -37.211191 76.562014 -30.465776
v -37.211191 76.562014 30.465776
v -37.177557 77.792975 15.833043
v -37.177557 77.792975 -15.833043
v -37.170656 64.830588 -41.457662
v -37.170656 64.830588 41.457662
v -37.053808 76.916382 -22.242928
v -37.053808 76.916382 22.242928
v -36.910165 78.557662 0.000000
v -36.910165 78.557662 0.000000
v -36.521635 78.557662 -4.949425
v -36.521635 78.557662 4.949425
v -36.432173 8.082841 40.451414
v -36.432173 8.082841 -40.451414
v -36.351414 0.566522 -0.000000
v -36.351414 0.566522 0.000000
v -35.970096 0.566522 4.857756
v -35.970096 0.566522 -4.857756
v -35.818340 69.710134 -39.614983
v -35.818340 69.710134 39.614983
v -35.527510 27.976376 -55.321107
v -35.527510 27.976376 55.321107
v -35.527510 27.976376 55.321107
v -35.527510 27.976376 -55.321107
v -35.514237 0.969848 21.113056
v -35.514237 0.969848 -21.113056
v -35.436742 74.603668 -28.691327
v -35.436742 74.603668 28.691327
v -35.423189 32.240441 55.120578
v -35.423189 32.240441 -55.120578
v -35.398321 6.639726 39.042680
v -35.398321 6.639726 -39.042680
v -35.394684 78.557662 -9.623749
v -35.394684 78.557662 9.623749
v -35.326049 23.987411 -54.933851
v -35.326049 23.987411 54.933851
v -35.124557 36.630401 -54.546596
v -35.124557 36.630401 54.546596
v -35.091887 1.457103 -28.346472
v -35.091887 1.457103 28.346472
v -34.876158 75.871930 28.130743
v -34.876158 75.871930 -28.130743
v -34.864004 0.566522 9.445508
v -34.864004 0.566522 -9.445508
v -34.779173 20.404103 -53.882748
v -34.779173 20.404103 53.882748
v -34.696767 5.504352 38.086727
v -34.696767 5.504352 -38.086727
v -34.653248 41.132266 -53.640721
v -34.653248 41.132266 53.640721
v -34.438297 4.662729 -37.734535
v -34.438297 4.662729 37.734535
v -34.438297 74.603668 -37.734535
v -34.438297 4.662729 -37.734535
v -34.438297 4.662729 37.734535
v -34.438297 74.603668 37.734535
v -34.422443 77.792975 -20.311812
v -34.422443 77.792975 20.311812
v -34.373205 3.965651 37.645850
v -34.373205 3.965651 -37.645850
v -34.083836 3.282561 -37.251539
v -34.083836 3.282561 37.251539
v -34.075070 75.705222 -37.239571
v -34.075070 75.705222 37.239571
v -34.030836 45.732048 -52.444420
v -34.030836 45.732048 52.444420
v -33.973267 17.212465 -52.333758
v -33.973267 17.212465 52.333758
v -33.692446 76.562014 -36.718216
v -33.692446 76.562014 36.718216
v -33.587224 78.557662 -13.965061
v -33.587224 78.557662 13.965061
v -33.428878 2.627448 -36.359123
v -33.428878 2.627448 36.359123
v -33.335654 76.916382 -26.590239
v -33.335654 76.916382 26.590239
v -33.312589 77.173982 -36.200622
v -33.312589 77.173982 36.200622
v -33.278924 50.415760 -50.999161
v -33.278924 50.415760 50.999161
v -33.090022 0.566522 -13.706403
v -33.090022 0.566522 13.706403
v -32.994684 14.398508 50.452844
v -32.994684 14.398508 -50.452844
v -32.957662 77.541187 -35.717003
v -32.957662 77.541187 35.717003
v -32.649798 77.663600 -35.297513
v -32.649798 77.663600 35.297513
v -32.592104 74.603668 -35.218900
v -32.592104 74.603668 35.218900
v -32.419055 55.169412 49.346441
v -32.419055 55.169412 -49.346441
v -32.411191 77.541187 -34.972366
v -32.411191 77.541187 34.972366
v -32.390426 79.266397 0.000000
v -32.390426 79.266397 0.000000
v -32.332266 75.705222 -34.864812
v -32.332266 75.705222 34.864812
v -32.267174 2.014299 34.776158
v -32.267174 2.014299 -34.776158
v -32.263942 77.173982 34.771744
v -32.263942 77.173982 -34.771744
v -32.230246 76.562014 -34.725832
v -32.230246 76.562014 34.725832
v -32.060118 79.266397 -4.207833
v -32.060118 79.266397 4.207833
v -31.984955 0.969848 25.239540
v -31.984955 0.969848 -25.239540
v -31.929748 11.948244 48.405968
v -31.929748 11.948244 -48.405968
v -31.472832 59.979018 47.527759
v -31.472832 59.979018 -47.527759
v -31.157134 78.557662 -17.915449
v -31.157134 78.557662 17.915449
v -31.102021 79.266397 -8.181784
v -31.102021 79.266397 8.181784
v -31.027106 77.792975 -24.281691
v -31.027106 77.792975 24.281691
v -30.864812 9.847684 -46.359092
v -30.864812 9.847684 46.359092
v -30.745912 74.603668 -32.703264
v -30.745912 74.603668 32.703264
v -30.704974 0.566522 17.583587
v -30.704974 0.566522 -17.583587
v -30.461859 64.830588 -45.584582
v -30.461859 64.830588 45.584582
v -30.457445 1.457103 -32.310196
v -30.457445 1.457103 32.310196
v -30.276966 75.871930 32.064283
v -30.276966 75.871930 -32.064283
v -29.886229 8.082841 44.478178
v -29.886229 8.082841 -44.478178
v -29.565371 79.266397 -11.872614
v -29.565371 79.266397 11.872614
v -29.407709 69.710134 -43.558471
v -29.407709 69.710134 43.558471
v -29.080323 6.639726 42.929189
v -29.080323 6.639726 -42.929189
v -28.988343 76.916382 -30.308393
v -28.988343 76.916382 30.308393
v -28.604290 0.261113 0.000000
v -28.533447 5.504352 41.878085
v -28.533447 5.504352 -41.878085
v -28.331986 4.662729 -41.490830
v -28.331986 4.662729 41.490830
v -28.331986 74.603668 41.490830
v -28.331986 4.662729 41.490830
v -28.331986 74.603668 -41.490830
v -28.331986 4.662729 -41.490830
v -28.322754 0.261113 -3.586602
v -28.322754 0.261113 3.586602
v -28.281256 3.965651 41.393317
v -28.281256 3.965651 -41.393317
v -28.162387 78.557662 -21.416972
v -28.162387 78.557662 21.416972
v -28.055673 3.282561 -40.959745
v -28.055673 3.282561 40.959745
v -28.048834 75.705222 -40.946596
v -28.048834 75.705222 40.946596
v -27.858471 0.969848 -28.768822
v -27.858471 0.969848 28.768822
v -27.765682 0.566522 21.020267
v -27.765682 0.566522 -21.020267
v -27.750575 76.562014 -40.373329
v -27.750575 76.562014 40.373329
v -27.684178 79.975132 0.000000
v -27.684178 79.975132 0.000000
v -27.545166 2.627448 -39.978489
v -27.545166 2.627448 39.978489
v -27.506093 0.261113 -6.973858
v -27.506093 0.261113 6.973858
v -27.499409 79.266397 -15.231085
v -27.499409 79.266397 15.231085
v -27.454492 77.173982 39.804228
v -27.454492 77.173982 -39.804228
v -27.414486 79.975132 -3.435623
v -27.414486 79.975132 3.435623
v -27.177836 77.541187 -39.272459
v -27.177836 77.541187 39.272459
v -27.057227 77.792975 -27.677028
v -27.057227 77.792975 27.677028
v -26.937861 77.663600 -38.811222
v -26.937861 77.663600 38.811222
v -26.892882 74.603668 -38.724775
v -26.892882 74.603668 38.724775
v -26.751850 77.541187 -38.453715
v -26.751850 77.541187 38.453715
v -26.690333 75.705222 -38.335468
v -26.690333 75.705222 38.335468
v -26.639602 2.014299 -38.237955
v -26.639602 2.014299 38.237955
v -26.637084 77.173982 38.233105
v -26.637084 77.173982 -38.233105
v -26.632204 79.975132 -6.680292
v -26.632204 79.975132 6.680292
v -26.610818 76.562014 -38.182624
v -26.610818 76.562014 38.182624
v -26.580044 27.976376 -59.046316
v -26.580044 27.976376 -59.046316
v -26.580044 27.976376 59.046316
v -26.580044 27.976376 59.046316
v -26.508144 32.240441 -58.832266
v -26.508144 32.240441 58.832266
v -26.441187 23.987411 -58.632981
v -26.441187 23.987411 58.632981
v -26.302362 36.630401 -58.219677
v -26.302362 36.630401 58.219677
v -26.196301 0.261113 10.119770
v -26.196301 0.261113 -10.119770
v -26.064346 20.404103 -57.511097
v -26.064346 20.404103 57.511097
v -25.977557 41.132266 -57.252782
v -25.977557 41.132266 57.252782
v -25.548648 45.732048 -55.975909
v -25.548648 45.732048 55.975909
v -25.508984 17.212465 -55.857818
v -25.508984 17.212465 55.857818
v -25.453777 74.603668 -35.958719
v -25.453777 74.603668 35.958719
v -25.377557 79.975132 -9.693814
v -25.377557 79.975132 9.693814
v -25.228909 1.457103 -35.526515
v -25.228909 1.457103 35.526515
v -25.088250 75.871930 35.256139
v -25.088250 75.871930 -35.256139
v -25.030463 50.415760 -54.433323
v -25.030463 50.415760 54.433323
v -24.953373 79.266397 -18.207958
v -24.953373 79.266397 18.207958
v -24.834597 14.398508 -53.850233
v -24.834597 14.398508 53.850233
v -24.660864 78.557662 -24.411719
v -24.660864 78.557662 24.411719
v -24.437892 55.169412 -52.669319
v -24.437892 55.169412 52.669319
v -24.435375 0.261113 -12.982437
v -24.435375 0.261113 12.982437
v -24.329002 0.566522 23.959559
v -24.329002 0.566522 -23.959559
v -24.100715 11.948244 -51.665527
v -24.100715 11.948244 51.665527
v -24.083743 76.916382 -33.325427
v -24.083743 76.916382 33.325427
v -23.785825 59.979018 -50.728163
v -23.785825 59.979018 50.728163
v -23.690737 79.975132 -12.435965
v -23.690737 79.975132 12.435965
v -23.366832 9.847684 -49.480821
v -23.366832 9.847684 49.480821
v -23.203015 0.969848 -31.632608
v -23.203015 0.969848 31.632608
v -23.089835 80.739820 0.000000
v -23.089835 80.739820 0.000000
v -23.089151 64.830588 -48.654150
v -23.089151 64.830588 48.654150
v -22.879329 80.739820 2.681784
v -22.879329 80.739820 -2.681784
v -22.692446 8.082841 -47.473236
v -22.692446 8.082841 47.473236
v -22.578458 77.792975 30.432142
v -22.578458 77.792975 -30.432142
v -22.362698 69.710134 -46.491607
v -22.362698 69.710134 46.491607
v -22.268698 80.739820 -5.214517
v -22.268698 80.739820 5.214517
v -22.265216 0.261113 -15.519801
v -22.265216 0.261113 15.519801
v -22.137084 6.639726 -45.819956
v -22.137084 6.639726 45.819956
v -21.976500 79.266397 -20.753994
v -21.976500 79.266397 20.753994
v -21.760242 5.504352 -44.698073
v -21.760242 5.504352 44.698073
v -21.621386 4.662729 44.284737
v -21.621386 74.603668 -44.284737
v -21.621386 4.662729 -44.284737
v -21.621386 4.662729 -44.284737
v -21.621386 4.662729 44.284737
v -21.621386 74.603668 44.284737
v -21.611937 79.975132 -14.866522
v -21.611937 79.975132 14.866522
v -21.586416 3.965651 44.180665
v -21.586416 3.965651 -44.180665
v -21.430961 3.282561 43.717905
v -21.430961 3.282561 -43.717905
v -21.426267 75.705222 -43.703855
v -21.426267 75.705222 43.703855
v -21.289338 80.739820 -7.566801
v -21.289338 80.739820 7.566801
v -21.220734 76.562014 -43.092011
v -21.220734 76.562014 43.092011
v -21.079142 2.627448 42.670563
v -21.079142 2.627448 -42.670563
v -21.016693 77.173982 -42.484551
v -21.016693 77.173982 42.484551
v -20.826018 77.541187 -41.916972
v -20.826018 77.541187 41.916972
v -20.710476 78.557662 -26.841809
v -20.710476 78.557662 26.841809
v -20.660647 77.663600 -41.424681
v -20.660647 77.663600 41.424681
v -20.629655 74.603668 -41.332422
v -20.629655 74.603668 41.332422
v -20.532453 77.541187 -41.043084
v -20.532453 77.541187 41.043084
v -20.490084 75.705222 -40.916879
v -20.490084 75.705222 40.916879
v -20.455113 2.014299 40.812807
v -20.455113 2.014299 -40.812807
v -20.453373 77.173982 -40.807647
v -20.453373 77.173982 40.807647
v -20.451818 0.566522 26.344607
v -20.451818 0.566522 -26.344607
v -20.435281 76.562014 -40.753777
v -20.435281 76.562014 40.753777
v -19.972614 80.739820 9.707274
v -19.972614 80.739820 -9.707274
v -19.727852 0.261113 -17.689960
v -19.727852 0.261113 17.689960
v -19.637924 74.603668 -38.380106
v -19.637924 74.603668 38.380106
v -19.482965 1.457103 37.918806
v -19.482965 1.457103 -37.918806
v -19.386012 75.871930 -37.630214
v -19.386012 75.871930 37.630214
v -19.181380 79.975132 -16.945322
v -19.181380 79.975132 16.945322
v -18.905813 81.616413 0.000000
v -18.905813 81.616413 0.000000
v -18.814890 0.067610 -0.000000
v -18.814890 0.067610 0.000000
v -18.749176 81.616413 -1.995275
v -18.749176 81.616413 1.995275
v -18.693783 76.916382 -35.569506
v -18.693783 76.916382 35.569506
v -18.659434 0.067610 -1.980354
v -18.659434 0.067610 1.980354
v -18.618029 79.266397 -22.819956
v -18.618029 79.266397 22.819956
v -18.349953 80.739820 -11.604538
v -18.349953 80.739820 11.604538
v -18.294871 81.616413 -3.879639
v -18.294871 81.616413 3.879639
v -18.208517 0.067610 -3.850637
v -18.208517 0.067610 3.850637
v -18.086851 0.969848 33.762698
v -18.086851 0.969848 -33.762698
v -17.886229 94.336338 0.000000
v -17.886229 94.336338 0.000000
v -17.880012 95.777122 0.000000
v -17.880012 95.777122 0.000000
v -17.743457 94.336338 -1.834504
v -17.743457 94.336338 1.834504
v -17.737333 95.777122 -1.833634
v -17.737333 95.777122 1.833634
v -17.656450 77.792975 -32.481380
v -17.656450 77.792975 32.481380
v -17.566211 81.616413 -5.629779
v -17.566211 81.616413 5.629779
v -17.485328 0.067610 -5.587690
v -17.485328 0.067610 5.587690
v -17.329095 94.336338 -3.564688
v -17.329095 94.336338 3.564688
v -17.323251 95.777122 -3.562916
v -17.323251 95.777122 3.562916
v -16.946223 27.976376 -61.368977
v -16.946223 27.976376 61.368977
v -16.946223 27.976376 61.368977
v -16.909232 32.240441 -61.146503
v -16.909232 32.240441 61.146503
v -16.874821 23.987411 -60.939385
v -16.874821 23.987411 60.939385
v -16.865185 0.261113 -19.450886
v -16.865185 0.261113 19.450886
v -16.847995 92.671744 0.000000
v -16.847995 92.671744 0.000000
v -16.803419 36.630401 -60.509823
v -16.803419 36.630401 60.509823
v -16.718495 92.671744 -1.663289
v -16.718495 92.671744 1.663289
v -16.681007 20.404103 -59.773391
v -16.681007 20.404103 59.773391
v -16.664035 94.336338 -5.169599
v -16.664035 94.336338 5.169599
v -16.658595 95.777122 -5.166957
v -16.658595 95.777122 5.166957
v -16.636369 41.132266 -59.504880
v -16.636369 41.132266 59.504880
v -16.586571 81.616413 -7.222319
v -16.586571 81.616413 7.222319
v -16.512993 0.067610 -7.168293
v -16.512993 0.067610 7.168293
v -16.452689 80.739820 -13.227199
v -16.452689 80.739820 13.227199
v -16.439229 79.975132 -18.632142
v -16.439229 79.975132 18.632142
v -16.415791 45.732048 -58.177805
v -16.415791 45.732048 58.177805
v -16.395368 17.212465 -58.055051
v -16.395368 17.212465 58.055051
v -16.369164 78.557662 -28.649270
v -16.369164 78.557662 28.649270
v -16.344420 96.910165 0.000000
v -16.344420 96.910165 0.000000
v -16.342680 92.671744 -3.232080
v -16.342680 92.671744 3.232080
v -16.221417 96.910165 -1.580821
v -16.221417 96.910165 1.580821
v -16.190923 0.566522 28.118589
v -16.190923 0.566522 -28.118589
v -16.149301 50.415760 -56.574541
v -16.149270 50.415760 56.574541
v -16.048555 14.398508 -55.968511
v -16.048555 14.398508 55.968511
v -15.864470 96.910165 -3.071620
v -15.864470 96.910165 3.071620
v -15.844545 55.169412 -54.741125
v -15.844545 55.169412 54.741125
v -15.769195 94.336338 -6.628349
v -15.769195 94.336338 6.628349
v -15.764315 95.777122 -6.624899
v -15.764315 95.777122 6.624899
v -15.739509 92.671744 -4.687380
v -15.739509 92.671744 4.687380
v -15.671122 11.948244 -53.697855
v -15.671122 11.948244 53.697855
v -15.509170 59.979018 52.723624
v -15.509170 59.979018 -52.723624
v -15.430525 82.660864 0.000000
v -15.379297 81.616413 -8.633882
v -15.379297 81.616413 8.633882
v -15.318651 82.660864 -1.425054
v -15.318651 82.660864 1.425054
v -15.314734 0.067610 -8.569319
v -15.314734 0.067610 8.569319
v -15.293690 9.847684 -51.427199
v -15.293690 9.847684 51.427199
v -15.291514 96.910165 -4.454492
v -15.291514 96.910165 4.454492
v -15.250233 90.867268 0.000000
v -15.250233 90.867268 0.000000
v -15.150886 64.830588 -50.568045
v -15.150886 64.830588 50.568045
v -15.141187 90.867268 -1.399813
v -15.141187 90.867268 1.399813
v -14.994187 82.660864 -2.770905
v -14.994187 82.660864 2.770905
v -14.946876 8.082841 49.340659
v -14.946876 8.082841 -49.340659
v -14.927945 92.671744 -6.010196
v -14.927945 92.671744 6.010196
v -14.927199 79.266397 -24.356606
v -14.927199 79.266397 24.356606
v -14.824681 90.867268 -2.720267
v -14.824681 90.867268 2.720267
v -14.777277 69.710134 -48.320392
v -14.777277 69.710134 48.320392
v -14.665465 94.336338 -7.920050
v -14.665465 94.336338 7.920050
v -14.661268 95.777122 -7.915853
v -14.661268 95.777122 7.915853
v -14.661237 6.639726 -47.622319
v -14.661237 6.639726 47.622319
v -14.520578 96.910165 -5.711346
v -14.520578 96.910165 5.711346
v -14.473764 82.660864 4.020858
v -14.473764 82.660864 -4.020858
v -14.467423 5.504352 -46.456326
v -14.467423 5.504352 46.456326
v -14.396021 4.662729 46.026733
v -14.396021 74.603668 -46.026733
v -14.396021 4.662729 -46.026733
v -14.396021 4.662729 -46.026733
v -14.396021 4.662729 46.026733
v -14.396021 74.603668 46.026733
v -14.378054 3.965651 45.918558
v -14.378054 3.965651 -45.918558
v -14.316724 90.867268 -3.945291
v -14.316724 90.867268 3.945291
v -14.312216 80.739820 14.543923
v -14.312216 80.739820 -14.543923
v -14.298104 3.282561 45.437582
v -14.298104 3.282561 -45.437582
v -14.295679 75.705222 -45.423003
v -14.295679 75.705222 45.423003
v -14.189960 76.562014 -44.787069
v -14.189960 76.562014 44.787069
v -14.117159 2.627448 44.349052
v -14.117159 2.627448 -44.349052
v -14.085017 77.173982 -44.155735
v -14.085017 77.173982 44.155735
v -13.986975 77.541187 -43.565838
v -13.986975 77.541187 43.565838
v -13.967734 81.616413 -9.841156
v -13.967734 81.616413 9.841156
v -13.926982 92.671744 -7.181567
v -13.926982 92.671744 7.181567
v -13.913708 0.067610 -9.767578
v -13.913708 0.067610 9.767578
v -13.901927 77.663600 -43.054181
v -13.901927 77.663600 43.054181
v -13.885981 74.603668 -42.958284
v -13.885981 74.603668 42.958284
v -13.835996 77.541187 -42.657569
v -13.835996 77.541187 42.657569
v -13.814206 75.705222 -42.526391
v -13.814206 75.705222 42.526391
v -13.796208 2.014299 42.418247
v -13.796208 2.014299 -42.418247
v -13.795306 77.173982 42.412869
v -13.795306 77.173982 -42.412869
v -13.786012 76.562014 -42.356854
v -13.786012 76.562014 42.356854
v -13.774106 82.660864 -5.158253
v -13.774106 82.660864 5.158253
v -13.719273 0.261113 20.760678
v -13.719273 0.261113 -20.760678
v -13.633354 90.867268 -5.058906
v -13.633354 90.867268 5.058906
v -13.577868 89.006839 0.000000
v -13.577868 89.006839 0.000000
v -13.569661 96.910165 -6.824246
v -13.569661 96.910165 6.824246
v -13.490177 89.006839 1.123935
v -13.490177 89.006839 -1.123935
v -13.425707 79.975132 -19.886789
v -13.425707 79.975132 19.886789
v -13.375940 74.603668 -39.889835
v -13.375940 74.603668 39.889835
v -13.373764 94.336338 -9.023780
v -13.373764 94.336338 9.023780
v -13.370314 95.777122 -9.018900
v -13.370314 95.777122 9.018900
v -13.296239 1.457103 -39.410382
v -13.296239 1.457103 39.410382
v -13.246379 75.871930 -39.110445
v -13.246379 75.871930 39.110445
v -13.235748 89.006839 2.184333
v -13.235748 89.006839 -2.184333
v -12.962387 83.929127 0.000000
v -12.962387 83.929127 0.000000
v -12.962387 83.929127 0.000000
v -12.962387 83.929127 0.000000
v -12.911843 82.660864 -6.166428
v -12.911843 82.660864 6.166428
v -12.890395 76.916382 -36.968666
v -12.890395 76.916382 36.968666
v -12.882313 83.929127 -1.020081
v -12.882313 83.929127 1.020081
v -12.882313 83.929127 1.020081
v -12.882313 83.929127 -1.020081
v -12.827417 89.006839 -3.168325
v -12.827417 89.006839 3.168325
v -12.794529 97.651539 0.000000
v -12.794529 97.651539 0.000000
v -12.790550 90.867268 -6.045135
v -12.790550 90.867268 6.045135
v -12.755611 92.671744 -8.182530
v -12.755611 92.671744 8.182530
v -12.717035 97.651539 -0.996208
v -12.717035 97.651539 0.996208
v -12.650047 83.929127 -1.983463
v -12.650047 83.929127 1.983463
v -12.650047 83.929127 1.983463
v -12.650047 83.929127 -1.983463
v -12.578241 0.969848 35.090768
v -12.578241 0.969848 -35.090768
v -12.492073 97.651539 -1.935717
v -12.492073 97.651539 1.935717
v -12.456761 96.910165 -7.775163
v -12.456761 96.910165 7.775163
v -12.375194 81.616413 10.820796
v -12.375194 81.616413 -10.820796
v -12.356885 77.792975 -33.759061
v -12.356885 77.792975 33.759061
v -12.333105 0.067610 -10.739913
v -12.333105 0.067610 10.739913
v -12.315822 87.174386 0.000000
v -12.315822 87.174386 0.000000
v -12.278178 89.006839 -4.063009
v -12.278178 89.006839 4.063009
v -12.277526 83.929127 -2.878210
v -12.277526 83.929127 2.878210
v -12.277526 83.929127 2.878210
v -12.277526 83.929127 -2.878210
v -12.244234 87.174386 0.915449
v -12.244234 87.174386 -0.915449
v -12.131023 97.651539 -2.807150
v -12.131023 97.651539 2.807150
v -12.036525 87.174386 1.779484
v -12.036525 87.174386 -1.779484
v -11.959932 80.739820 -15.523283
v -11.959932 80.739820 15.523283
v -11.949021 85.453839 0.000000
v -11.949021 85.453839 0.000000
v -11.915014 94.336338 -9.918620
v -11.915014 94.336338 9.918620
v -11.912372 95.777122 9.913180
v -11.912372 95.777122 -9.913180
v -11.903668 82.660864 -7.028691
v -11.903668 82.660864 7.028691
v -11.882033 85.453839 0.854212
v -11.882033 85.453839 -0.854212
v -11.804321 90.867268 -6.887939
v -11.804321 90.867268 6.887939
v -11.776686 83.929127 -3.692384
v -11.776686 83.929127 3.692384
v -11.776686 83.929127 3.692384
v -11.776686 83.929127 -3.692384
v -11.703326 87.174386 2.581505
v -11.703326 87.174386 -2.581505
v -11.694840 78.557662 -29.776220
v -11.694840 78.557662 29.776220
v -11.687753 85.453839 1.660802
v -11.687753 85.453839 -1.660802
v -11.645197 97.651539 -3.599223
v -11.645197 97.651539 3.599223
v -11.603171 0.566522 29.224681
v -11.603171 0.566522 -29.224681
v -11.600870 89.006839 -4.855455
v -11.600870 89.006839 4.855455
v -11.432795 92.671744 -8.994094
v -11.432795 92.671744 8.994094
v -11.376096 85.453839 2.409792
v -11.376096 85.453839 -2.409792
v -11.255145 87.174386 3.310942
v -11.255145 87.174386 -3.310942
v -11.199907 96.910165 -8.546099
v -11.199907 96.910165 8.546099
v -11.159465 83.929127 -4.414050
v -11.159465 83.929127 4.414050
v -11.159465 83.929127 4.414050
v -11.159465 83.929127 -4.414050
v -11.045943 97.651539 -4.300528
v -11.045943 97.651539 4.300528
v -10.957072 85.453839 3.091265
v -10.957072 85.453839 -3.091265
v -10.953248 79.266397 -25.314703
v -10.953248 79.266397 25.314703
v -10.808424 89.006839 -5.532763
v -10.808424 89.006839 5.532763
v -10.766273 82.660864 7.728349
v -10.766273 82.660864 -7.728349
v -10.702642 87.174386 3.957227
v -10.702642 87.174386 -3.957227
v -10.690706 90.867268 -7.571309
v -10.690706 90.867268 7.571309
v -10.625054 81.616413 -11.549456
v -10.625054 81.616413 11.549456
v -10.596052 0.067610 11.463102
v -10.596052 0.067610 -11.463102
v -10.440597 85.453839 3.695182
v -10.440597 85.453839 -3.695182
v -10.437799 83.929127 -5.031271
v -10.437799 83.929127 5.031271
v -10.437799 83.929127 5.031271
v -10.437799 83.929127 -5.031271
v -10.344638 97.651539 -4.899782
v -10.344638 97.651539 4.899782
v -10.332017 0.261113 21.577339
v -10.332017 0.261113 -21.577339
v -10.310103 94.336338 -10.583680
v -10.310103 94.336338 10.583680
v -10.308331 95.777122 -10.577836
v -10.308331 95.777122 10.577836
v -10.181038 79.975132 -20.669071
v -10.181038 79.975132 20.669071
v -10.056357 87.174386 -4.509730
v -10.056357 87.174386 4.509730
v -9.977495 92.671744 -9.597265
v -9.977495 92.671744 9.597265
v -9.913740 89.006839 -6.082002
v -9.913740 89.006839 6.082002
v -9.836680 85.453839 4.211657
v -9.836680 85.453839 -4.211657
v -9.817035 96.910165 -9.119055
v -9.817035 96.910165 9.119055
v -9.623624 83.929127 -5.532111
v -9.623624 83.929127 5.532111
v -9.623624 83.929127 -5.532111
v -9.623624 83.929127 5.532111
v -9.552565 97.651539 -5.385608
v -9.552565 97.651539 5.385608
v -9.516320 82.660864 -8.248772
v -9.516320 82.660864 8.248772
v -9.465682 90.867268 -8.079266
v -9.465682 90.867268 8.079266
v -9.427199 80.739820 -16.133914
v -9.427199 80.739820 16.133914
v -9.326919 87.174386 -4.957911
v -9.326919 87.174386 4.957911
v -9.155207 85.453839 -4.630681
v -9.155207 85.453839 4.630681
v -8.929748 89.006839 -6.490333
v -8.929748 89.006839 6.490333
v -8.740690 81.616413 -12.003761
v -8.740690 81.616413 12.003761
v -8.728878 83.929127 -5.904632
v -8.728878 83.929127 5.904632
v -8.728878 83.929127 -5.904632
v -8.728878 83.929127 5.904632
v -8.725769 0.067610 11.914019
v -8.725769 0.067610 -11.914019
v -8.681131 97.651539 -5.746658
v -8.681131 97.651539 5.746658
v -8.579919 94.336338 -10.998042
v -8.579919 94.336338 10.998042
v -8.579049 95.777122 -10.991918
v -8.579049 95.777122 10.991918
v -8.524899 87.174386 -5.291110
v -8.524899 87.174386 5.291110
v -8.408704 92.671744 -9.973081
v -8.408704 92.671744 9.973081
v -8.406217 85.453839 -4.942338
v -8.406217 85.453839 4.942338
v -8.326236 96.910165 -9.476002
v -8.326236 96.910165 9.476002
v -8.170469 82.660864 -8.573236
v -8.170469 82.660864 8.573236
v -8.145228 90.867268 -8.395772
v -8.145228 90.867268 8.395772
v -7.869350 89.006839 -6.744762
v -7.869350 89.006839 6.744762
v -7.765496 83.929127 -6.136898
v -7.765496 83.929127 6.136898
v -7.765496 83.929127 -6.136898
v -7.765496 83.929127 6.136898
v -7.741623 97.651539 -5.971620
v -7.741623 97.651539 5.971620
v -7.660864 87.174386 -5.498819
v -7.660864 87.174386 5.498819
v -7.599627 85.453839 -5.136618
v -7.599627 85.453839 5.136618
v -6.745415 8.082841 49.984458
v -6.745415 59.979018 53.411564
v -6.745415 64.830588 -51.227852
v -6.745415 20.404103 -60.553311
v -6.745415 23.987411 -61.734535
v -6.745415 77.173982 42.966273
v -6.745415 83.929127 -6.216972
v -6.745415 3.965651 46.517718
v -6.745415 76.916382 -37.451041
v -6.745415 85.453839 -5.203606
v -6.745415 0.566522 29.605999
v -6.745415 1.457103 -39.924619
v -6.745415 2.014299 42.971713
v -6.745415 11.948244 54.398508
v -6.745415 14.398508 56.698788
v -6.745415 17.212465 -58.812558
v -6.745415 32.240441 61.944358
v -6.745415 36.630401 61.299347
v -6.745415 41.132266 -60.281318
v -6.745415 50.415760 -57.312714
v -6.745415 55.169412 55.455393
v -6.745415 74.603668 -40.410320
v -6.745415 75.705222 -46.015698
v -6.745415 75.705222 -43.081287
v -6.745415 76.562014 -45.371464
v -6.745415 76.562014 -42.909543
v -6.745415 77.541187 -43.214175
v -6.745415 77.792975 -34.199565
v -6.745415 87.174386 -5.570407
v -6.745415 89.006839 -6.832453
v -6.745415 79.975132 -20.938763
v -6.745415 3.282561 46.030463
v -6.745415 5.504352 -47.062481
v -6.745415 77.541187 -44.134287
v -6.745415 78.557662 -30.164750
v -6.745415 90.867268 -8.504818
v -6.745415 96.910165 -9.599005
v -6.745415 80.739820 -16.344420
v -6.745415 83.929127 -6.216972
v -6.745415 92.671744 -10.102580
v -6.745415 97.651539 -6.049114
v -6.745415 0.067610 12.069475
v -6.745415 95.777122 -11.134597
v -6.745415 0.000000 0.000000
v -6.745415 0.067610 -12.069475
v -6.745415 0.067610 12.069475
v -6.745415 0.261113 -21.858875
v -6.745415 0.261113 21.858875
v -6.745415 0.566522 -29.605999
v -6.745415 0.566522 29.605999
v -6.745415 0.969848 -35.548648
v -6.745415 0.969848 -35.548648
v -6.745415 0.969848 35.548648
v -6.745415 0.969848 35.548648
v -6.745415 1.457103 -39.924619
v -6.745415 1.457103 39.924619
v -6.745415 2.014299 -42.971713
v -6.745415 2.014299 42.971713
v -6.745415 2.627448 -44.927728
v -6.745415 2.627448 -44.927728
v -6.745415 2.627448 44.927728
v -6.745415 2.627448 44.927728
v -6.745415 3.282561 -46.030463
v -6.745415 3.282561 46.030463
v -6.745415 3.965651 -46.517718
v -6.745415 3.965651 46.517718
v -6.745415 4.662729 -46.627293
v -6.745415 4.662729 -46.627293
v -6.745415 4.662729 46.627293
v -6.745415 4.662729 46.627293
v -6.745415 5.504352 -47.062481
v -6.745415 5.504352 47.062481
v -6.745415 6.639726 -48.243705
v -6.745415 6.639726 -48.243705
v -6.745415 6.639726 48.243705
v -6.745415 6.639726 48.243705
v -6.745415 8.082841 -49.984458
v -6.745415 8.082841 49.984458
v -6.745415 9.847684 -52.098228
v -6.745415 9.847684 -52.098228
v -6.745415 9.847684 52.098228
v -6.745415 9.847684 52.098228
v -6.745415 11.948244 -54.398508
v -6.745415 11.948244 54.398508
v -6.745415 14.398508 -56.698788
v -6.745415 14.398508 56.698788
v -6.745415 17.212465 -58.812558
v -6.745415 17.212465 58.812558
v -6.745415 20.404103 -60.553311
v -6.745415 20.404103 60.553311
v -6.745415 23.987411 -61.734535
v -6.745415 23.987411 61.734535
v -6.745415 27.976376 -62.169723
v -6.745415 27.976376 -62.169723
v -6.745415 27.976376 62.169723
v -6.745415 27.976376 62.169723
v -6.745415 32.240441 -61.944358
v -6.745415 32.240441 61.944358
v -6.745415 36.630401 -61.299347
v -6.745415 36.630401 61.299347
v -6.745415 41.132266 -60.281318
v -6.745415 41.132266 60.281318
v -6.745415 45.732048 -58.936898
v -6.745415 45.732048 -58.936898
v -6.745415 45.732048 58.936898
v -6.745415 45.732048 58.936898
v -6.745415 50.415760 -57.312714
v -6.745415 50.415760 57.312714
v -6.745415 55.169412 -55.455393
v -6.745415 55.169412 55.455393
v -6.745415 59.979018 -53.411564
v -6.745415 59.979018 53.411564
v -6.745415 64.830588 -51.227852
v -6.745415 64.830588 51.227852
v -6.745415 69.710134 -48.950886
v -6.745415 69.710134 -48.950886
v -6.745415 69.710134 48.950886
v -6.745415 69.710134 48.950886
v -6.745415 74.603668 -46.627293
v -6.745415 74.603668 -46.627293
v -6.745415 74.603668 -43.518806
v -6.745415 74.603668 -43.518806
v -6.745415 74.603668 -40.410320
v -6.745415 74.603668 40.410320
v -6.745415 74.603668 43.518806
v -6.745415 74.603668 43.518806
v -6.745415 74.603668 46.627293
v -6.745415 74.603668 46.627293
v -6.745415 75.705222 -46.015698
v -6.745415 75.705222 -43.081287
v -6.745415 75.705222 43.081287
v -6.745415 75.705222 46.015698
v -6.745415 75.871930 -39.620765
v -6.745415 75.871930 -39.620765
v -6.745415 75.871930 39.620765
v -6.745415 75.871930 39.620765
v -6.745415 76.562014 -45.371464
v -6.745415 76.562014 -42.909543
v -6.745415 76.562014 42.909543
v -6.745415 76.562014 45.371464
v -6.745415 76.916382 -37.451041
v -6.745415 76.916382 37.451041
v -6.745415 77.173982 -44.731893
v -6.745415 77.173982 -42.966273
v -6.745415 77.173982 42.966273
v -6.745415 77.173982 44.731893
v -6.745415 77.541187 -44.134287
v -6.745415 77.541187 -43.214175
v -6.745415 77.541187 43.214175
v -6.745415 77.541187 44.134287
v -6.745415 77.663600 -43.615947
v -6.745415 77.663600 -43.615947
v -6.745415 77.663600 43.615947
v -6.745415 77.663600 43.615947
v -6.745415 77.792975 -34.199565
v -6.745415 77.792975 34.199565
v -6.745415 78.557662 -30.164750
v -6.745415 78.557662 30.164750
v -6.745415 79.266397 -25.645011
v -6.745415 79.266397 -25.645011
v -6.745415 79.266397 25.645011
v -6.745415 79.266397 25.645011
v -6.745415 79.975132 -20.938763
v -6.745415 79.975132 20.938763
v -6.745415 80.739820 -16.344420
v -6.745415 80.739820 16.344420
v -6.745415 81.616413 -12.160398
v -6.745415 81.616413 -12.160398
v -6.745415 81.616413 12.160398
v -6.745415 81.616413 12.160398
v -6.745415 82.660864 -8.685110
v -6.745415 82.660864 8.685110
v -6.745415 83.929127 -6.216972
v -6.745415 83.929127 -6.216972
v -6.745415 83.929127 6.216972
v -6.745415 83.929127 6.216972
v -6.745415 85.453839 -5.203606
v -6.745415 85.453839 5.203606
v -6.745415 87.174386 -5.570407
v -6.745415 87.174386 5.570407
v -6.745415 89.006839 -6.832453
v -6.745415 89.006839 6.832453
v -6.745415 90.867268 -8.504818
v -6.745415 90.867268 8.504818
v -6.745415 92.671744 -10.102580
v -6.745415 92.671744 10.102580
v -6.745415 94.336338 -11.140814
v -6.745415 94.336338 -11.140814
v -6.745415 94.336338 11.140814
v -6.745415 94.336338 11.140814
v -6.745415 95.777122 -11.134597
v -6.745415 95.777122 11.134597
v -6.745415 96.910165 -9.599005
v -6.745415 96.910165 9.599005
v -6.745415 97.651539 -6.049114
v -6.745415 97.651539 6.049114
v -6.745415 97.917314 0.000000
v -6.745415 0.067610 -12.069475
v -6.745415 95.777122 11.134597
v -6.745415 80.739820 16.344420
v -6.745415 83.929127 6.216972
v -6.745415 92.671744 10.102580
v -6.745415 97.651539 6.049114
v -6.745415 96.910165 9.599005
v -6.745415 3.282561 -46.030463
v -6.745415 5.504352 47.062481
v -6.745415 77.541187 44.134287
v -6.745415 78.557662 30.164750
v -6.745415 90.867268 8.504818
v -6.745415 79.975132 20.938763
v -6.745415 89.006839 6.832453
v -6.745415 0.566522 -29.605999
v -6.745415 1.457103 39.924619
v -6.745415 2.014299 -42.971713
v -6.745415 11.948244 -54.398508
v -6.745415 14.398508 -56.698788
v -6.745415 17.212465 58.812558
v -6.745415 32.240441 -61.944358
v -6.745415 36.630401 -61.299347
v -6.745415 41.132266 60.281318
v -6.745415 50.415760 57.312714
v -6.745415 55.169412 -55.455393
v -6.745415 74.603668 40.410320
v -6.745415 75.705222 43.081287
v -6.745415 75.705222 46.015698
v -6.745415 76.562014 42.909543
v -6.745415 76.562014 45.371464
v -6.745415 77.541187 43.214175
v -6.745415 77.792975 34.199565
v -6.745415 87.174386 5.570407
v -6.745415 85.453839 5.203606
v -6.745415 3.965651 -46.517718
v -6.745415 76.916382 37.451041
v -6.745415 20.404103 60.553311
v -6.745415 23.987411 61.734535
v -6.745415 77.173982 -42.966273
v -6.745415 83.929127 6.216972
v -6.745415 8.082841 -49.984458
v -6.745415 59.979018 -53.411564
v -6.745415 64.830588 51.227852
v -5.891203 85.453839 -5.136618
v -5.891203 85.453839 5.136618
v -5.829966 87.174386 -5.498819
v -5.829966 87.174386 5.498819
v -5.749207 97.651539 -5.971620
v -5.749207 97.651539 5.971620
v -5.725334 83.929127 -6.136898
v -5.725334 83.929127 6.136898
v -5.725334 83.929127 -6.136898
v -5.725334 83.929127 6.136898
v -5.621480 89.006839 -6.744762
v -5.621480 89.006839 6.744762
v -5.345601 90.867268 -8.395772
v -5.345601 90.867268 8.395772
v -5.320361 82.660864 -8.573236
v -5.320361 82.660864 8.573236
v -5.164594 96.910165 -9.476002
v -5.164594 96.910165 9.476002
v -5.084613 85.453839 -4.942338
v -5.084613 85.453839 4.942338
v -5.082126 92.671744 -9.973081
v -5.082126 92.671744 9.973081
v -4.965931 87.174386 -5.291110
v -4.965931 87.174386 5.291110
v -4.911781 95.777122 -10.991918
v -4.911781 95.777122 10.991918
v -4.910911 94.336338 -10.998042
v -4.910911 94.336338 10.998042
v -4.809698 97.651539 -5.746658
v -4.809698 97.651539 5.746658
v -4.765061 0.067610 11.914019
v -4.765061 0.067610 -11.914019
v -4.761952 83.929127 -5.904632
v -4.761952 83.929127 5.904632
v -4.761952 83.929127 -5.904632
v -4.761952 83.929127 5.904632
v -4.750140 81.616413 -12.003761
v -4.750140 81.616413 12.003761
v -4.561082 89.006839 -6.490333
v -4.561082 89.006839 6.490333
v -4.335623 85.453839 -4.630681
v -4.335623 85.453839 4.630681
v -4.163910 87.174386 -4.957911
v -4.163910 87.174386 4.957911
v -4.063631 80.739820 -16.133914
v -4.063631 80.739820 16.133914
v -4.025148 90.867268 -8.079266
v -4.025148 90.867268 8.079266
v -3.974510 82.660864 -8.248772
v -3.974510 82.660864 8.248772
v -3.938265 97.651539 -5.385608
v -3.938265 97.651539 5.385608
v -3.867205 83.929127 -5.532111
v -3.867205 83.929127 5.532111
v -3.867205 83.929127 -5.532111
v -3.867205 83.929127 5.532111
v -3.673795 96.910165 -9.119055
v -3.673795 96.910165 9.119055
v -3.654150 85.453839 4.211657
v -3.654150 85.453839 -4.211657
v -3.577090 89.006839 -6.082002
v -3.577090 89.006839 6.082002
v -3.513335 92.671744 -9.597265
v -3.513335 92.671744 9.597265
v -3.434473 87.174386 -4.509730
v -3.434473 87.174386 4.509730
v -3.309792 79.975132 -20.669071
v -3.309792 79.975132 20.669071
v -3.182499 95.777122 -10.577836
v -3.182499 95.777122 10.577836
v -3.180727 94.336338 -10.583680
v -3.180727 94.336338 10.583680
v -3.158813 0.261113 21.577339
v -3.158813 0.261113 -21.577339
v -3.146192 97.651539 -4.899782
v -3.146192 97.651539 4.899782
v -3.053031 83.929127 5.031271
v -3.053031 83.929127 -5.031271
v -3.053031 83.929127 -5.031271
v -3.053031 83.929127 5.031271
v -3.050233 85.453839 3.695182
v -3.050233 85.453839 -3.695182
v -2.894778 0.067610 11.463102
v -2.894778 0.067610 -11.463102
v -2.865776 81.616413 -11.549456
v -2.865776 81.616413 11.549456
v -2.800124 90.867268 -7.571309
v -2.800124 90.867268 7.571309
v -2.788188 87.174386 3.957227
v -2.788188 87.174386 -3.957227
v -2.724557 82.660864 7.728349
v -2.724557 82.660864 -7.728349
v -2.682406 89.006839 -5.532763
v -2.682406 89.006839 5.532763
v -2.537582 79.266397 -25.314703
v -2.537582 79.266397 25.314703
v -2.533758 85.453839 3.091265
v -2.533758 85.453839 -3.091265
v -2.444887 97.651539 -4.300528
v -2.444887 97.651539 4.300528
v -2.331365 83.929127 4.414050
v -2.331365 83.929127 -4.414050
v -2.331365 83.929127 -4.414050
v -2.331365 83.929127 4.414050
v -2.290923 96.910165 -8.546099
v -2.290923 96.910165 8.546099
v -2.235685 87.174386 3.310942
v -2.235685 87.174386 -3.310942
v -2.114734 85.453839 2.409792
v -2.114734 85.453839 -2.409792
v -2.058035 92.671744 -8.994094
v -2.058035 92.671744 8.994094
v -1.889960 89.006839 -4.855455
v -1.889960 89.006839 4.855455
v -1.887659 0.566522 29.224681
v -1.887659 0.566522 -29.224681
v -1.845633 97.651539 -3.599223
v -1.845633 97.651539 3.599223
v -1.803077 85.453839 1.660802
v -1.803077 85.453839 -1.660802
v -1.795990 78.557662 -29.776220
v -1.795990 78.557662 29.776220
v -1.787504 87.174386 2.581505
v -1.787504 87.174386 -2.581505
v -1.714144 83.929127 3.692384
v -1.714144 83.929127 -3.692384
v -1.714144 83.929127 -3.692384
v -1.714144 83.929127 3.692384
v -1.686509 90.867268 -6.887939
v -1.686509 90.867268 6.887939
v -1.608797 85.453839 0.854212
v -1.608797 85.453839 -0.854212
v -1.587162 82.660864 -7.028691
v -1.587162 82.660864 7.028691
v -1.578458 95.777122 9.913180
v -1.578458 95.777122 -9.913180
v -1.575816 94.336338 -9.918620
v -1.575816 94.336338 9.918620
v -1.541809 85.453839 -0.000000
v -1.541809 85.453839 0.000000
v -1.530898 80.739820 -15.523283
v -1.530898 80.739820 15.523283
v -1.454305 87.174386 1.779484
v -1.454305 87.174386 -1.779484
v -1.359807 97.651539 -2.807150
v -1.359807 97.651539 2.807150
v -1.246596 87.174386 0.915449
v -1.246596 87.174386 -0.915449
v -1.213304 83.929127 2.878210
v -1.213304 83.929127 -2.878210
v -1.213304 83.929127 -2.878210
v -1.213304 83.929127 2.878210
v -1.212652 89.006839 -4.063009
v -1.212652 89.006839 4.063009
v -1.175008 87.174386 -0.000000
v -1.175008 87.174386 0.000000
v -1.157725 0.067610 -10.739913
v -1.157725 0.067610 10.739913
v -1.133945 77.792975 -33.759061
v -1.133945 77.792975 33.759061
v -1.115636 81.616413 10.820796
v -1.115636 81.616413 -10.820796
v -1.034069 96.910165 -7.775163
v -1.034069 96.910165 7.775163
v -0.998757 97.651539 -1.935717
v -0.998757 97.651539 1.935717
v -0.912589 0.969848 35.090768
v -0.912589 0.969848 -35.090768
v -0.840783 83.929127 1.983463
v -0.840783 83.929127 -1.983463
v -0.840783 83.929127 -1.983463
v -0.840783 83.929127 1.983463
v -0.773795 97.651539 -0.996208
v -0.773795 97.651539 0.996208
v -0.735219 92.671744 -8.182530
v -0.735219 92.671744 8.182530
v -0.700280 90.867268 -6.045135
v -0.700280 90.867268 6.045135
v -0.696301 97.651539 0.000000
v -0.696301 97.651539 -0.000000
v -0.663413 89.006839 -3.168325
v -0.663413 89.006839 3.168325
v -0.608517 83.929127 1.020081
v -0.608517 83.929127 -1.020081
v -0.608517 83.929127 -1.020081
v -0.608517 83.929127 1.020081
v -0.600435 76.916382 -36.968666
v -0.600435 76.916382 36.968666
v -0.578987 82.660864 -6.166428
v -0.578987 82.660864 6.166428
v -0.528443 83.929127 -0.000000
v -0.528443 83.929127 0.000000
v -0.528443 83.929127 0.000000
v -0.528443 83.929127 -0.000000
v -0.255082 89.006839 2.184333
v -0.255082 89.006839 -2.184333
v -0.244451 75.871930 -39.110445
v -0.244451 75.871930 39.110445
v -0.194591 1.457103 -39.410382
v -0.194591 1.457103 39.410382
v -0.120516 95.777122 -9.018900
v -0.120516 95.777122 9.018900
v -0.117066 94.336338 -9.023780
v -0.117066 94.336338 9.023780
v -0.114890 74.603668 -39.889835
v -0.114890 74.603668 39.889835
v -0.065123 79.975132 -19.886789
v -0.065123 79.975132 19.886789
v -0.000653 89.006839 1.123935
v -0.000653 89.006839 -1.123935
v 0.078831 96.910165 -6.824246
v 0.078831 96.910165 6.824246
v 0.087038 89.006839 -0.000000
v 0.087038 89.006839 0.000000
v 0.142524 90.867268 -5.058906
v 0.142524 90.867268 5.058906
v 0.228443 0.261113 20.760678
v 0.228443 0.261113 -20.760678
v 0.283276 82.660864 -5.158253
v 0.283276 82.660864 5.158253
v 0.295182 76.562014 -42.356854
v 0.295182 76.562014 42.356854
v 0.304476 77.173982 42.412869
v 0.304476 77.173982 -42.412869
v 0.305378 2.014299 42.418247
v 0.305378 2.014299 -42.418247
v 0.323376 75.705222 -42.526391
v 0.323376 75.705222 42.526391
v 0.345166 77.541187 -42.657569
v 0.345166 77.541187 42.657569
v 0.395151 74.603668 -42.958284
v 0.395151 74.603668 42.958284
v 0.411097 77.663600 -43.054181
v 0.411097 77.663600 43.054181
v 0.422878 0.067610 -9.767578
v 0.422878 0.067610 9.767578
v 0.436152 92.671744 -7.181567
v 0.436152 92.671744 7.181567
v 0.476904 81.616413 -9.841156
v 0.476904 81.616413 9.841156
v 0.496145 77.541187 -43.565838
v 0.496145 77.541187 43.565838
v 0.594187 77.173982 -44.155735
v 0.594187 77.173982 44.155735
v 0.626329 2.627448 44.349052
v 0.626329 2.627448 -44.349052
v 0.699130 76.562014 -44.787069
v 0.699130 76.562014 44.787069
v 0.804849 75.705222 -45.423003
v 0.804849 75.705222 45.423003
v 0.807274 3.282561 45.437582
v 0.807274 3.282561 -45.437582
v 0.821386 80.739820 14.543923
v 0.821386 80.739820 -14.543923
v 0.825894 90.867268 -3.945291
v 0.825894 90.867268 3.945291
v 0.887224 3.965651 45.918558
v 0.887224 3.965651 -45.918558
v 0.905191 4.662729 -46.026733
v 0.905191 74.603668 -46.026733
v 0.905191 4.662729 46.026733
v 0.905191 4.662729 46.026733
v 0.905191 74.603668 46.026733
v 0.905191 4.662729 -46.026733
v 0.976593 5.504352 -46.456326
v 0.976593 5.504352 46.456326
v 0.982934 82.660864 4.020858
v 0.982934 82.660864 -4.020858
v 1.029748 96.910165 -5.711346
v 1.029748 96.910165 5.711346
v 1.170407 6.639726 -47.622319
v 1.170407 6.639726 47.622319
v 1.170438 95.777122 -7.915853
v 1.170438 95.777122 7.915853
v 1.174635 94.336338 -7.920050
v 1.174635 94.336338 7.920050
v 1.286447 69.710134 -48.320392
v 1.286447 69.710134 48.320392
v 1.333851 90.867268 -2.720267
v 1.333851 90.867268 2.720267
v 1.436369 79.266397 -24.356606
v 1.436369 79.266397 24.356606
v 1.437115 92.671744 -6.010196
v 1.437115 92.671744 6.010196
v 1.456046 8.082841 49.340659
v 1.456046 8.082841 -49.340659
v 1.503357 82.660864 -2.770905
v 1.503357 82.660864 2.770905
v 1.650357 90.867268 -1.399813
v 1.650357 90.867268 1.399813
v 1.660056 64.830588 -50.568045
v 1.660056 64.830588 50.568045
v 1.759403 90.867268 -0.000000
v 1.759403 90.867268 0.000000
v 1.800684 96.910165 -4.454492
v 1.800684 96.910165 4.454492
v 1.802860 9.847684 -51.427199
v 1.802860 9.847684 51.427199
v 1.823904 0.067610 -8.569319
v 1.823904 0.067610 8.569319
v 1.827821 82.660864 -1.425054
v 1.827821 82.660864 1.425054
v 1.888468 81.616413 -8.633882
v 1.888468 81.616413 8.633882
v 1.939695 82.660864 0.000000
v 2.018340 59.979018 52.723624
v 2.018340 59.979018 -52.723624
v 2.180292 11.948244 -53.697855
v 2.180292 11.948244 53.697855
v 2.248679 92.671744 -4.687380
v 2.248679 92.671744 4.687380
v 2.273485 95.777122 -6.624899
v 2.273485 95.777122 6.624899
v 2.278365 94.336338 -6.628349
v 2.278365 94.336338 6.628349
v 2.353715 55.169412 -54.741125
v 2.353715 55.169412 54.741125
v 2.373640 96.910165 -3.071620
v 2.373640 96.910165 3.071620
v 2.557725 14.398508 -55.968511
v 2.557725 14.398508 55.968511
v 2.658440 50.415760 -56.574541
v 2.658471 50.415760 56.574541
v 2.700093 0.566522 28.118589
v 2.700093 0.566522 -28.118589
v 2.730588 96.910165 -1.580821
v 2.730588 96.910165 1.580821
v 2.851850 92.671744 -3.232080
v 2.851850 92.671744 3.232080
v 2.853590 96.910165 0.000000
v 2.853590 96.910165 -0.000000
v 2.878334 78.557662 -28.649270
v 2.878334 78.557662 28.649270
v 2.904538 17.212465 -58.055051
v 2.904538 17.212465 58.055051
v 2.924961 45.732048 -58.177805
v 2.924961 45.732048 58.177805
v 2.948399 79.975132 -18.632142
v 2.948399 79.975132 18.632142
v 2.961859 80.739820 -13.227199
v 2.961859 80.739820 13.227199
v 3.022164 0.067610 -7.168293
v 3.022164 0.067610 7.168293
v 3.095741 81.616413 -7.222319
v 3.095741 81.616413 7.222319
v 3.145539 41.132266 -59.504880
v 3.145539 41.132266 59.504880
v 3.167765 95.777122 -5.166957
v 3.167765 95.777122 5.166957
v 3.173205 94.336338 -5.169599
v 3.173205 94.336338 5.169599
v 3.190177 20.404103 -59.773391
v 3.190177 20.404103 59.773391
v 3.227666 92.671744 -1.663289
v 3.227666 92.671744 1.663289
v 3.312589 36.630401 -60.509823
v 3.312589 36.630401 60.509823
v 3.357165 92.671744 0.000000
v 3.357165 92.671744 -0.000000
v 3.374355 0.261113 -19.450886
v 3.374355 0.261113 19.450886
v 3.383991 23.987411 -60.939385
v 3.383991 23.987411 60.939385
v 3.418402 32.240441 -61.146503
v 3.418402 32.240441 61.146503
v 3.455393 27.976376 -61.368977
v 3.455393 27.976376 -61.368977
v 3.455393 27.976376 61.368977
v 3.832422 95.777122 -3.562916
v 3.832422 95.777122 3.562916
v 3.838265 94.336338 -3.564688
v 3.838265 94.336338 3.564688
v 3.994498 0.067610 -5.587690
v 3.994498 0.067610 5.587690
v 4.075381 81.616413 -5.629779
v 4.075381 81.616413 5.629779
v 4.165620 77.792975 -32.481380
v 4.165620 77.792975 32.481380
v 4.246503 95.777122 -1.833634
v 4.246503 95.777122 1.833634
v 4.252627 94.336338 -1.834504
v 4.252627 94.336338 1.834504
v 4.389182 95.777122 -0.000000
v 4.389182 95.777122 0.000000
v 4.395399 94.336338 0.000000
v 4.395399 94.336338 0.000000
v 4.596021 0.969848 33.762698
v 4.596021 0.969848 -33.762698
v 4.717687 0.067610 -3.850637
v 4.717687 0.067610 3.850637
v 4.804041 81.616413 -3.879639
v 4.804041 81.616413 3.879639
v 4.859123 80.739820 -11.604538
v 4.859123 80.739820 11.604538
v 5.127199 79.266397 -22.819956
v 5.127199 79.266397 22.819956
v 5.168604 0.067610 -1.980354
v 5.168604 0.067610 1.980354
v 5.202953 76.916382 -35.569506
v 5.202953 76.916382 35.569506
v 5.258346 81.616413 -1.995275
v 5.258346 81.616413 1.995275
v 5.324060 0.067610 0.000000
v 5.324060 0.067610 0.000000
v 5.414983 81.616413 0.000000
v 5.414983 81.616413 0.000000
v 5.690550 79.975132 -16.945322
v 5.690550 79.975132 16.945322
v 5.895182 75.871930 -37.630214
v 5.895182 75.871930 37.630214
v 5.992136 1.457103 37.918806
v 5.992136 1.457103 -37.918806
v 6.147094 74.603668 -38.380106
v 6.147094 74.603668 38.380106
v 6.237022 0.261113 -17.689960
v 6.237022 0.261113 17.689960
v 6.481784 80.739820 9.707274
v 6.481784 80.739820 -9.707274
v 6.944451 76.562014 -40.753777
v 6.944451 76.562014 40.753777
v 6.960988 0.566522 26.344607
v 6.960988 0.566522 -26.344607
v 6.962543 77.173982 -40.807647
v 6.962543 77.173982 40.807647
v 6.964283 2.014299 40.812807
v 6.964283 2.014299 -40.812807
v 6.999254 75.705222 -40.916879
v 6.999254 75.705222 40.916879
v 7.041623 77.541187 -41.043084
v 7.041623 77.541187 41.043084
v 7.138825 74.603668 -41.332422
v 7.138825 74.603668 41.332422
v 7.169817 77.663600 -41.424681
v 7.169817 77.663600 41.424681
v 7.219646 78.557662 -26.841809
v 7.219646 78.557662 26.841809
v 7.335188 77.541187 -41.916972
v 7.335188 77.541187 41.916972
v 7.525863 77.173982 -42.484551
v 7.525863 77.173982 42.484551
v 7.588312 2.627448 42.670563
v 7.588312 2.627448 -42.670563
v 7.729904 76.562014 -43.092011
v 7.729904 76.562014 43.092011
v 7.798508 80.739820 -7.566801
v 7.798508 80.739820 7.566801
v 7.935437 75.705222 -43.703855
v 7.935437 75.705222 43.703855
v 7.940131 3.282561 43.717905
v 7.940131 3.282561 -43.717905
v 8.095586 3.965651 44.180665
v 8.095586 3.965651 -44.180665
v 8.121107 79.975132 -14.866522
v 8.121107 79.975132 14.866522
v 8.130556 4.662729 -44.284737
v 8.130556 74.603668 -44.284737
v 8.130556 4.662729 44.284737
v 8.130556 4.662729 44.284737
v 8.130556 4.662729 -44.284737
v 8.130556 74.603668 44.284737
v 8.269412 5.504352 -44.698073
v 8.269412 5.504352 44.698073
v 8.485670 79.266397 -20.753994
v 8.485670 79.266397 20.753994
v 8.646254 6.639726 -45.819956
v 8.646254 6.639726 45.819956
v 8.774386 0.261113 -15.519801
v 8.774386 0.261113 15.519801
v 8.777868 80.739820 -5.214517
v 8.777868 80.739820 5.214517
v 8.871868 69.710134 -46.491607
v 8.871868 69.710134 46.491607
v 9.087628 77.792975 30.432142
v 9.087628 77.792975 -30.432142
v 9.201616 8.082841 -47.473236
v 9.201616 8.082841 47.473236
v 9.388499 80.739820 2.681784
v 9.388499 80.739820 -2.681784
v 9.598321 64.830588 -48.654150
v 9.598321 64.830588 48.654150
v 9.599005 80.739820 -0.000000
v 9.599005 80.739820 0.000000
v 9.712185 0.969848 -31.632608
v 9.712185 0.969848 31.632608
v 9.876002 9.847684 -49.480821
v 9.876002 9.847684 49.480821
v 10.199907 79.975132 -12.435965
v 10.199907 79.975132 12.435965
v 10.294995 59.979018 -50.728163
v 10.294995 59.979018 50.728163
v 10.592913 76.916382 -33.325427
v 10.592913 76.916382 33.325427
v 10.609885 11.948244 -51.665527
v 10.609885 11.948244 51.665527
v 10.838172 0.566522 23.959559
v 10.838172 0.566522 -23.959559
v 10.944545 0.261113 -12.982437
v 10.944545 0.261113 12.982437
v 10.947062 55.169412 -52.669319
v 10.947062 55.169412 52.669319
v 11.170034 78.557662 -24.411719
v 11.170034 78.557662 24.411719
v 11.343767 14.398508 -53.850233
v 11.343767 14.398508 53.850233
v 11.462543 79.266397 -18.207958
v 11.462543 79.266397 18.207958
v 11.539633 50.415760 -54.433323
v 11.539633 50.415760 54.433323
v 11.597420 75.871930 35.256139
v 11.597420 75.871930 -35.256139
v 11.738079 1.457103 -35.526515
v 11.738079 1.457103 35.526515
v 11.886727 79.975132 -9.693814
v 11.886727 79.975132 9.693814
v 11.962947 74.603668 -35.958719
v 11.962947 74.603668 35.958719
v 12.018154 17.212465 -55.857818
v 12.018154 17.212465 55.857818
v 12.057818 45.732048 -55.975909
v 12.057818 45.732048 55.975909
v 12.486727 41.132266 -57.252782
v 12.486727 41.132266 57.252782
v 12.573516 20.404103 -57.511097
v 12.573516 20.404103 57.511097
v 12.705471 0.261113 10.119770
v 12.705471 0.261113 -10.119770
v 12.811532 36.630401 -58.219677
v 12.811532 36.630401 58.219677
v 12.950357 23.987411 -58.632981
v 12.950357 23.987411 58.632981
v 13.017314 32.240441 -58.832266
v 13.017314 32.240441 58.832266
v 13.089214 27.976376 -59.046316
v 13.089214 27.976376 -59.046316
v 13.089214 27.976376 59.046316
v 13.089214 27.976376 59.046316
v 13.119988 76.562014 -38.182624
v 13.119988 76.562014 38.182624
v 13.141374 79.975132 -6.680292
v 13.141374 79.975132 6.680292
v 13.146254 77.173982 38.233105
v 13.146254 77.173982 -38.233105
v 13.148772 2.014299 -38.237955
v 13.148772 2.014299 38.237955
v 13.199503 75.705222 -38.335468
v 13.199503 75.705222 38.335468
v 13.261020 77.541187 -38.453715
v 13.261020 77.541187 38.453715
v 13.402052 74.603668 -38.724775
v 13.402052 74.603668 38.724775
v 13.447031 77.663600 -38.811222
v 13.447031 77.663600 38.811222
v 13.566397 77.792975 -27.677028
v 13.566397 77.792975 27.677028
v 13.687007 77.541187 -39.272459
v 13.687007 77.541187 39.272459
v 13.923656 79.975132 -3.435623
v 13.923656 79.975132 3.435623
v 13.963662 77.173982 39.804228
v 13.963662 77.173982 -39.804228
v 14.008579 79.266397 -15.231085
v 14.008579 79.266397 15.231085
v 14.015263 0.261113 -6.973858
v 14.015263 0.261113 6.973858
v 14.054336 2.627448 -39.978489
v 14.054336 2.627448 39.978489
v 14.193348 79.975132 0.000000
v 14.193348 79.975132 -0.000000
v 14.259745 76.562014 -40.373329
v 14.259745 76.562014 40.373329
v 14.274852 0.566522 21.020267
v 14.274852 0.566522 -21.020267
v 14.367641 0.969848 -28.768822
v 14.367641 0.969848 28.768822
v 14.558004 75.705222 -40.946596
v 14.558004 75.705222 40.946596
v 14.564843 3.282561 -40.959745
v 14.564843 3.282561 40.959745
v 14.671557 78.557662 -21.416972
v 14.671557 78.557662 21.416972
v 14.790426 3.965651 41.393317
v 14.790426 3.965651 -41.393317
v 14.831924 0.261113 -3.586602
v 14.831924 0.261113 3.586602
v 14.841156 4.662729 41.490830
v 14.841156 4.662729 -41.490830
v 14.841156 74.603668 41.490830
v 14.841156 4.662729 -41.490830
v 14.841156 4.662729 41.490830
v 14.841156 74.603668 -41.490830
v 15.042617 5.504352 41.878085
v 15.042617 5.504352 -41.878085
v 15.113460 0.261113 0.000000
v 15.497513 76.916382 -30.308393
v 15.497513 76.916382 30.308393
v 15.589493 6.639726 42.929189
v 15.589493 6.639726 -42.929189
v 15.916879 69.710134 -43.558471
v 15.916879 69.710134 43.558471
v 16.074541 79.266397 -11.872614
v 16.074541 79.266397 11.872614
v 16.395399 8.082841 44.478178
v 16.395399 8.082841 -44.478178
v 16.786136 75.871930 32.064283
v 16.786136 75.871930 -32.064283
v 16.966615 1.457103 -32.310196
v 16.966615 1.457103 32.310196
v 16.971029 64.830588 -45.584582
v 16.971029 64.830588 45.584582
v 17.214144 0.566522 17.583587
v 17.214144 0.566522 -17.583587
v 17.255082 74.603668 -32.703264
v 17.255082 74.603668 32.703264
v 17.373982 9.847684 -46.359092
v 17.373982 9.847684 46.359092
v 17.536276 77.792975 -24.281691
v 17.536276 77.792975 24.281691
v 17.611191 79.266397 -8.181784
v 17.611191 79.266397 8.181784
v 17.666304 78.557662 -17.915449
v 17.666304 78.557662 17.915449
v 17.982002 59.979018 47.527759
v 17.982002 59.979018 -47.527759
v 18.438918 11.948244 48.405968
v 18.438918 11.948244 -48.405968
v 18.494125 0.969848 25.239540
v 18.494125 0.969848 -25.239540
v 18.569288 79.266397 -4.207833
v 18.569288 79.266397 4.207833
v 18.739416 76.562014 -34.725832
v 18.739416 76.562014 34.725832
v 18.773112 77.173982 34.771744
v 18.773112 77.173982 -34.771744
v 18.776344 2.014299 34.776158
v 18.776344 2.014299 -34.776158
v 18.841436 75.705222 -34.864812
v 18.841436 75.705222 34.864812
v 18.899596 79.266397 0.000000
v 18.899596 79.266397 0.000000
v 18.920361 77.541187 -34.972366
v 18.920361 77.541187 34.972366
v 18.928225 55.169412 49.346441
v 18.928225 55.169412 -49.346441
v 19.101274 74.603668 -35.218900
v 19.101274 74.603668 35.218900
v 19.158968 77.663600 -35.297513
v 19.158968 77.663600 35.297513
v 19.466832 77.541187 -35.717003
v 19.466832 77.541187 35.717003
v 19.503855 14.398508 50.452844
v 19.503855 14.398508 -50.452844
v 19.599192 0.566522 -13.706403
v 19.599192 0.566522 13.706403
v 19.788094 50.415760 -50.999161
v 19.788094 50.415760 50.999161
v 19.821759 77.173982 -36.200622
v 19.821759 77.173982 36.200622
v 19.844824 76.916382 -26.590239
v 19.844824 76.916382 26.590239
v 19.938048 2.627448 -36.359123
v 19.938048 2.627448 36.359123
v 20.096394 78.557662 -13.965061
v 20.096394 78.557662 13.965061
v 20.201616 76.562014 -36.718216
v 20.201616 76.562014 36.718216
v 20.482437 17.212465 -52.333758
v 20.482437 17.212465 52.333758
v 20.540006 45.732048 -52.444420
v 20.540006 45.732048 52.444420
v 20.584240 75.705222 -37.239571
v 20.584240 75.705222 37.239571
v 20.593006 3.282561 -37.251539
v 20.593006 3.282561 37.251539
v 20.882375 3.965651 37.645850
v 20.882375 3.965651 -37.645850
v 20.931613 77.792975 -20.311812
v 20.931613 77.792975 20.311812
v 20.947467 4.662729 -37.734535
v 20.947467 4.662729 37.734535
v 20.947467 74.603668 -37.734535
v 20.947467 4.662729 -37.734535
v 20.947467 4.662729 37.734535
v 20.947467 74.603668 37.734535
v 21.162418 41.132266 -53.640721
v 21.162418 41.132266 53.640721
v 21.205937 5.504352 38.086727
v 21.205937 5.504352 -38.086727
v 21.288343 20.404103 -53.882748
v 21.288343 20.404103 53.882748
v 21.373174 0.566522 9.445508
v 21.373174 0.566522 -9.445508
v 21.385328 75.871930 28.130743
v 21.385328 75.871930 -28.130743
v 21.601057 1.457103 -28.346472
v 21.601057 1.457103 28.346472
v 21.633727 36.630401 -54.546596
v 21.633727 36.630401 54.546596
v 21.835219 23.987411 -54.933851
v 21.835219 23.987411 54.933851
v 21.903855 78.557662 -9.623749
v 21.903855 78.557662 9.623749
v 21.907491 6.639726 39.042680
v 21.907491 6.639726 -39.042680
v 21.932359 32.240441 55.120578
v 21.932359 32.240441 -55.120578
v 21.945912 74.603668 -28.691327
v 21.945912 74.603668 28.691327
v 22.023407 0.969848 21.113056
v 22.023407 0.969848 -21.113056
v 22.036680 27.976376 55.321107
v 22.036680 27.976376 -55.321107
v 22.036680 27.976376 -55.321107
v 22.036680 27.976376 55.321107
v 22.327510 69.710134 -39.614983
v 22.327510 69.710134 39.614983
v 22.479266 0.566522 4.857756
v 22.479266 0.566522 -4.857756
v 22.860584 0.566522 0.000000
v 22.860584 0.566522 0.000000
v 22.941343 8.082841 40.451414
v 22.941343 8.082841 -40.451414
v 23.030805 78.557662 -4.949425
v 23.030805 78.557662 4.949425
v 23.419335 78.557662 0.000000
v 23.419335 78.557662 -0.000000
v 23.562978 76.916382 -22.242928
v 23.562978 76.916382 22.242928
v 23.679826 64.830588 -41.457662
v 23.679826 64.830588 41.457662
v 23.686727 77.792975 15.833043
v 23.686727 77.792975 -15.833043
v 23.720361 76.562014 -30.465776
v 23.720361 76.562014 30.465776
v 23.760647 77.173982 -30.506062
v 23.760647 77.173982 30.506062
v 23.764501 2.014299 30.509916
v 23.764501 2.014299 -30.509916
v 23.842306 75.705222 -30.587721
v 23.842306 75.705222 30.587721
v 23.936649 77.541187 -30.682064
v 23.936649 77.541187 30.682064
v 24.152938 74.603668 -30.898353
v 24.152938 74.603668 30.898353
v 24.196767 9.847684 -42.162045
v 24.196767 9.847684 42.162045
v 24.221915 77.663600 -30.967330
v 24.221915 77.663600 30.967330
v 24.589929 77.541187 -31.335343
v 24.589929 77.541187 31.335343
v 24.887193 0.969848 16.457600
v 24.887193 0.969848 -16.457600
v 24.976780 59.979018 -43.224899
v 24.976780 59.979018 43.224899
v 25.014237 77.173982 -31.759652
v 25.014237 77.173982 31.759652
v 25.153279 2.627448 -31.898694
v 25.153279 2.627448 31.898694
v 25.318869 75.871930 23.531551
v 25.318869 75.871930 -23.531551
v 25.468325 76.562014 -32.213740
v 25.468325 76.562014 32.213740
v 25.562947 11.948244 -44.023624
v 25.562947 11.948244 44.023624
v 25.564781 1.457103 -23.712030
v 25.564781 1.457103 23.712030
v 25.735965 77.792975 -10.911035
v 25.735965 77.792975 10.911035
v 25.925738 75.705222 -32.671153
v 25.925738 75.705222 32.671153
v 25.936214 3.282561 -32.681629
v 25.936214 3.282561 32.681629
v 25.957849 74.603668 -24.000497
v 25.957849 74.603668 24.000497
v 26.190643 55.169412 -44.878956
v 26.190643 55.169412 44.878956
v 26.282157 3.965651 33.027572
v 26.282157 3.965651 -33.027572
v 26.359963 4.662729 -33.105378
v 26.359963 4.662729 33.105378
v 26.359963 74.603668 -33.105378
v 26.359963 74.603668 33.105378
v 26.580012 76.916382 -17.338328
v 26.580012 76.916382 17.338328
v 26.668946 5.504352 -33.414361
v 26.668946 5.504352 33.414361
v 26.929127 14.398508 -45.885204
v 26.929127 14.398508 45.885204
v 27.013646 77.792975 5.611470
v 27.013646 77.792975 -5.611470
v 27.017283 0.969848 11.341436
v 27.017283 0.969848 -11.341436
v 27.293752 50.415760 -46.382033
v 27.293752 50.415760 46.382033
v 27.454150 77.792975 -0.000000
v 27.454150 77.792975 0.000000
v 27.507616 6.639726 34.253031
v 27.507616 6.639726 -34.253031
v 27.980417 76.562014 -25.484831
v 27.980417 76.562014 25.484831
v 28.009730 69.710134 -34.755145
v 28.009730 69.710134 34.755145
v 28.026329 77.173982 -25.518527
v 28.026329 77.173982 25.518527
v 28.030743 2.014299 -25.521759
v 28.030743 2.014299 25.521759
v 28.119397 75.705222 -25.586851
v 28.119397 75.705222 25.586851
v 28.184551 17.212465 -47.595835
v 28.184551 17.212465 47.595835
v 28.226951 77.541187 -25.665776
v 28.226951 77.541187 25.665776
v 28.258377 45.732048 -47.696456
v 28.258377 45.732048 47.696456
v 28.345353 0.969848 -5.832826
v 28.345353 0.969848 5.832826
v 28.473485 74.603668 -25.846689
v 28.473485 74.603668 25.846689
v 28.510724 75.871930 18.342835
v 28.510724 75.871930 -18.342835
v 28.552098 77.663600 -25.904383
v 28.552098 77.663600 25.904383
v 28.743550 8.082841 35.488965
v 28.743550 8.082841 -35.488965
v 28.781100 1.457103 -18.483494
v 28.781100 1.457103 18.483494
v 28.803233 0.969848 0.000000
v 28.803233 0.969848 0.000000
v 28.824091 76.916382 -11.948368
v 28.824091 76.916382 11.948368
v 28.971588 77.541187 -26.212247
v 28.971588 77.541187 26.212247
v 29.056854 41.132266 -48.784458
v 29.056854 41.132266 48.784458
v 29.213304 74.603668 -18.708362
v 29.213304 74.603668 18.708362
v 29.218402 20.404103 -49.004569
v 29.218402 20.404103 49.004569
v 29.455207 77.173982 -26.567174
v 29.455207 77.173982 26.567174
v 29.613708 2.627448 -26.683463
v 29.613708 2.627448 26.683463
v 29.626360 64.830588 -36.371775
v 29.626360 64.830588 36.371775
v 29.661486 36.630401 -49.608331
v 29.661486 36.630401 49.608331
v 29.919956 23.987411 -49.960522
v 29.919956 23.987411 49.960522
v 29.972801 76.562014 -26.947031
v 29.972801 76.562014 26.947031
v 30.044576 32.240441 -50.130339
v 30.044576 32.240441 50.130339
v 30.178427 27.976376 -50.312714
v 30.178427 27.976376 -50.312714
v 30.178427 27.976376 50.312714
v 30.178427 27.976376 50.312714
v 30.223251 76.916382 -6.144980
v 30.223251 76.916382 6.144980
v 30.244327 9.847684 -36.989742
v 30.244327 9.847684 36.989742
v 30.494156 75.705222 -27.329655
v 30.494156 75.705222 27.329655
v 30.506124 3.282561 -27.338421
v 30.506124 3.282561 27.338421
v 30.705626 76.916382 0.000000
v 30.705626 76.916382 -0.000000
v 30.884800 75.871930 12.640597
v 30.884800 75.871930 -12.640597
v 30.900435 3.965651 27.627790
v 30.900435 3.965651 -27.627790
v 30.989120 4.662729 -27.692882
v 30.989120 4.662729 -27.692882
v 30.989120 4.662729 27.692882
v 30.989120 4.662729 27.692882
v 30.989120 74.603668 -27.692882
v 30.989120 74.603668 27.692882
v 31.173391 1.457103 -12.737551
v 31.173391 1.457103 12.737551
v 31.176811 59.979018 37.922226
v 31.176811 59.979018 -37.922226
v 31.341312 5.504352 27.951352
v 31.341312 5.504352 -27.951352
v 31.437209 76.562014 -19.865403
v 31.437209 76.562014 19.865403
v 31.487690 77.173982 -19.891669
v 31.487690 77.173982 19.891669
v 31.492540 2.014299 -19.894187
v 31.492540 2.014299 19.894187
v 31.590053 75.705222 -19.944918
v 31.590053 75.705222 19.944918
v 31.634691 74.603668 -12.892509
v 31.634691 74.603668 12.892509
v 31.708300 77.541187 -20.006435
v 31.708300 77.541187 20.006435
v 31.877526 11.948244 -38.622941
v 31.877526 11.948244 38.622941
v 31.979360 74.603668 -20.147467
v 31.979360 74.603668 20.147467
v 32.065807 77.663600 -20.192446
v 32.065807 77.663600 20.192446
v 32.297265 6.639726 28.652906
v 32.297265 6.639726 -28.652906
v 32.365030 75.871930 6.500964
v 32.365030 75.871930 -6.500964
v 32.527044 77.541187 -20.432422
v 32.527044 77.541187 20.432422
v 32.627914 55.169412 -39.373329
v 32.627914 55.169412 39.373329
v 32.664967 1.457103 -6.550824
v 32.664967 1.457103 6.550824
v 32.869568 69.710134 -29.072925
v 32.869568 69.710134 29.072925
v 32.875350 75.871930 0.000000
v 32.875350 75.871930 0.000000
v 33.058813 77.173982 -20.709077
v 33.058813 77.173982 20.709077
v 33.144420 74.603668 -6.630525
v 33.144420 74.603668 6.630525
v 33.179204 1.457103 0.000000
v 33.179204 1.457103 -0.000000
v 33.233074 2.627448 -20.799751
v 33.233074 2.627448 20.799751
v 33.510724 14.398508 -40.256139
v 33.510724 14.398508 40.256139
v 33.627914 76.562014 -21.005160
v 33.627914 76.562014 21.005160
v 33.664905 74.603668 0.000000
v 33.664905 74.603668 -0.000000
v 33.705999 8.082841 29.686758
v 33.705999 8.082841 -29.686758
v 33.946627 50.415760 -40.692042
v 33.946627 50.415760 40.692042
v 34.008362 76.562014 -13.689866
v 34.008362 76.562014 13.689866
v 34.062232 77.173982 -13.707958
v 34.062232 77.173982 13.707958
v 34.067392 2.014299 13.709698
v 34.067392 2.014299 -13.709698
v 34.171464 75.705222 -13.744669
v 34.171464 75.705222 13.744669
v 34.201181 75.705222 -21.303419
v 34.201181 75.705222 21.303419
v 34.214330 3.282561 -21.310258
v 34.214330 3.282561 21.310258
v 34.297669 77.541187 -13.787038
v 34.297669 77.541187 13.787038
v 34.587007 74.603668 -13.884240
v 34.587007 74.603668 13.884240
v 34.647902 3.965651 21.535841
v 34.647902 3.965651 -21.535841
v 34.679266 77.663600 -13.915232
v 34.679266 77.663600 13.915232
v 34.712247 64.830588 -30.425241
v 34.712247 64.830588 30.425241
v 34.745415 4.662729 21.586571
v 34.745415 4.662729 -21.586571
v 34.745415 4.662729 -21.586571
v 34.745415 4.662729 21.586571
v 34.745415 74.603668 -21.586571
v 34.745415 74.603668 21.586571
v 35.011501 17.212465 -41.756916
v 35.011501 17.212465 41.756916
v 35.099782 45.732048 -41.845197
v 35.099782 45.732048 41.845197
v 35.132670 5.504352 21.788032
v 35.132670 5.504352 -21.788032
v 35.171557 77.541187 -14.080603
v 35.171557 77.541187 14.080603
v 35.416630 9.847684 -30.942182
v 35.416630 9.847684 30.942182
v 35.611439 76.562014 -7.040597
v 35.611439 76.562014 7.040597
v 35.667454 77.173982 -7.049891
v 35.667454 77.173982 7.049891
v 35.672832 2.014299 -7.050793
v 35.672832 2.014299 7.050793
v 35.739136 77.173982 -14.271278
v 35.739136 77.173982 14.271278
v 35.780976 75.705222 -7.068791
v 35.780976 75.705222 7.068791
v 35.912154 77.541187 -7.090581
v 35.912154 77.541187 7.090581
v 35.925148 2.627448 -14.333727
v 35.925148 2.627448 14.333727
v 36.054305 41.132266 -42.799751
v 36.054336 41.132266 42.799720
v 36.164128 76.562014 0.000000
v 36.164128 76.562014 -0.000000
v 36.183774 6.639726 22.334908
v 36.183774 6.639726 -22.334908
v 36.212869 74.603668 -7.140566
v 36.212869 74.603668 7.140566
v 36.220858 77.173982 0.000000
v 36.220858 77.173982 0.000000
v 36.226298 2.014299 0.000000
v 36.226298 2.014299 0.000000
v 36.247435 20.404103 -42.992850
v 36.247435 20.404103 42.992850
v 36.308766 77.663600 -7.156512
v 36.308766 77.663600 7.156512
v 36.335872 75.705222 0.000000
v 36.335872 75.705222 -0.000000
v 36.346596 76.562014 -14.475319
v 36.346596 76.562014 14.475319
v 36.468760 77.541187 0.000000
v 36.468760 77.541187 -0.000000
v 36.479484 59.979018 -31.722195
v 36.479484 59.979018 31.722195
v 36.773391 74.603668 0.000000
v 36.773391 74.603668 0.000000
v 36.777122 36.630401 -43.522537
v 36.777122 36.630401 43.522537
v 36.813056 69.710134 -22.662294
v 36.813056 69.710134 22.662294
v 36.820423 77.541187 -7.241560
v 36.820423 77.541187 7.241560
v 36.870532 77.663600 0.000000
v 36.870532 77.663600 0.000000
v 36.958440 75.705222 -14.680852
v 36.958440 75.705222 14.680852
v 36.972490 3.282561 -14.685546
v 36.972490 3.282561 14.685546
v 37.086105 23.987411 -43.831520
v 37.086105 23.987411 43.831520
v 37.235095 32.240441 -43.980510
v 37.235095 32.240441 43.980510
v 37.278210 11.948244 -32.308362
v 37.278210 11.948244 32.308362
v 37.388872 77.541187 0.000000
v 37.388872 77.541187 -0.000000
v 37.395089 27.976376 -44.140504
v 37.395089 27.976376 -44.140504
v 37.395089 27.976376 44.140504
v 37.395089 27.976376 44.140504
v 37.410320 77.173982 -7.339602
v 37.410320 77.173982 7.339602
v 37.435250 3.965651 14.841001
v 37.435250 3.965651 -14.841001
v 37.539322 4.662729 -14.875971
v 37.539322 4.662729 -14.875971
v 37.539322 4.662729 14.875971
v 37.539322 4.662729 14.875971
v 37.539322 74.603668 -14.875971
v 37.539322 74.603668 14.875971
v 37.603637 2.627448 -7.371744
v 37.603637 2.627448 7.371744
v 37.732763 8.082841 23.140814
v 37.732763 8.082841 -23.140814
v 37.952658 5.504352 15.014827
v 37.952658 5.504352 -15.014827
v 37.986478 77.173982 0.000000
v 38.041654 76.562014 -7.444545
v 38.041654 76.562014 7.444545
v 38.133541 55.169412 -32.936058
v 38.133541 55.169412 32.936058
v 38.182313 2.627448 0.000000
v 38.182313 2.627448 0.000000
v 38.626049 76.562014 0.000000
v 38.626049 76.562014 -0.000000
v 38.677588 75.705222 -7.550264
v 38.677588 75.705222 7.550264
v 38.692167 3.282561 -7.552689
v 38.692167 3.282561 7.552689
v 38.839167 64.830588 -23.716444
v 38.839167 64.830588 23.716444
v 39.074541 6.639726 15.391669
v 39.074541 6.639726 -15.391669
v 39.139789 14.398508 -33.674541
v 39.139789 14.398508 33.674541
v 39.173143 3.965651 7.632639
v 39.173143 3.965651 -7.632639
v 39.270283 75.705222 0.000000
v 39.270283 75.705222 -0.000000
v 39.281318 4.662729 -7.650606
v 39.281318 4.662729 7.650606
v 39.281318 4.662729 7.650606
v 39.281318 4.662729 -7.650606
v 39.281318 74.603668 -7.650606
v 39.281318 74.603668 7.650606
v 39.285048 3.282561 0.000000
v 39.285048 3.282561 0.000000
v 39.613677 9.847684 -24.119397
v 39.613677 9.847684 24.119397
v 39.636618 50.415760 -34.039167
v 39.636618 50.415760 34.039167
v 39.710911 5.504352 7.722008
v 39.710911 5.504352 -7.722008
v 39.746192 69.710134 -15.617283
v 39.746192 69.710134 15.617283
v 39.772303 3.965651 0.000000
v 39.772303 3.965651 0.000000
v 39.881878 4.662729 0.000000
v 39.881878 4.662729 0.000000
v 39.881878 74.603668 0.000000
v 39.881878 74.603668 0.000000
v 40.317066 5.504352 -0.000000
v 40.317066 5.504352 0.000000
v 40.727821 8.082841 -15.947031
v 40.727821 8.082841 15.947031
v 40.782344 59.979018 -24.727417
v 40.782344 59.979018 24.727417
v 40.850420 17.212465 -34.929966
v 40.850420 17.212465 34.929966
v 40.876904 6.639726 7.915822
v 40.876904 6.639726 -7.915822
v 40.951041 45.732048 -35.003792
v 40.951041 45.732048 35.003792
v 41.498290 6.639726 0.000000
v 41.498290 6.639726 0.000000
v 41.574977 69.710134 -8.031862
v 41.574977 69.710134 8.031862
v 41.660553 11.948244 -25.184333
v 41.660553 11.948244 25.184333
v 41.908735 64.830588 -16.343736
v 41.908735 64.830588 16.343736
v 42.039043 41.132266 -35.802269
v 42.039043 41.132266 35.802269
v 42.205471 69.710134 0.000000
v 42.205471 69.710134 0.000000
v 42.259154 20.404103 -35.963817
v 42.259154 20.404103 35.963817
v 42.595244 8.082841 8.201461
v 42.595244 8.082841 -8.201461
v 42.601026 55.169412 -25.673640
v 42.601026 55.169412 25.673640
v 42.735406 9.847684 -16.621417
v 42.735406 9.847684 16.621417
v 42.862916 36.630401 -36.406901
v 42.862916 36.630401 36.406901
v 43.215107 23.987411 -36.665371
v 43.215107 23.987411 36.665371
v 43.239043 8.082841 0.000000
v 43.239043 8.082841 0.000000
v 43.384924 32.240441 -36.789991
v 43.384924 32.240441 36.789991
v 43.567299 27.976376 -36.923842
v 43.567299 27.976376 -36.923842
v 43.567299 27.976376 36.923842
v 43.567299 27.976376 36.923842
v 43.707429 14.398508 -26.249270
v 43.707429 14.398508 26.249270
v 43.822630 64.830588 -8.405471
v 43.822630 64.830588 8.405471
v 43.982748 59.979018 -17.040410
v 43.982748 59.979018 17.040410
v 44.253746 50.415760 -26.533509
v 44.253746 50.415760 26.533509
v 44.482437 64.830588 0.000000
v 44.482437 64.830588 -0.000000
v 44.681784 9.847684 -8.548275
v 44.681784 9.847684 8.548275
v 44.920112 11.948244 -17.355300
v 44.920112 11.948244 17.355300
v 45.352813 9.847684 0.000000
v 45.352813 9.847684 0.000000
v 45.588343 17.212465 -27.227852
v 45.588343 17.212465 27.227852
v 45.699005 45.732048 -27.285421
v 45.699005 45.732048 27.285421
v 45.923904 55.169412 -17.692477
v 45.923904 55.169412 17.692477
v 45.978210 59.979018 -8.763755
v 45.978210 59.979018 8.763755
v 46.098850 18.650917 0.000000
v 46.098850 18.650917 0.000000
v 46.098850 19.368977 5.539322
v 46.098850 19.368977 -5.539322
v 46.098850 21.317998 -9.847684
v 46.098850 21.317998 9.847684
v 46.098850 24.190239 12.925085
v 46.098850 24.190239 -12.925085
v 46.098850 27.677961 -14.771526
v 46.098850 27.677961 14.771526
v 46.098850 31.473422 -15.387007
v 46.098850 31.473422 15.387007
v 46.098850 35.268884 -14.771526
v 46.098850 35.268884 14.771526
v 46.098850 38.756606 12.925085
v 46.098850 38.756606 -12.925085
v 46.098850 41.628847 -9.847684
v 46.098850 41.628847 9.847684
v 46.098850 43.577868 5.539322
v 46.098850 43.577868 -5.539322
v 46.098850 44.295928 0.000000
v 46.098850 44.295928 0.000000
v 46.666149 59.979018 0.000000
v 46.666149 59.979018 0.000000
v 46.895306 41.132266 -27.907833
v 46.895306 41.132266 27.907833
v 46.952440 11.948244 -8.925707
v 46.952440 11.948244 8.925707
v 47.104818 14.398508 -18.089182
v 47.104818 14.398508 18.089182
v 47.137333 20.404103 -28.033758
v 47.137333 20.404103 28.033758
v 47.653093 11.948244 0.000000
v 47.653093 11.948244 0.000000
v 47.687908 50.415760 -18.285048
v 47.687908 50.415760 18.285048
v 47.801181 36.630401 -28.379142
v 47.801181 36.630401 28.379142
v 47.995710 55.169412 -9.099130
v 47.995710 55.169412 9.099130
v 48.188436 23.987411 -28.580634
v 48.188436 23.987411 28.580634
v 48.375163 32.240441 -28.677774
v 48.375163 32.240441 28.677774
v 48.575692 27.976376 -28.782095
v 48.575692 27.976376 -28.782095
v 48.575692 27.976376 28.782095
v 48.575692 27.976376 28.782095
v 48.709978 55.169412 0.000000
v 48.709978 55.169412 0.000000
v 49.112403 17.212465 -18.763569
v 49.112403 17.212465 18.763569
v 49.223096 14.398508 -9.303140
v 49.223096 14.398508 9.303140
v 49.230494 45.732048 -18.803233
v 49.230494 45.732048 18.803233
v 49.829127 50.415760 -9.403886
v 49.829127 50.415760 9.403855
v 49.953373 14.398508 0.000000
v 49.953373 14.398508 0.000000
v 50.507367 41.132266 -19.232142
v 50.507367 41.132266 19.232142
v 50.567299 50.415760 0.000000
v 50.567299 50.415760 -0.000000
v 50.765682 20.404103 -19.318931
v 50.765682 20.404103 19.318931
v 51.309636 17.212465 -9.649953
v 51.309636 17.212465 9.649953
v 51.432390 45.732048 -9.670376
v 51.432390 45.732048 9.670376
v 51.474262 36.630401 -19.556947
v 51.474262 36.630401 19.556947
v 51.887566 23.987411 -19.695772
v 51.887566 23.987411 19.695772
v 52.067143 17.212465 0.000000
v 52.067143 17.212465 -0.000000
v 52.086851 32.240441 -19.762729
v 52.086851 32.240441 19.762729
v 52.191483 45.732048 0.000000
v 52.191483 45.732048 0.000000
v 52.300901 27.976376 -19.834629
v 52.300901 27.976376 -19.834629
v 52.300901 27.976376 19.834629
v 52.300901 27.976376 19.834629
v 52.759465 41.132266 -9.890954
v 52.759465 41.132266 9.890954
v 53.027976 20.404103 -9.935592
v 53.027976 20.404103 9.935592
v 53.431769 44.892757 0.000000
v 53.431769 44.892757 0.000000
v 53.535903 41.132266 0.000000
v 53.535903 41.132266 -0.000000
v 53.540379 44.240628 -5.442959
v 53.540379 44.240628 5.442959
v 53.764408 36.630401 -10.058004
v 53.764408 36.630401 10.058004
v 53.807896 20.404103 0.000000
v 53.807896 20.404103 -0.000000
v 53.835219 42.470563 -9.676407
v 53.835219 42.470563 9.676407
v 54.193970 23.987411 -10.129406
v 54.193970 23.987411 10.129406
v 54.269723 39.862045 -12.700280
v 54.269723 39.862045 12.700280
v 54.401088 32.240441 -10.163817
v 54.401088 32.240441 10.163817
v 54.553932 36.630401 0.000000
v 54.553932 36.630401 0.000000
v 54.623562 27.976376 -10.200808
v 54.623562 27.976376 10.200808
v 54.623562 27.976376 10.200808
v 54.797327 36.694560 -14.514579
v 54.797327 36.694560 14.514579
v 54.989120 23.987411 0.000000
v 54.989120 23.987411 -0.000000
v 55.198943 32.240441 0.000000
v 55.198943 32.240441 0.000000
v 55.371464 33.247591 -15.119366
v 55.371464 33.247591 15.119366
v 55.424308 27.976376 0.000000
v 55.424308 27.976376 0.000000
v 55.945601 29.800622 -14.514579
v 55.945601 29.800622 14.514579
v 56.473205 26.633136 -12.700280
v 56.473205 26.633136 12.700280
v 56.907709 24.024619 9.676407
v 56.907709 24.024619 -9.676407
v 57.202549 22.254554 5.442959
v 57.202549 22.254554 -5.442959
v 57.311159 21.602425 0.000000
v 57.311159 21.602425 0.000000
v 58.880945 46.552689 0.000000
v 58.880945 46.552689 0.000000
v 59.060584 45.978241 -5.181442
v 59.060584 45.978241 5.181442
v 59.548213 44.419024 -9.211470
v 59.548213 44.419024 9.211470
v 60.266770 42.121231 -12.090053
v 60.266770 42.121231 12.090053
v 61.139353 39.331054 -13.817190
v 61.139353 39.331054 13.817190
v 62.088903 36.294684 -14.392913
v 62.088903 36.294684 14.392913
v 62.800746 49.079888 0.000000
v 62.800746 49.079888 0.000000
v 63.023220 48.590954 -4.796052
v 63.023220 48.590954 4.796052
v 63.038452 33.258315 -13.817190
v 63.038452 33.258315 13.817190
v 63.627044 47.263848 -8.526298
v 63.627044 47.263848 8.526298
v 63.911035 30.468138 -12.090053
v 63.911035 30.468138 12.090053
v 64.516941 45.308113 -11.190768
v 64.516941 45.308113 11.190768
v 64.629593 28.170345 -9.211470
v 64.629593 28.170345 9.211470
v 65.117221 26.611128 -5.181442
v 65.117221 26.611128 5.181442
v 65.296860 26.036680 0.000000
v 65.296860 26.036680 0.000000
v 65.545539 52.278520 0.000000
v 65.545539 52.278520 0.000000
v 65.597482 42.933292 -12.789462
v 65.597482 42.933292 12.789462
v 65.792042 51.879018 -4.328070
v 65.792042 51.879018 4.328070
v 66.461082 50.794653 -7.694311
v 66.461082 50.794653 7.694311
v 66.773391 40.348928 -13.322350
v 66.773391 40.348928 13.322350
v 67.447031 49.196643 -10.098788
v 67.447031 49.196643 10.098788
v 67.469692 55.952751 0.000000
v 67.469692 55.952751 0.000000
v 67.730805 55.642680 3.818775
v 67.730805 55.642680 -3.818775
v 67.949301 37.764563 -12.789462
v 67.949301 37.764563 12.789462
v 68.439540 54.801057 -6.788934
v 68.439540 54.801057 6.788934
v 68.644265 47.256201 -11.541498
v 68.644265 47.256201 11.541498
v 68.927572 59.906745 0.000000
v 68.927572 59.906745 0.000000
v 69.029841 35.389742 -11.190768
v 69.029841 35.389742 11.190768
v 69.203295 59.682188 3.309481
v 69.203295 59.682188 -3.309481
v 69.483991 53.560771 -8.910476
v 69.483991 53.560771 8.910476
v 69.919739 33.434007 -8.526298
v 69.919739 33.434007 8.526298
v 69.947156 45.144545 -12.022381
v 69.947156 45.144545 12.022381
v 69.951725 59.072676 5.883556
v 69.951725 59.072676 -5.883556
v 70.273547 63.944669 0.000000
v 70.273547 63.944669 0.000000
v 70.523562 32.106901 -4.796052
v 70.523562 32.106901 4.796052
v 70.573298 63.797793 -2.841498
v 70.573298 63.797793 2.841498
v 70.746037 31.617967 0.000000
v 70.746037 31.617967 0.000000
v 70.752254 52.054709 -10.183401
v 70.752254 52.054709 10.183401
v 71.054678 58.174448 7.722164
v 71.054678 58.174448 -7.722164
v 71.250047 43.032888 -11.541498
v 71.250047 43.032888 11.541498
v 71.386944 63.399130 5.051570
v 71.386944 63.399130 -5.051570
v 71.861983 67.870687 0.000000
v 72.132422 50.415760 -10.607709
v 72.132422 50.415760 10.607709
v 72.204569 67.789742 -2.456108
v 72.204569 67.789742 2.456108
v 72.393970 57.083743 -8.825303
v 72.393970 57.083743 8.825303
v 72.447280 41.092446 -10.098788
v 72.447280 41.092446 10.098788
v 72.585950 62.811626 -6.630183
v 72.585950 62.811626 6.630183
v 73.134411 67.570034 -4.366397
v 73.134411 67.570034 4.366397
v 73.433230 39.494436 -7.694311
v 73.433230 39.494436 7.694311
v 73.512589 48.776811 -10.183401
v 73.512589 48.776811 10.183401
v 73.851414 55.896798 -9.193037
v 73.851414 55.896798 9.193037
v 74.041933 62.098228 -7.577339
v 74.041933 62.098228 7.577339
v 74.047249 71.488965 0.000000
v 74.047249 71.488965 0.000000
v 74.102269 38.410071 -4.328070
v 74.102269 38.410071 4.328070
v 74.348772 38.010569 0.000000
v 74.348772 38.010569 0.000000
v 74.460864 71.458284 2.194591
v 74.460864 71.458284 -2.194591
v 74.504756 67.246254 -5.730898
v 74.504756 67.246254 5.730898
v 74.780852 47.270749 -8.910476
v 74.780852 47.270749 8.910476
v 75.308859 54.709854 -8.825303
v 75.308859 54.709854 8.825303
v 75.583494 71.375008 3.901461
v 75.583494 71.375008 -3.901461
v 75.626360 61.321884 7.893068
v 75.626360 61.321884 -7.893068
v 75.825303 46.030463 -6.788934
v 75.825303 46.030463 6.788934
v 76.168698 66.853093 -6.549611
v 76.168698 66.853093 6.549611
v 76.534038 45.188841 3.818775
v 76.534038 45.188841 -3.818775
v 76.648150 53.619148 7.722164
v 76.648150 53.619148 -7.722164
v 76.795151 44.878769 0.000000
v 76.795151 44.878769 0.000000
v 77.183712 74.603668 0.000000
v 77.183712 74.603668 0.000000
v 77.183712 74.603668 0.000000
v 77.210786 60.545539 -7.577339
v 77.210786 60.545539 7.577339
v 77.237892 71.252285 5.120671
v 77.237892 71.252285 -5.120671
v 77.705937 74.603668 2.098228
v 77.705937 74.603668 -2.098228
v 77.705937 74.603668 -2.098228
v 77.705937 74.603668 2.098228
v 77.751104 52.720920 5.883556
v 77.751104 52.720920 -5.883556
v 77.979484 66.425241 -6.822505
v 77.979484 66.425241 6.822505
v 78.110040 75.233136 0.000000
v 78.499534 52.111408 3.309481
v 78.499534 52.111408 -3.309481
v 78.657352 75.237986 -2.074728
v 78.657352 75.237986 2.074728
v 78.666770 59.832142 -6.630183
v 78.666770 59.832142 6.630183
v 78.775256 51.886851 0.000000
v 78.775256 51.886851 0.000000
v 78.999067 75.722723 0.000000
v 79.123407 74.603668 3.730183
v 79.123407 74.603668 -3.730183
v 79.123407 74.603668 -3.730183
v 79.123407 74.603668 3.730183
v 79.246814 71.103264 5.852223
v 79.246814 71.103264 -5.852223
v 79.557507 75.732111 -2.010942
v 79.557507 75.732111 2.010942
v 79.790270 65.997389 -6.549611
v 79.790270 65.997389 6.549611
v 79.813491 76.072428 0.000000
v 79.813491 76.072428 0.000000
v 79.865776 59.244638 5.051570
v 79.865776 59.244638 -5.051570
v 80.142928 75.251135 -3.688405
v 80.142928 75.251135 3.688405
v 80.292198 74.603668 0.000000
v 80.370780 76.085794 -1.916941
v 80.370780 76.085794 1.916941
v 80.516009 76.282251 0.000000
v 80.640348 74.603668 -1.258937
v 80.640348 74.603668 1.258937
v 80.679422 58.845975 2.841498
v 80.679422 58.845975 -2.841498
v 80.979173 58.699099 0.000000
v 80.979173 58.699099 0.000000
v 81.044451 75.233136 0.000000
v 81.044451 75.233136 0.000000
v 81.061548 76.298694 -1.802798
v 81.061548 76.298694 1.802798
v 81.069319 76.352191 0.000000
v 81.069319 76.352191 0.000000
v 81.073236 75.757631 -3.575008
v 81.073236 75.757631 3.575008
v 81.212310 74.603668 4.895866
v 81.212310 74.603668 -4.895866
v 81.212310 74.603668 -4.895866
v 81.212310 74.603668 4.895866
v 81.432142 75.241498 -1.282437
v 81.432142 75.241498 1.282437
v 81.433012 70.941094 6.096052
v 81.433012 70.941094 -6.096052
v 81.436121 76.282251 0.000000
v 81.436121 76.282251 0.000000
v 81.454212 65.604228 -5.730898
v 81.454212 65.604228 5.730898
v 81.460988 75.722723 0.000000
v 81.460988 75.722723 0.000000
v 81.579111 76.072428 0.000000
v 81.579111 76.072428 0.000000
v 81.585328 74.603668 -2.238110
v 81.585328 74.603668 2.238110
v 81.594249 76.370563 -1.678583
v 81.594249 76.370563 1.678583
v 81.883401 76.122070 -3.407896
v 81.883401 76.122070 3.407896
v 81.887815 75.736836 -1.346223
v 81.887815 75.736836 1.346223
v 81.933292 76.301057 -1.554367
v 81.933292 76.301057 1.554367
v 82.042990 76.089897 -1.440224
v 82.042990 76.089897 1.440224
v 82.332173 75.270532 -4.841032
v 82.332173 75.270532 4.841032
v 82.484426 75.264221 -2.279888
v 82.484426 75.264221 2.279888
v 82.542338 76.343363 -3.204974
v 82.542338 76.343363 3.204974
v 82.824557 65.280448 -4.366397
v 82.824557 65.280448 4.366397
v 82.977930 74.603668 -2.937519
v 82.977930 74.603668 2.937519
v 83.019117 76.420392 -2.984147
v 83.019117 76.420392 2.984147
v 83.046379 75.775101 -2.393286
v 83.046379 75.775101 2.393286
v 83.282717 76.352067 2.763320
v 83.282717 76.352067 -2.763320
v 83.302114 76.137333 -2.560398
v 83.302114 76.137333 2.560398
v 83.306994 75.795244 -4.692198
v 83.306994 75.795244 4.692198
v 83.619210 70.778924 5.852223
v 83.619210 70.778924 -5.852223
v 83.748834 74.603668 -5.595275
v 83.748834 74.603668 -5.595275
v 83.748834 74.603668 5.595275
v 83.754399 65.060740 -2.456108
v 83.754399 65.060740 2.456108
v 84.035188 75.297731 -2.992353
v 84.035188 75.297731 2.992353
v 84.096985 64.979795 0.000000
v 84.112496 76.175536 -4.472863
v 84.112496 76.175536 4.472863
v 84.668946 74.603668 -3.357165
v 84.668946 74.603668 3.357165
v 84.724557 76.409139 -4.206528
v 84.724557 76.409139 4.206528
v 84.753684 75.831489 -3.141187
v 84.753684 75.831489 3.141187
v 84.990550 75.294063 -5.532608
v 84.990550 75.294063 5.532608
v 85.118900 76.493814 -3.916693
v 85.118900 76.493814 3.916693
v 85.157694 76.207274 -3.360522
v 85.157694 76.207274 3.360522
v 85.271340 76.427293 -3.626857
v 85.271340 76.427293 3.626857
v 85.628132 70.629904 5.120671
v 85.628132 70.629904 -5.120671
v 85.918247 75.338390 3.419832
v 85.918247 75.338390 -3.419832
v 86.019366 75.840908 -5.362512
v 86.019366 75.840908 5.362512
v 86.509170 74.603668 -5.828412
v 86.509170 74.603668 -5.828412
v 86.509170 74.603668 -3.497047
v 86.509170 74.603668 3.497047
v 86.509170 74.603668 5.828412
v 86.819304 76.240441 -5.111843
v 86.819304 76.240441 5.111843
v 86.826888 75.899969 -3.589929
v 86.826888 75.899969 3.589929
v 87.282530 70.507181 3.901461
v 87.282530 70.507181 -3.901461
v 87.374386 76.489058 -4.807460
v 87.374386 76.489058 4.807460
v 87.410849 76.292167 -3.840597
v 87.410849 76.292167 3.840597
v 87.668635 76.582997 -4.476220
v 87.668635 76.582997 4.476220
v 87.686105 76.518589 4.144980
v 87.686105 76.518589 -4.144980
v 87.883494 75.319677 -5.763133
v 87.883494 75.319677 5.763133
v 87.967423 75.382624 3.562325
v 87.967423 75.382624 -3.562325
v 88.349394 74.603668 -3.357165
v 88.349394 74.603668 3.357165
v 88.405160 70.423904 2.194591
v 88.405160 70.423904 -2.194591
v 88.818775 70.393224 0.000000
v 88.818775 70.393224 0.000000
v 88.971091 75.890581 -5.585950
v 88.971091 75.890581 5.585950
v 89.082997 75.974510 -3.739509
v 89.082997 75.974510 3.739509
v 89.269506 74.603668 -5.595275
v 89.269506 74.603668 -5.595275
v 89.269506 74.603668 5.595275
v 89.764905 76.311097 -5.324837
v 89.764936 76.311097 5.324837
v 89.862823 76.384551 -4.000622
v 89.862823 76.384551 4.000622
v 90.016630 75.426888 3.419832
v 90.016630 75.426888 -3.419832
v 90.040410 74.603668 -2.937519
v 90.040410 74.603668 2.937519
v 90.258004 76.576002 5.007771
v 90.258004 76.576002 -5.007771
v 90.313957 76.617967 4.317687
v 90.313957 76.617967 -4.317687
v 90.443332 76.680044 -4.662729
v 90.443332 76.680044 4.662729
v 90.776469 75.345322 -5.532608
v 90.776469 75.345322 5.532608
v 91.339105 76.049052 -3.589929
v 91.339105 76.049052 3.589929
v 91.433012 74.603668 -2.238110
v 91.433012 74.603668 2.238110
v 91.806030 74.603668 -4.895866
v 91.806030 74.603668 4.895866
v 91.806030 74.603668 -4.895866
v 91.899689 75.467547 -2.992353
v 91.899689 75.467547 2.992353
v 91.922816 75.940255 -5.362512
v 91.922816 75.940255 5.362512
v 92.314827 76.476935 -3.840597
v 92.314827 76.476935 3.840597
v 92.377992 74.603668 -1.258937
v 92.377992 74.603668 1.258937
v 92.710538 76.381753 -5.111843
v 92.710538 76.381753 5.111843
v 92.726142 74.603668 0.000000
v 92.941809 76.717345 4.144980
v 92.941809 76.717345 -4.144980
v 93.141623 76.662947 -4.807460
v 93.141623 76.662947 4.807460
v 93.218060 76.777090 -4.476220
v 93.218060 76.777090 4.476220
v 93.412310 76.117532 -3.141187
v 93.412310 76.117532 3.141187
v 93.434846 75.368853 -4.841032
v 93.434846 75.368853 4.841032
v 93.450451 75.501026 -2.279888
v 93.450451 75.501026 2.279888
v 93.894933 74.603668 -3.730183
v 93.894933 74.603668 3.730183
v 93.894933 74.603668 -3.730183
v 94.502735 75.523749 -1.282437
v 94.502735 75.523749 1.282437
v 94.567983 76.561828 -3.360522
v 94.567983 76.561828 3.360522
v 94.635188 75.985919 -4.692198
v 94.635188 75.985919 4.692198
v 94.890426 75.532142 0.000000
v 94.890426 75.532142 0.000000
v 95.119615 76.173920 -2.393286
v 95.119615 76.173920 2.393286
v 95.312403 74.603668 -2.098228
v 95.312403 74.603668 2.098228
v 95.312403 74.603668 -2.098228
v 95.356574 76.808642 -3.626857
v 95.356574 76.808642 3.626857
v 95.417345 76.446658 -4.472863
v 95.417345 76.446658 4.472863
v 95.624091 75.388250 -3.688405
v 95.624091 75.388250 3.688405
v 95.767796 76.866242 -3.916693
v 95.767796 76.866273 3.916693
v 95.791452 76.742866 -4.206528
v 95.791452 76.742866 4.206528
v 95.834629 74.603668 0.000000
v 95.834629 74.603668 0.000000
v 96.278178 76.212185 -1.346223
v 96.278178 76.212185 1.346223
v 96.423562 76.631738 -2.560398
v 96.423562 76.631738 2.560398
v 96.705005 76.226298 0.000000
v 96.705005 76.226298 0.000000
v 96.868946 76.023531 -3.575008
v 96.868946 76.023531 3.575008
v 97.109667 75.401399 -2.074728
v 97.109667 75.401399 2.074728
v 97.345197 76.883867 2.763320
v 97.345197 76.883867 -2.763320
v 97.646441 76.500124 -3.407896
v 97.646441 76.500124 3.407896
v 97.656979 75.406248 0.000000
v 97.682686 76.679173 -1.440224
v 97.682686 76.679173 1.440224
v 97.867578 76.939695 -2.984147
v 97.867578 76.939695 2.984147
v 97.973671 76.808642 -3.204974
v 97.973671 76.808642 3.204974
v 98.146565 76.696643 0.000000
v 98.146565 76.696643 0.000000
v 98.384675 76.049052 -2.010942
v 98.384675 76.049052 2.010942
v 98.694622 76.934877 -1.554367
v 98.694622 76.934877 1.554367
v 98.943115 76.058440 0.000000
v 99.159061 76.536400 -1.916941
v 99.159061 76.536400 1.916941
v 99.191794 76.953684 0.000000
v 99.191794 76.953684 0.000000
v 99.292415 76.989524 -1.678583
v 99.292415 76.989524 1.678583
v 99.454461 76.853311 -1.802798
v 99.454461 76.853311 1.802798
v 99.716351 76.549767 0.000000
v 99.817376 77.007896 0.000000
v 99.817376 77.007896 0.000000
v 100.000000 76.869754 0.000000
f 2909 2921 2939
f 2939 2931 2909
f 2869 2877 2921
f 2921 2909 2869
f 2819 2827 2877
f 2877 2869 2819
f 2737 2747 2827
f 2827 2819 2737
f 2669 2673 2747
f 2747 2737 2669
f 2567 2575 2673
f 2673 2669 2567
f 2476 2480 2575
f 2575 2567 2476
f 2358 2362 2480
f 2480 2476 2358
f 2158 2162 2362
f 2362 2358 2158
f 1715 1812 2162
f 2162 2158 1715
f 2901 2909 2931
f 2931 2917 2901
f 2863 2869 2909
f 2909 2901 2863
f 2813 2819 2869
f 2869 2863 2813
f 2729 2737 2819
f 2819 2813 2729
f 2663 2669 2737
f 2737 2729 2663
f 2561 2567 2669
f 2669 2663 2561
f 2468 2476 2567
f 2567 2561 2468
f 2350 2358 2476
f 2476 2468 2350
f 2152 2158 2358
f 2358 2350 2152
f 1717 1715 2158
f 2158 2152 1717
f 2903 2901 2917
f 2917 2923 2903
f 2865 2863 2901
f 2901 2903 2865
f 2815 2813 2863
f 2863 2865 2815
f 2733 2729 2813
f 2813 2815 2733
f 2665 2663 2729
f 2729 2733 2665
f 2564 2561 2663
f 2663 2665 2564
f 2473 2468 2561
f 2561 2564 2473
f 2354 2350 2468
f 2468 2473 2354
f 2155 2152 2350
f 2350 2354 2155
f 1927 1717 2152
f 2152 2155 1927
f 2911 2903 2923
f 2923 2935 2911
f 2875 2865 2903
f 2903 2911 2875
f 2823 2815 2865
f 2865 2875 2823
f 2741 2733 2815
f 2815 2823 2741
f 2671 2665 2733
f 2733 2741 2671
f 2571 2564 2665
f 2665 2671 2571
f 2478 2473 2564
f 2564 2571 2478
f 2360 2354 2473
f 2473 2478 2360
f 2160 2155 2354
f 2354 2360 2160
f 1718 1927 2155
f 2155 2160 1718
f 2929 2911 2935
f 2935 2947 2929
f 2881 2875 2911
f 2911 2929 2881
f 2829 2823 2875
f 2875 2881 2829
f 2751 2741 2823
f 2823 2829 2751
f 2677 2671 2741
f 2741 2751 2677
f 2577 2571 2671
f 2671 2677 2577
f 2482 2478 2571
f 2571 2577 2482
f 2364 2360 2478
f 2478 2482 2364
f 2164 2160 2360
f 2360 2364 2164
f 1842 1718 2160
f 2160 2164 1842
f 2945 2929 2947
f 2947 2959 2945
f 2897 2881 2929
f 2929 2945 2897
f 2835 2829 2881
f 2881 2897 2835
f 2761 2751 2829
f 2829 2835 2761
f 2679 2677 2751
f 2751 2761 2679
f 2579 2577 2677
f 2677 2679 2579
f 2486 2482 2577
f 2577 2579 2486
f 2368 2364 2482
f 2482 2486 2368
f 2172 2164 2364
f 2364 2368 2172
f 1725 1842 2164
f 2164 2172 1725
f 2965 2945 2959
f 2959 2981 2965
f 2907 2897 2945
f 2945 2965 2907
f 2845 2835 2897
f 2897 2907 2845
f 2769 2761 2835
f 2835 2845 2769
f 2685 2679 2761
f 2761 2769 2685
f 2587 2579 2679
f 2679 2685 2587
f 2491 2486 2579
f 2579 2587 2491
f 2370 2368 2486
f 2486 2491 2370
f 2174 2172 2368
f 2368 2370 2174
f 1834 1725 2172
f 2172 2174 1834
f 2982 2965 2981
f 2981 2988 2982
f 2933 2907 2965
f 2965 2982 2933
f 2855 2845 2907
f 2907 2933 2855
f 2779 2769 2845
f 2845 2855 2779
f 2691 2685 2769
f 2769 2779 2691
f 2595 2587 2685
f 2685 2691 2595
f 2500 2491 2587
f 2587 2595 2500
f 2374 2370 2491
f 2491 2500 2374
f 2178 2174 2370
f 2370 2374 2178
f 1716 1834 2174
f 2174 2178 1716
f 2990 2982 2988
f 2988 3002 2990
f 2949 2933 2982
f 2982 2990 2949
f 2871 2855 2933
f 2933 2949 2871
f 2791 2779 2855
f 2855 2871 2791
f 2699 2691 2779
f 2779 2791 2699
f 2601 2595 2691
f 2691 2699 2601
f 2506 2500 2595
f 2595 2601 2506
f 2378 2374 2500
f 2500 2506 2378
f 2180 2178 2374
f 2374 2378 2180
f 1714 1716 2178
f 2178 2180 1714
f 3008 2990 3002
f 3002 3024 3008
f 2973 2949 2990
f 2990 3008 2973
f 2889 2871 2949
f 2949 2973 2889
f 2805 2791 2871
f 2871 2889 2805
f 2711 2699 2791
f 2791 2805 2711
f 2611 2601 2699
f 2699 2711 2611
f 2521 2506 2601
f 2601 2611 2521
f 2387 2378 2506
f 2506 2521 2387
f 2191 2180 2378
f 2378 2387 2191
f 1810 1714 2180
f 2180 2191 1810
f 1464 1460 1813
f 1813 1821 1464
f 1264 1260 1460
f 1460 1464 1264
f 1146 1142 1260
f 1260 1264 1146
f 1055 1047 1142
f 1142 1146 1055
f 953 949 1047
f 1047 1055 953
f 885 875 949
f 949 953 885
f 803 795 875
f 875 885 803
f 753 745 795
f 795 803 753
f 713 701 745
f 745 753 713
f 691 683 701
f 701 713 691
f 1470 1464 1821
f 1821 1829 1470
f 1272 1264 1464
f 1464 1470 1272
f 1154 1146 1264
f 1264 1272 1154
f 1061 1055 1146
f 1146 1154 1061
f 959 953 1055
f 1055 1061 959
f 893 885 953
f 953 959 893
f 809 803 885
f 885 893 809
f 759 753 803
f 803 809 759
f 721 713 753
f 753 759 721
f 705 691 713
f 713 721 705
f 1469 1470 1829
f 1829 1835 1469
f 1268 1272 1470
f 1470 1469 1268
f 1151 1154 1272
f 1272 1268 1151
f 1060 1061 1154
f 1154 1151 1060
f 957 959 1061
f 1061 1060 957
f 889 893 959
f 959 957 889
f 807 809 893
f 893 889 807
f 757 759 809
f 809 807 757
f 719 721 759
f 759 757 719
f 699 705 721
f 721 719 699
f 1462 1469 1835
f 1835 1839 1462
f 1262 1268 1469
f 1469 1462 1262
f 1144 1151 1268
f 1268 1262 1144
f 1051 1060 1151
f 1151 1144 1051
f 951 957 1060
f 1060 1051 951
f 881 889 957
f 957 951 881
f 799 807 889
f 889 881 799
f 747 757 807
f 807 799 747
f 711 719 757
f 757 747 711
f 687 699 719
f 719 711 687
f 1458 1462 1839
f 1839 1843 1458
f 1258 1262 1462
f 1462 1458 1258
f 1140 1144 1262
f 1262 1258 1140
f 1045 1051 1144
f 1144 1140 1045
f 945 951 1051
f 1051 1045 945
f 871 881 951
f 951 945 871
f 793 799 881
f 881 871 793
f 741 747 799
f 799 793 741
f 693 711 747
f 747 741 693
f 675 687 711
f 711 693 675
f 1450 1458 1843
f 1843 1838 1450
f 1254 1258 1458
f 1458 1450 1254
f 1136 1140 1258
f 1258 1254 1136
f 1043 1045 1140
f 1140 1136 1043
f 943 945 1045
f 1045 1043 943
f 861 871 945
f 945 943 861
f 787 793 871
f 871 861 787
f 725 741 793
f 793 787 725
f 677 693 741
f 741 725 677
f 663 675 693
f 693 677 663
f 1448 1450 1838
f 1838 1834 1448
f 1252 1254 1450
f 1450 1448 1252
f 1133 1136 1254
f 1254 1252 1133
f 1035 1043 1136
f 1136 1133 1035
f 937 943 1043
f 1043 1035 937
f 853 861 943
f 943 937 853
f 777 787 861
f 861 853 777
f 715 725 787
f 787 777 715
f 657 677 725
f 725 715 657
f 642 663 677
f 677 657 642
f 1444 1448 1834
f 1834 1828 1444
f 1248 1252 1448
f 1448 1444 1248
f 1122 1133 1252
f 1252 1248 1122
f 1027 1035 1133
f 1133 1122 1027
f 931 937 1035
f 1035 1027 931
f 843 853 937
f 937 931 843
f 767 777 853
f 853 843 767
f 689 715 777
f 777 767 689
f 640 657 715
f 715 689 640
f 634 642 657
f 657 640 634
f 1442 1444 1828
f 1828 1820 1442
f 1244 1248 1444
f 1444 1442 1244
f 1116 1122 1248
f 1248 1244 1116
f 1021 1027 1122
f 1122 1116 1021
f 923 931 1027
f 1027 1021 923
f 831 843 931
f 931 923 831
f 751 767 843
f 843 831 751
f 673 689 767
f 767 751 673
f 632 640 689
f 689 673 632
f 620 634 640
f 640 632 620
f 1429 1442 1820
f 1820 1811 1429
f 1233 1244 1442
f 1442 1429 1233
f 1106 1116 1244
f 1244 1233 1106
f 1011 1021 1116
f 1116 1106 1011
f 911 923 1021
f 1021 1011 911
f 817 831 923
f 923 911 817
f 733 751 831
f 831 817 733
f 649 673 751
f 751 733 649
f 614 632 673
f 673 649 614
f 597 620 632
f 632 614 597
f 714 702 684
f 684 692 714
f 754 746 702
f 702 714 754
f 804 796 746
f 746 754 804
f 886 876 796
f 796 804 886
f 954 950 876
f 876 886 954
f 1056 1048 950
f 950 954 1056
f 1147 1143 1048
f 1048 1056 1147
f 1265 1261 1143
f 1143 1147 1265
f 1465 1461 1261
f 1261 1265 1465
f 1915 1817 1461
f 1461 1465 1915
f 722 714 692
f 692 706 722
f 760 754 714
f 714 722 760
f 810 804 754
f 754 760 810
f 894 886 804
f 804 810 894
f 960 954 886
f 886 894 960
f 1062 1056 954
f 954 960 1062
f 1155 1147 1056
f 1056 1062 1155
f 1273 1265 1147
f 1147 1155 1273
f 1471 1465 1265
f 1265 1273 1471
f 1917 1915 1465
f 1465 1471 1917
f 720 722 706
f 706 700 720
f 758 760 722
f 722 720 758
f 808 810 760
f 760 758 808
f 890 894 810
f 810 808 890
f 958 960 894
f 894 890 958
f 1059 1062 960
f 960 958 1059
f 1150 1155 1062
f 1062 1059 1150
f 1269 1273 1155
f 1155 1150 1269
f 1468 1471 1273
f 1273 1269 1468
f 1697 1917 1471
f 1471 1468 1697
f 712 720 700
f 700 688 712
f 748 758 720
f 720 712 748
f 800 808 758
f 758 748 800
f 882 890 808
f 808 800 882
f 952 958 890
f 890 882 952
f 1052 1059 958
f 958 952 1052
f 1145 1150 1059
f 1059 1052 1145
f 1263 1269 1150
f 1150 1145 1263
f 1463 1468 1269
f 1269 1263 1463
f 1919 1697 1468
f 1468 1463 1919
f 694 712 688
f 688 676 694
f 742 748 712
f 712 694 742
f 794 800 748
f 748 742 794
f 872 882 800
f 800 794 872
f 946 952 882
f 882 872 946
f 1046 1052 952
f 952 946 1046
f 1141 1145 1052
f 1052 1046 1141
f 1259 1263 1145
f 1145 1141 1259
f 1459 1463 1263
f 1263 1259 1459
f 1845 1919 1463
f 1463 1459 1845
f 678 694 676
f 676 664 678
f 726 742 694
f 694 678 726
f 788 794 742
f 742 726 788
f 862 872 794
f 794 788 862
f 944 946 872
f 872 862 944
f 1044 1046 946
f 946 944 1044
f 1137 1141 1046
f 1046 1044 1137
f 1255 1259 1141
f 1141 1137 1255
f 1451 1459 1259
f 1259 1255 1451
f 1898 1845 1459
f 1459 1451 1898
f 658 678 664
f 664 642 658
f 716 726 678
f 678 658 716
f 778 788 726
f 726 716 778
f 854 862 788
f 788 778 854
f 938 944 862
f 862 854 938
f 1036 1044 944
f 944 938 1036
f 1132 1137 1044
f 1044 1036 1132
f 1253 1255 1137
f 1137 1132 1253
f 1449 1451 1255
f 1255 1253 1449
f 1837 1898 1451
f 1451 1449 1837
f 641 658 642
f 642 635 641
f 690 716 658
f 658 641 690
f 768 778 716
f 716 690 768
f 844 854 778
f 778 768 844
f 932 938 854
f 854 844 932
f 1028 1036 938
f 938 932 1028
f 1123 1132 1036
f 1036 1028 1123
f 1249 1253 1132
f 1132 1123 1249
f 1445 1449 1253
f 1253 1249 1445
f 1918 1837 1449
f 1449 1445 1918
f 633 641 635
f 635 621 633
f 674 690 641
f 641 633 674
f 752 768 690
f 690 674 752
f 832 844 768
f 768 752 832
f 924 932 844
f 844 832 924
f 1022 1028 932
f 932 924 1022
f 1117 1123 1028
f 1028 1022 1117
f 1245 1249 1123
f 1123 1117 1245
f 1443 1445 1249
f 1249 1245 1443
f 1916 1918 1445
f 1445 1443 1916
f 616 633 621
f 621 600 616
f 654 674 633
f 633 616 654
f 737 752 674
f 674 654 737
f 822 832 752
f 752 737 822
f 914 924 832
f 832 822 914
f 1014 1022 924
f 924 914 1014
f 1104 1117 1022
f 1022 1014 1104
f 1237 1245 1117
f 1117 1104 1237
f 1433 1443 1245
f 1245 1237 1433
f 1819 1916 1443
f 1443 1433 1819
f 2159 2163 1816
f 1816 1822 2159
f 2359 2363 2163
f 2163 2159 2359
f 2477 2481 2363
f 2363 2359 2477
f 2568 2576 2481
f 2481 2477 2568
f 2670 2674 2576
f 2576 2568 2670
f 2738 2748 2674
f 2674 2670 2738
f 2820 2828 2748
f 2748 2738 2820
f 2870 2878 2828
f 2828 2820 2870
f 2910 2922 2878
f 2878 2870 2910
f 2932 2940 2922
f 2922 2910 2932
f 2153 2159 1822
f 1822 1830 2153
f 2351 2359 2159
f 2159 2153 2351
f 2469 2477 2359
f 2359 2351 2469
f 2562 2568 2477
f 2477 2469 2562
f 2664 2670 2568
f 2568 2562 2664
f 2730 2738 2670
f 2670 2664 2730
f 2814 2820 2738
f 2738 2730 2814
f 2864 2870 2820
f 2820 2814 2864
f 2902 2910 2870
f 2870 2864 2902
f 2918 2932 2910
f 2910 2902 2918
f 2154 2153 1830
f 1830 1836 2154
f 2355 2351 2153
f 2153 2154 2355
f 2472 2469 2351
f 2351 2355 2472
f 2563 2562 2469
f 2469 2472 2563
f 2666 2664 2562
f 2562 2563 2666
f 2734 2730 2664
f 2664 2666 2734
f 2816 2814 2730
f 2730 2734 2816
f 2866 2864 2814
f 2814 2816 2866
f 2904 2902 2864
f 2864 2866 2904
f 2924 2918 2902
f 2902 2904 2924
f 2161 2154 1836
f 1836 1840 2161
f 2361 2355 2154
f 2154 2161 2361
f 2479 2472 2355
f 2355 2361 2479
f 2572 2563 2472
f 2472 2479 2572
f 2672 2666 2563
f 2563 2572 2672
f 2742 2734 2666
f 2666 2672 2742
f 2824 2816 2734
f 2734 2742 2824
f 2876 2866 2816
f 2816 2824 2876
f 2912 2904 2866
f 2866 2876 2912
f 2936 2924 2904
f 2904 2912 2936
f 2165 2161 1840
f 1840 1844 2165
f 2365 2361 2161
f 2161 2165 2365
f 2483 2479 2361
f 2361 2365 2483
f 2578 2572 2479
f 2479 2483 2578
f 2678 2672 2572
f 2572 2578 2678
f 2752 2742 2672
f 2672 2678 2752
f 2830 2824 2742
f 2742 2752 2830
f 2882 2876 2824
f 2824 2830 2882
f 2930 2912 2876
f 2876 2882 2930
f 2948 2936 2912
f 2912 2930 2948
f 2173 2165 1844
f 1844 1841 2173
f 2369 2365 2165
f 2165 2173 2369
f 2487 2483 2365
f 2365 2369 2487
f 2580 2578 2483
f 2483 2487 2580
f 2680 2678 2578
f 2578 2580 2680
f 2762 2752 2678
f 2678 2680 2762
f 2836 2830 2752
f 2752 2762 2836
f 2898 2882 2830
f 2830 2836 2898
f 2946 2930 2882
f 2882 2898 2946
f 2960 2948 2930
f 2930 2946 2960
f 2175 2173 1841
f 1841 1837 2175
f 2371 2369 2173
f 2173 2175 2371
f 2490 2487 2369
f 2369 2371 2490
f 2588 2580 2487
f 2487 2490 2588
f 2686 2680 2580
f 2580 2588 2686
f 2770 2762 2680
f 2680 2686 2770
f 2846 2836 2762
f 2762 2770 2846
f 2908 2898 2836
f 2836 2846 2908
f 2966 2946 2898
f 2898 2908 2966
f 2981 2960 2946
f 2946 2966 2981
f 2179 2175 1837
f 1837 1831 2179
f 2375 2371 2175
f 2175 2179 2375
f 2501 2490 2371
f 2371 2375 2501
f 2596 2588 2490
f 2490 2501 2596
f 2692 2686 2588
f 2588 2596 2692
f 2780 2770 2686
f 2686 2692 2780
f 2856 2846 2770
f 2770 2780 2856
f 2934 2908 2846
f 2846 2856 2934
f 2983 2966 2908
f 2908 2934 2983
f 2989 2981 2966
f 2966 2983 2989
f 2181 2179 1831
f 1831 1823 2181
f 2379 2375 2179
f 2179 2181 2379
f 2507 2501 2375
f 2375 2379 2507
f 2602 2596 2501
f 2501 2507 2602
f 2700 2692 2596
f 2596 2602 2700
f 2792 2780 2692
f 2692 2700 2792
f 2872 2856 2780
f 2780 2792 2872
f 2950 2934 2856
f 2856 2872 2950
f 2991 2983 2934
f 2934 2950 2991
f 3003 2989 2983
f 2983 2991 3003
f 2194 2181 1823
f 1823 1818 2194
f 2391 2379 2181
f 2181 2194 2391
f 2518 2507 2379
f 2379 2391 2518
f 2614 2602 2507
f 2507 2518 2614
f 2712 2700 2602
f 2602 2614 2712
f 2806 2792 2700
f 2700 2712 2806
f 2890 2872 2792
f 2792 2806 2890
f 2974 2950 2872
f 2872 2890 2974
f 3009 2991 2950
f 2950 2974 3009
f 3025 3003 2991
f 2991 3009 3025
f 3040 3008 3024
f 3024 3048 3040
f 3018 2973 3008
f 3008 3040 3018
f 2943 2889 2973
f 2973 3018 2943
f 2841 2805 2889
f 2889 2943 2841
f 2731 2711 2805
f 2805 2841 2731
f 2645 2611 2711
f 2711 2731 2645
f 2529 2521 2611
f 2611 2645 2529
f 2402 2387 2521
f 2521 2529 2402
f 2208 2191 2387
f 2387 2402 2208
f 1806 1810 2191
f 2191 2208 1806
f 3072 3040 3048
f 3048 3078 3072
f 3044 3018 3040
f 3040 3072 3044
f 2994 2943 3018
f 3018 3044 2994
f 2883 2841 2943
f 2943 2994 2883
f 2773 2731 2841
f 2841 2883 2773
f 2659 2645 2731
f 2731 2773 2659
f 2539 2529 2645
f 2645 2659 2539
f 2410 2402 2529
f 2529 2539 2410
f 2222 2208 2402
f 2402 2410 2222
f 1694 1806 2208
f 2208 2222 1694
f 3092 3072 3078
f 3078 3116 3092
f 3074 3044 3072
f 3072 3092 3074
f 3030 2994 3044
f 3044 3074 3030
f 2937 2883 2994
f 2994 3030 2937
f 2810 2773 2883
f 2883 2937 2810
f 2683 2659 2773
f 2773 2810 2683
f 2554 2539 2659
f 2659 2683 2554
f 2420 2410 2539
f 2539 2554 2420
f 2238 2222 2410
f 2410 2420 2238
f 1930 1694 2222
f 2222 2238 1930
f 3132 3092 3116
f 3116 3142 3132
f 3090 3074 3092
f 3092 3132 3090
f 3054 3030 3074
f 3074 3090 3054
f 2984 2937 3030
f 3030 3054 2984
f 2837 2810 2937
f 2937 2984 2837
f 2705 2683 2810
f 2810 2837 2705
f 2574 2554 2683
f 2683 2705 2574
f 2430 2420 2554
f 2554 2574 2430
f 2247 2238 2420
f 2420 2430 2247
f 1913 1930 2238
f 2238 2247 1913
f 3150 3132 3142
f 3142 3156 3150
f 3128 3090 3132
f 3132 3150 3128
f 3076 3054 3090
f 3090 3128 3076
f 3014 2984 3054
f 3054 3076 3014
f 2861 2837 2984
f 2984 3014 2861
f 2723 2705 2837
f 2837 2861 2723
f 2585 2574 2705
f 2705 2723 2585
f 2438 2430 2574
f 2574 2585 2438
f 2253 2247 2430
f 2430 2438 2253
f 1711 1913 2247
f 2247 2253 1711
f 3162 3150 3156
f 3156 3172 3162
f 3148 3128 3150
f 3150 3162 3148
f 3088 3076 3128
f 3128 3148 3088
f 3036 3014 3076
f 3076 3088 3036
f 2893 2861 3014
f 3014 3036 2893
f 2743 2723 2861
f 2861 2893 2743
f 2599 2585 2723
f 2723 2743 2599
f 2450 2438 2585
f 2585 2599 2450
f 2267 2253 2438
f 2438 2450 2267
f 1794 1711 2253
f 2253 2267 1794
f 3178 3162 3172
f 3172 3184 3178
f 3154 3148 3162
f 3162 3178 3154
f 3118 3088 3148
f 3148 3154 3118
f 3046 3036 3088
f 3088 3118 3046
f 2915 2893 3036
f 3036 3046 2915
f 2763 2743 2893
f 2893 2915 2763
f 2615 2599 2743
f 2743 2763 2615
f 2452 2450 2599
f 2599 2615 2452
f 2277 2267 2450
f 2450 2452 2277
f 1710 1794 2267
f 2267 2277 1710
f 3188 3178 3184
f 3184 3200 3188
f 3164 3154 3178
f 3178 3188 3164
f 3130 3118 3154
f 3154 3164 3130
f 3058 3046 3118
f 3118 3130 3058
f 2941 2915 3046
f 3046 3058 2941
f 2775 2763 2915
f 2915 2941 2775
f 2627 2615 2763
f 2763 2775 2627
f 2458 2452 2615
f 2615 2627 2458
f 2287 2277 2452
f 2452 2458 2287
f 1910 1710 2277
f 2277 2287 1910
f 3198 3188 3200
f 3200 3209 3198
f 3170 3164 3188
f 3188 3198 3170
f 3136 3130 3164
f 3164 3170 3136
f 3064 3058 3130
f 3130 3136 3064
f 2955 2941 3058
f 3058 3064 2955
f 2781 2775 2941
f 2941 2955 2781
f 2636 2627 2775
f 2775 2781 2636
f 2462 2458 2627
f 2627 2636 2462
f 2295 2287 2458
f 2458 2462 2295
f 1909 1910 2287
f 2287 2295 1909
f 3202 3198 3209
f 3209 3213 3202
f 3174 3170 3198
f 3198 3202 3174
f 3138 3136 3170
f 3170 3174 3138
f 3066 3064 3136
f 3136 3138 3066
f 2961 2955 3064
f 3064 3066 2961
f 2783 2781 2955
f 2955 2961 2783
f 2642 2636 2781
f 2781 2783 2642
f 2464 2462 2636
f 2636 2642 2464
f 2297 2295 2462
f 2462 2464 2297
f 1784 1909 2295
f 2295 2297 1784
f 1414 1429 1811
f 1811 1807 1414
f 1220 1233 1429
f 1429 1414 1220
f 1093 1106 1233
f 1233 1220 1093
f 977 1011 1106
f 1106 1093 977
f 891 911 1011
f 1011 977 891
f 781 817 911
f 911 891 781
f 679 733 817
f 817 781 679
f 604 649 733
f 733 679 604
f 571 614 649
f 649 604 571
f 561 597 614
f 614 571 561
f 1400 1414 1807
f 1807 1804 1400
f 1212 1220 1414
f 1414 1400 1212
f 1083 1093 1220
f 1220 1212 1083
f 963 977 1093
f 1093 1083 963
f 849 891 977
f 977 963 849
f 739 781 891
f 891 849 739
f 628 679 781
f 781 739 628
f 565 604 679
f 679 628 565
f 530 571 604
f 604 565 530
f 524 561 571
f 571 530 524
f 1386 1400 1804
f 1804 1802 1386
f 1202 1212 1400
f 1400 1386 1202
f 1070 1083 1212
f 1212 1202 1070
f 939 963 1083
f 1083 1070 939
f 814 849 963
f 963 939 814
f 685 739 849
f 849 814 685
f 585 628 739
f 739 685 585
f 528 565 628
f 628 585 528
f 510 530 565
f 565 528 510
f 508 524 530
f 530 510 508
f 1375 1386 1802
f 1802 1800 1375
f 1192 1202 1386
f 1386 1375 1192
f 1050 1070 1202
f 1202 1192 1050
f 917 939 1070
f 1070 1050 917
f 785 814 939
f 939 917 785
f 638 685 814
f 814 785 638
f 553 585 685
f 685 638 553
f 512 528 585
f 585 553 512
f 492 510 528
f 528 512 492
f 482 508 510
f 510 492 482
f 1369 1375 1800
f 1800 1798 1369
f 1184 1192 1375
f 1375 1369 1184
f 1037 1050 1192
f 1192 1184 1037
f 899 917 1050
f 1050 1037 899
f 761 785 917
f 917 899 761
f 608 638 785
f 785 761 608
f 526 553 638
f 638 608 526
f 496 512 553
f 553 526 496
f 454 492 512
f 512 496 454
f 448 482 492
f 492 454 448
f 1355 1369 1798
f 1798 1795 1355
f 1172 1184 1369
f 1369 1355 1172
f 1023 1037 1184
f 1184 1172 1023
f 879 899 1037
f 1037 1023 879
f 729 761 899
f 899 879 729
f 579 608 761
f 761 729 579
f 514 526 608
f 608 579 514
f 457 496 526
f 526 514 457
f 442 454 496
f 496 457 442
f 432 448 454
f 454 442 432
f 1345 1355 1795
f 1795 1792 1345
f 1170 1172 1355
f 1355 1345 1170
f 1007 1023 1172
f 1172 1170 1007
f 859 879 1023
f 1023 1007 859
f 707 729 879
f 879 859 707
f 563 579 729
f 729 707 563
f 506 514 579
f 579 563 506
f 450 457 514
f 514 506 450
f 420 442 457
f 457 450 420
f 412 432 442
f 442 420 412
f 1335 1345 1792
f 1792 1790 1335
f 1164 1170 1345
f 1345 1335 1164
f 995 1007 1170
f 1170 1164 995
f 847 859 1007
f 1007 995 847
f 681 707 859
f 859 847 681
f 547 563 707
f 707 681 547
f 494 506 563
f 563 547 494
f 440 450 506
f 506 494 440
f 410 420 450
f 450 440 410
f 398 412 420
f 420 410 398
f 1327 1335 1790
f 1790 1788 1327
f 1160 1164 1335
f 1335 1327 1160
f 988 995 1164
f 1164 1160 988
f 841 847 995
f 995 988 841
f 667 681 847
f 847 841 667
f 538 547 681
f 681 667 538
f 488 494 547
f 547 538 488
f 434 440 494
f 494 488 434
f 400 410 440
f 440 434 400
f 381 398 410
f 410 400 381
f 1324 1327 1788
f 1788 1785 1324
f 1156 1160 1327
f 1327 1324 1156
f 979 988 1160
f 1160 1156 979
f 837 841 988
f 988 979 837
f 659 667 841
f 841 837 659
f 534 538 667
f 667 659 534
f 484 488 538
f 538 534 484
f 428 434 488
f 488 484 428
f 395 400 434
f 434 428 395
f 374 381 400
f 400 395 374
f 572 616 600
f 600 562 572
f 605 654 616
f 616 572 605
f 680 737 654
f 654 605 680
f 782 822 737
f 737 680 782
f 892 914 822
f 822 782 892
f 978 1014 914
f 914 892 978
f 1094 1104 1014
f 1014 978 1094
f 1221 1237 1104
f 1104 1094 1221
f 1415 1433 1237
f 1237 1221 1415
f 1809 1819 1433
f 1433 1415 1809
f 531 572 562
f 562 525 531
f 566 605 572
f 572 531 566
f 629 680 605
f 605 566 629
f 740 782 680
f 680 629 740
f 850 892 782
f 782 740 850
f 964 978 892
f 892 850 964
f 1084 1094 978
f 978 964 1084
f 1213 1221 1094
f 1094 1084 1213
f 1401 1415 1221
f 1221 1213 1401
f 1931 1809 1415
f 1415 1401 1931
f 511 531 525
f 525 509 511
f 529 566 531
f 531 511 529
f 586 629 566
f 566 529 586
f 686 740 629
f 629 586 686
f 813 850 740
f 740 686 813
f 940 964 850
f 850 813 940
f 1069 1084 964
f 964 940 1069
f 1203 1213 1084
f 1084 1069 1203
f 1385 1401 1213
f 1213 1203 1385
f 1693 1931 1401
f 1401 1385 1693
f 493 511 509
f 509 483 493
f 513 529 511
f 511 493 513
f 554 586 529
f 529 513 554
f 639 686 586
f 586 554 639
f 786 813 686
f 686 639 786
f 918 940 813
f 813 786 918
f 1049 1069 940
f 940 918 1049
f 1193 1203 1069
f 1069 1049 1193
f 1376 1385 1203
f 1203 1193 1376
f 1712 1693 1385
f 1385 1376 1712
f 455 493 483
f 483 449 455
f 497 513 493
f 493 455 497
f 527 554 513
f 513 497 527
f 609 639 554
f 554 527 609
f 762 786 639
f 639 609 762
f 900 918 786
f 786 762 900
f 1038 1049 918
f 918 900 1038
f 1185 1193 1049
f 1049 1038 1185
f 1370 1376 1193
f 1193 1185 1370
f 1912 1712 1376
f 1376 1370 1912
f 443 455 449
f 449 433 443
f 458 497 455
f 455 443 458
f 515 527 497
f 497 458 515
f 580 609 527
f 527 515 580
f 730 762 609
f 609 580 730
f 880 900 762
f 762 730 880
f 1024 1038 900
f 900 880 1024
f 1173 1185 1038
f 1038 1024 1173
f 1356 1370 1185
f 1185 1173 1356
f 1797 1912 1370
f 1370 1356 1797
f 421 443 433
f 433 413 421
f 451 458 443
f 443 421 451
f 507 515 458
f 458 451 507
f 564 580 515
f 515 507 564
f 708 730 580
f 580 564 708
f 860 880 730
f 730 708 860
f 1008 1024 880
f 880 860 1008
f 1171 1173 1024
f 1024 1008 1171
f 1346 1356 1173
f 1173 1171 1346
f 1911 1797 1356
f 1356 1346 1911
f 411 421 413
f 413 399 411
f 441 451 421
f 421 411 441
f 495 507 451
f 451 441 495
f 548 564 507
f 507 495 548
f 682 708 564
f 564 548 682
f 848 860 708
f 708 682 848
f 996 1008 860
f 860 848 996
f 1165 1171 1008
f 1008 996 1165
f 1336 1346 1171
f 1171 1165 1336
f 1709 1911 1346
f 1346 1336 1709
f 401 411 399
f 399 382 401
f 435 441 411
f 411 401 435
f 489 495 441
f 441 435 489
f 539 548 495
f 495 489 539
f 668 682 548
f 548 539 668
f 842 848 682
f 682 668 842
f 987 996 848
f 848 842 987
f 1161 1165 996
f 996 987 1161
f 1328 1336 1165
f 1165 1161 1328
f 1708 1709 1336
f 1336 1328 1708
f 397 401 382
f 382 376 397
f 431 435 401
f 401 397 431
f 487 489 435
f 435 431 487
f 537 539 489
f 489 487 537
f 662 668 539
f 539 537 662
f 840 842 668
f 668 662 840
f 981 987 842
f 842 840 981
f 1159 1161 987
f 987 981 1159
f 1326 1328 1161
f 1161 1159 1326
f 1787 1708 1328
f 1328 1326 1787
f 2209 2194 1818
f 1818 1808 2209
f 2403 2391 2194
f 2194 2209 2403
f 2530 2518 2391
f 2391 2403 2530
f 2646 2614 2518
f 2518 2530 2646
f 2732 2712 2614
f 2614 2646 2732
f 2842 2806 2712
f 2712 2732 2842
f 2944 2890 2806
f 2806 2842 2944
f 3019 2974 2890
f 2890 2944 3019
f 3041 3009 2974
f 2974 3019 3041
f 3049 3025 3009
f 3009 3041 3049
f 2223 2209 1808
f 1808 1805 2223
f 2411 2403 2209
f 2209 2223 2411
f 2540 2530 2403
f 2403 2411 2540
f 2660 2646 2530
f 2530 2540 2660
f 2774 2732 2646
f 2646 2660 2774
f 2884 2842 2732
f 2732 2774 2884
f 2995 2944 2842
f 2842 2884 2995
f 3045 3019 2944
f 2944 2995 3045
f 3073 3041 3019
f 3019 3045 3073
f 3079 3049 3041
f 3041 3073 3079
f 2237 2223 1805
f 1805 1803 2237
f 2421 2411 2223
f 2223 2237 2421
f 2553 2540 2411
f 2411 2421 2553
f 2684 2660 2540
f 2540 2553 2684
f 2809 2774 2660
f 2660 2684 2809
f 2938 2884 2774
f 2774 2809 2938
f 3031 2995 2884
f 2884 2938 3031
f 3075 3045 2995
f 2995 3031 3075
f 3093 3073 3045
f 3045 3075 3093
f 3117 3079 3073
f 3073 3093 3117
f 2248 2237 1803
f 1803 1801 2248
f 2431 2421 2237
f 2237 2248 2431
f 2573 2553 2421
f 2421 2431 2573
f 2706 2684 2553
f 2553 2573 2706
f 2838 2809 2684
f 2684 2706 2838
f 2985 2938 2809
f 2809 2838 2985
f 3055 3031 2938
f 2938 2985 3055
f 3091 3075 3031
f 3031 3055 3091
f 3133 3093 3075
f 3075 3091 3133
f 3143 3117 3093
f 3093 3133 3143
f 2254 2248 1801
f 1801 1799 2254
f 2439 2431 2248
f 2248 2254 2439
f 2586 2573 2431
f 2431 2439 2586
f 2724 2706 2573
f 2573 2586 2724
f 2862 2838 2706
f 2706 2724 2862
f 3015 2985 2838
f 2838 2862 3015
f 3077 3055 2985
f 2985 3015 3077
f 3129 3091 3055
f 3055 3077 3129
f 3151 3133 3091
f 3091 3129 3151
f 3157 3143 3133
f 3133 3151 3157
f 2268 2254 1799
f 1799 1796 2268
f 2451 2439 2254
f 2254 2268 2451
f 2600 2586 2439
f 2439 2451 2600
f 2744 2724 2586
f 2586 2600 2744
f 2894 2862 2724
f 2724 2744 2894
f 3037 3015 2862
f 2862 2894 3037
f 3089 3077 3015
f 3015 3037 3089
f 3149 3129 3077
f 3077 3089 3149
f 3163 3151 3129
f 3129 3149 3163
f 3173 3157 3151
f 3151 3163 3173
f 2278 2268 1796
f 1796 1793 2278
f 2453 2451 2268
f 2268 2278 2453
f 2616 2600 2451
f 2451 2453 2616
f 2764 2744 2600
f 2600 2616 2764
f 2916 2894 2744
f 2744 2764 2916
f 3047 3037 2894
f 2894 2916 3047
f 3119 3089 3037
f 3037 3047 3119
f 3155 3149 3089
f 3089 3119 3155
f 3179 3163 3149
f 3149 3155 3179
f 3185 3173 3163
f 3163 3179 3185
f 2288 2278 1793
f 1793 1791 2288
f 2459 2453 2278
f 2278 2288 2459
f 2628 2616 2453
f 2453 2459 2628
f 2776 2764 2616
f 2616 2628 2776
f 2942 2916 2764
f 2764 2776 2942
f 3059 3047 2916
f 2916 2942 3059
f 3131 3119 3047
f 3047 3059 3131
f 3165 3155 3119
f 3119 3131 3165
f 3189 3179 3155
f 3155 3165 3189
f 3201 3185 3179
f 3179 3189 3201
f 2296 2288 1791
f 1791 1789 2296
f 2463 2459 2288
f 2288 2296 2463
f 2635 2628 2459
f 2459 2463 2635
f 2782 2776 2628
f 2628 2635 2782
f 2956 2942 2776
f 2776 2782 2956
f 3065 3059 2942
f 2942 2956 3065
f 3137 3131 3059
f 3059 3065 3137
f 3171 3165 3131
f 3131 3137 3171
f 3199 3189 3165
f 3165 3171 3199
f 3210 3201 3189
f 3189 3199 3210
f 2299 2296 1789
f 1789 1786 2299
f 2467 2463 2296
f 2296 2299 2467
f 2644 2635 2463
f 2463 2467 2644
f 2786 2782 2635
f 2635 2644 2786
f 2964 2956 2782
f 2782 2786 2964
f 3069 3065 2956
f 2956 2964 3069
f 3141 3137 3065
f 3065 3069 3141
f 3177 3171 3137
f 3137 3141 3177
f 3204 3199 3171
f 3171 3177 3204
f 3214 3210 3199
f 3199 3204 3214
f 3194 3202 3213
f 3213 3207 3194
f 3166 3175 3202
f 3202 3194 3166
f 3134 3139 3175
f 3175 3166 3134
f 3060 3067 3139
f 3139 3134 3060
f 2953 2962 3067
f 3067 3060 2953
f 2777 2784 2962
f 2962 2953 2777
f 2629 2643 2784
f 2784 2777 2629
f 2460 2465 2643
f 2643 2629 2460
f 2293 2298 2465
f 2465 2460 2293
f 1696 1785 2298
f 2298 2293 1696
f 3180 3194 3207
f 3207 3190 3180
f 3158 3166 3194
f 3194 3180 3158
f 3124 3134 3166
f 3166 3158 3124
f 3050 3060 3134
f 3134 3124 3050
f 2927 2953 3060
f 3060 3050 2927
f 2767 2777 2953
f 2953 2927 2767
f 2619 2629 2777
f 2777 2767 2619
f 2454 2460 2629
f 2629 2619 2454
f 2283 2293 2460
f 2460 2454 2283
f 1695 1696 2293
f 2293 2283 1695
f 3160 3180 3190
f 3190 3168 3160
f 3144 3158 3180
f 3180 3160 3144
f 3086 3124 3158
f 3158 3144 3086
f 3032 3050 3124
f 3124 3086 3032
f 2891 2927 3050
f 3050 3032 2891
f 2739 2767 2927
f 2927 2891 2739
f 2597 2619 2767
f 2767 2739 2597
f 2448 2454 2619
f 2619 2597 2448
f 2265 2283 2454
f 2454 2448 2265
f 1707 1695 2283
f 2283 2265 1707
f 3146 3160 3168
f 3168 3152 3146
f 3122 3144 3160
f 3160 3146 3122
f 3070 3086 3144
f 3144 3122 3070
f 2998 3032 3086
f 3086 3070 2998
f 2853 2891 3032
f 3032 2998 2853
f 2717 2739 2891
f 2891 2853 2717
f 2582 2597 2739
f 2739 2717 2582
f 2434 2448 2597
f 2597 2582 2434
f 2251 2265 2448
f 2448 2434 2251
f 1907 1707 2265
f 2265 2251 1907
f 3120 3146 3152
f 3152 3126 3120
f 3082 3122 3146
f 3146 3120 3082
f 3042 3070 3122
f 3122 3082 3042
f 2957 2998 3070
f 3070 3042 2957
f 2825 2853 2998
f 2998 2957 2825
f 2693 2717 2853
f 2853 2825 2693
f 2556 2582 2717
f 2717 2693 2556
f 2424 2434 2582
f 2582 2556 2424
f 2239 2251 2434
f 2434 2424 2239
f 1906 1907 2251
f 2251 2239 1906
f 3080 3120 3126
f 3126 3084 3080
f 3056 3082 3120
f 3120 3080 3056
f 3012 3042 3082
f 3082 3056 3012
f 2899 2957 3042
f 3042 3012 2899
f 2789 2825 2957
f 2957 2899 2789
f 2675 2693 2825
f 2825 2789 2675
f 2545 2556 2693
f 2693 2675 2545
f 2416 2424 2556
f 2556 2545 2416
f 2228 2239 2424
f 2424 2416 2228
f 1770 1906 2239
f 2239 2228 1770
f 3053 3080 3084
f 3084 3062 3053
f 3028 3056 3080
f 3080 3053 3028
f 2978 3012 3056
f 3056 3028 2978
f 2860 2899 3012
f 3012 2978 2860
f 2754 2789 2899
f 2899 2860 2754
f 2652 2675 2789
f 2789 2754 2652
f 2534 2545 2675
f 2675 2652 2534
f 2406 2416 2545
f 2545 2534 2406
f 2217 2228 2416
f 2416 2406 2217
f 1929 1770 2228
f 2228 2217 1929
f 3035 3053 3062
f 3062 3039 3035
f 2997 3028 3053
f 3053 3035 2997
f 2920 2978 3028
f 3028 2997 2920
f 2832 2860 2978
f 2978 2920 2832
f 2728 2754 2860
f 2860 2832 2728
f 2634 2652 2754
f 2754 2728 2634
f 2528 2534 2652
f 2652 2634 2528
f 2396 2406 2534
f 2534 2528 2396
f 2202 2217 2406
f 2406 2396 2202
f 1765 1929 2217
f 2217 2202 1765
f 3017 3035 3039
f 3039 3027 3017
f 2980 2997 3035
f 3035 3017 2980
f 2896 2920 2997
f 2997 2980 2896
f 2812 2832 2920
f 2920 2896 2812
f 2715 2728 2832
f 2832 2812 2715
f 2618 2634 2728
f 2728 2715 2618
f 2523 2528 2634
f 2634 2618 2523
f 2392 2396 2528
f 2528 2523 2392
f 2196 2202 2396
f 2396 2392 2196
f 1724 1765 2202
f 2202 2196 1724
f 3007 3017 3027
f 3027 3023 3007
f 2969 2980 3017
f 3017 3007 2969
f 2887 2896 2980
f 2980 2969 2887
f 2802 2812 2896
f 2896 2887 2802
f 2709 2715 2812
f 2812 2802 2709
f 2609 2618 2715
f 2715 2709 2609
f 2519 2523 2618
f 2618 2609 2519
f 2386 2392 2523
f 2523 2519 2386
f 2190 2196 2392
f 2392 2386 2190
f 1759 1724 2196
f 2196 2190 1759
f 1329 1324 1785
f 1785 1782 1329
f 1162 1157 1324
f 1324 1329 1162
f 993 982 1157
f 1157 1162 993
f 845 838 982
f 982 993 845
f 669 660 838
f 838 845 669
f 542 535 660
f 660 669 542
f 490 485 535
f 535 542 490
f 438 429 485
f 485 490 438
f 404 396 429
f 429 438 404
f 387 376 396
f 396 404 387
f 1339 1329 1782
f 1782 1780 1339
f 1168 1162 1329
f 1329 1339 1168
f 1003 993 1162
f 1162 1168 1003
f 855 845 993
f 993 1003 855
f 695 669 845
f 845 855 695
f 559 542 669
f 669 695 559
f 500 490 542
f 542 559 500
f 446 438 490
f 490 500 446
f 416 404 438
f 438 446 416
f 408 387 404
f 404 416 408
f 1357 1339 1780
f 1780 1778 1357
f 1174 1168 1339
f 1339 1357 1174
f 1025 1003 1168
f 1168 1174 1025
f 883 855 1003
f 1003 1025 883
f 731 695 855
f 855 883 731
f 583 559 695
f 695 731 583
f 516 500 559
f 559 583 516
f 467 446 500
f 500 516 467
f 444 416 446
f 446 467 444
f 436 408 416
f 416 444 436
f 1371 1357 1778
f 1778 1776 1371
f 1188 1174 1357
f 1357 1371 1188
f 1042 1025 1174
f 1174 1188 1042
f 905 883 1025
f 1025 1042 905
f 769 731 883
f 883 905 769
f 624 583 731
f 731 769 624
f 532 516 583
f 583 624 532
f 502 467 516
f 516 532 502
f 459 444 467
f 467 502 459
f 452 436 444
f 444 459 452
f 1383 1371 1776
f 1776 1774 1383
f 1198 1188 1371
f 1371 1383 1198
f 1068 1042 1188
f 1188 1198 1068
f 929 905 1042
f 1042 1068 929
f 797 769 905
f 905 929 797
f 665 624 769
f 769 797 665
f 569 532 624
f 624 665 569
f 520 502 532
f 532 569 520
f 504 459 502
f 502 520 504
f 498 452 459
f 459 504 498
f 1394 1383 1774
f 1774 1771 1394
f 1206 1198 1383
f 1383 1394 1206
f 1077 1068 1198
f 1198 1206 1077
f 947 929 1068
f 1068 1077 947
f 833 797 929
f 929 947 833
f 723 665 797
f 797 833 723
f 610 569 665
f 665 723 610
f 549 520 569
f 569 610 549
f 522 504 520
f 520 549 522
f 518 498 504
f 504 522 518
f 1407 1394 1771
f 1771 1768 1407
f 1216 1206 1394
f 1394 1407 1216
f 1090 1077 1206
f 1206 1216 1090
f 972 947 1077
f 1077 1090 972
f 870 833 947
f 947 972 870
f 764 723 833
f 833 870 764
f 646 610 723
f 723 764 646
f 587 549 610
f 610 646 587
f 556 522 549
f 549 587 556
f 540 518 522
f 522 556 540
f 1420 1407 1768
f 1768 1764 1420
f 1226 1216 1407
f 1407 1420 1226
f 1096 1090 1216
f 1216 1226 1096
f 990 972 1090
f 1090 1096 990
f 896 870 972
f 972 990 896
f 792 764 870
f 870 896 792
f 704 646 764
f 764 792 704
f 627 587 646
f 646 704 627
f 582 556 587
f 587 627 582
f 574 540 556
f 556 582 574
f 1426 1420 1764
f 1764 1762 1426
f 1230 1226 1420
f 1420 1426 1230
f 1101 1096 1226
f 1226 1230 1101
f 1006 990 1096
f 1096 1101 1006
f 907 896 990
f 990 1006 907
f 812 792 896
f 896 907 812
f 728 704 792
f 792 812 728
f 644 627 704
f 704 728 644
f 607 582 627
f 627 644 607
f 592 574 582
f 582 607 592
f 1430 1426 1762
f 1762 1758 1430
f 1234 1230 1426
f 1426 1430 1234
f 1107 1101 1230
f 1230 1234 1107
f 1012 1006 1101
f 1101 1107 1012
f 912 907 1006
f 1006 1012 912
f 819 812 907
f 907 912 819
f 738 728 812
f 812 819 738
f 651 644 728
f 728 738 651
f 618 607 644
f 644 651 618
f 601 592 607
f 607 618 601
f 405 397 376
f 376 388 405
f 439 430 397
f 397 405 439
f 491 486 430
f 430 439 491
f 543 536 486
f 486 491 543
f 670 661 536
f 536 543 670
f 846 839 661
f 661 670 846
f 994 980 839
f 839 846 994
f 1163 1158 980
f 980 994 1163
f 1330 1325 1158
f 1158 1163 1330
f 1926 1786 1325
f 1325 1330 1926
f 417 405 388
f 388 409 417
f 447 439 405
f 405 417 447
f 501 491 439
f 439 447 501
f 560 543 491
f 491 501 560
f 696 670 543
f 543 560 696
f 856 846 670
f 670 696 856
f 1004 994 846
f 846 856 1004
f 1169 1163 994
f 994 1004 1169
f 1340 1330 1163
f 1163 1169 1340
f 1925 1926 1330
f 1330 1340 1925
f 445 417 409
f 409 437 445
f 468 447 417
f 417 445 468
f 517 501 447
f 447 468 517
f 584 560 501
f 501 517 584
f 732 696 560
f 560 584 732
f 884 856 696
f 696 732 884
f 1026 1004 856
f 856 884 1026
f 1175 1169 1004
f 1004 1026 1175
f 1358 1340 1169
f 1169 1175 1358
f 1908 1925 1340
f 1340 1358 1908
f 460 445 437
f 437 453 460
f 503 468 445
f 445 460 503
f 533 517 468
f 468 503 533
f 625 584 517
f 517 533 625
f 770 732 584
f 584 625 770
f 906 884 732
f 732 770 906
f 1041 1026 884
f 884 906 1041
f 1189 1175 1026
f 1026 1041 1189
f 1372 1358 1175
f 1175 1189 1372
f 1706 1908 1358
f 1358 1372 1706
f 505 460 453
f 453 499 505
f 521 503 460
f 460 505 521
f 570 533 503
f 503 521 570
f 666 625 533
f 533 570 666
f 798 770 625
f 625 666 798
f 930 906 770
f 770 798 930
f 1067 1041 906
f 906 930 1067
f 1199 1189 1041
f 1041 1067 1199
f 1384 1372 1189
f 1189 1199 1384
f 1705 1706 1372
f 1372 1384 1705
f 523 505 499
f 499 519 523
f 550 521 505
f 505 523 550
f 611 570 521
f 521 550 611
f 724 666 570
f 570 611 724
f 834 798 666
f 666 724 834
f 948 930 798
f 798 834 948
f 1078 1067 930
f 930 948 1078
f 1207 1199 1067
f 1067 1078 1207
f 1395 1384 1199
f 1199 1207 1395
f 1773 1705 1384
f 1384 1395 1773
f 555 523 519
f 519 541 555
f 588 550 523
f 523 555 588
f 645 611 550
f 550 588 645
f 763 724 611
f 611 645 763
f 869 834 724
f 724 763 869
f 971 948 834
f 834 869 971
f 1089 1078 948
f 948 971 1089
f 1217 1207 1078
f 1078 1089 1217
f 1406 1395 1207
f 1207 1217 1406
f 1692 1773 1395
f 1395 1406 1692
f 581 555 541
f 541 573 581
f 626 588 555
f 555 581 626
f 703 645 588
f 588 626 703
f 791 763 645
f 645 703 791
f 895 869 763
f 763 791 895
f 989 971 869
f 869 895 989
f 1095 1089 971
f 971 989 1095
f 1227 1217 1089
f 1089 1095 1227
f 1421 1406 1217
f 1217 1227 1421
f 1766 1692 1406
f 1406 1421 1766
f 606 581 573
f 573 591 606
f 643 626 581
f 581 606 643
f 727 703 626
f 626 643 727
f 811 791 703
f 703 727 811
f 908 895 791
f 791 811 908
f 1005 989 895
f 895 908 1005
f 1100 1095 989
f 989 1005 1100
f 1231 1227 1095
f 1095 1100 1231
f 1427 1421 1227
f 1227 1231 1427
f 1897 1766 1421
f 1421 1427 1897
f 615 606 591
f 591 598 615
f 653 643 606
f 606 615 653
f 735 727 643
f 643 653 735
f 820 811 727
f 727 735 820
f 913 908 811
f 811 820 913
f 1013 1005 908
f 908 913 1013
f 1103 1100 1005
f 1005 1013 1103
f 1236 1231 1100
f 1100 1103 1236
f 1432 1427 1231
f 1231 1236 1432
f 1760 1897 1427
f 1427 1432 1760
f 2294 2299 1786
f 1786 1783 2294
f 2461 2466 2299
f 2299 2294 2461
f 2630 2641 2466
f 2466 2461 2630
f 2778 2785 2641
f 2641 2630 2778
f 2954 2963 2785
f 2785 2778 2954
f 3061 3068 2963
f 2963 2954 3061
f 3135 3140 3068
f 3068 3061 3135
f 3167 3176 3140
f 3140 3135 3167
f 3195 3203 3176
f 3176 3167 3195
f 3208 3213 3203
f 3203 3195 3208
f 2284 2294 1783
f 1783 1781 2284
f 2455 2461 2294
f 2294 2284 2455
f 2620 2630 2461
f 2461 2455 2620
f 2768 2778 2630
f 2630 2620 2768
f 2928 2954 2778
f 2778 2768 2928
f 3051 3061 2954
f 2954 2928 3051
f 3125 3135 3061
f 3061 3051 3125
f 3159 3167 3135
f 3135 3125 3159
f 3181 3195 3167
f 3167 3159 3181
f 3191 3208 3195
f 3195 3181 3191
f 2266 2284 1781
f 1781 1779 2266
f 2449 2455 2284
f 2284 2266 2449
f 2598 2620 2455
f 2455 2449 2598
f 2740 2768 2620
f 2620 2598 2740
f 2892 2928 2768
f 2768 2740 2892
f 3033 3051 2928
f 2928 2892 3033
f 3087 3125 3051
f 3051 3033 3087
f 3145 3159 3125
f 3125 3087 3145
f 3161 3181 3159
f 3159 3145 3161
f 3169 3191 3181
f 3181 3161 3169
f 2252 2266 1779
f 1779 1777 2252
f 2435 2449 2266
f 2266 2252 2435
f 2581 2598 2449
f 2449 2435 2581
f 2718 2740 2598
f 2598 2581 2718
f 2854 2892 2740
f 2740 2718 2854
f 2999 3033 2892
f 2892 2854 2999
f 3071 3087 3033
f 3033 2999 3071
f 3123 3145 3087
f 3087 3071 3123
f 3147 3161 3145
f 3145 3123 3147
f 3153 3169 3161
f 3161 3147 3153
f 2240 2252 1777
f 1777 1775 2240
f 2425 2435 2252
f 2252 2240 2425
f 2555 2581 2435
f 2435 2425 2555
f 2694 2718 2581
f 2581 2555 2694
f 2826 2854 2718
f 2718 2694 2826
f 2958 2999 2854
f 2854 2826 2958
f 3043 3071 2999
f 2999 2958 3043
f 3083 3123 3071
f 3071 3043 3083
f 3121 3147 3123
f 3123 3083 3121
f 3127 3153 3147
f 3147 3121 3127
f 2229 2240 1775
f 1775 1772 2229
f 2417 2425 2240
f 2240 2229 2417
f 2546 2555 2425
f 2425 2417 2546
f 2676 2694 2555
f 2555 2546 2676
f 2790 2826 2694
f 2694 2676 2790
f 2900 2958 2826
f 2826 2790 2900
f 3013 3043 2958
f 2958 2900 3013
f 3057 3083 3043
f 3043 3013 3057
f 3081 3121 3083
f 3083 3057 3081
f 3085 3127 3121
f 3121 3081 3085
f 2216 2229 1772
f 1772 1769 2216
f 2407 2417 2229
f 2229 2216 2407
f 2533 2546 2417
f 2417 2407 2533
f 2651 2676 2546
f 2546 2533 2651
f 2753 2790 2676
f 2676 2651 2753
f 2859 2900 2790
f 2790 2753 2859
f 2977 3013 2900
f 2900 2859 2977
f 3029 3057 3013
f 3013 2977 3029
f 3052 3081 3057
f 3057 3029 3052
f 3063 3085 3081
f 3081 3052 3063
f 2203 2216 1769
f 1769 1767 2203
f 2397 2407 2216
f 2216 2203 2397
f 2527 2533 2407
f 2407 2397 2527
f 2633 2651 2533
f 2533 2527 2633
f 2727 2753 2651
f 2651 2633 2727
f 2831 2859 2753
f 2753 2727 2831
f 2919 2977 2859
f 2859 2831 2919
f 2996 3029 2977
f 2977 2919 2996
f 3034 3052 3029
f 3029 2996 3034
f 3038 3063 3052
f 3052 3034 3038
f 2197 2203 1767
f 1767 1763 2197
f 2393 2397 2203
f 2203 2197 2393
f 2522 2527 2397
f 2397 2393 2522
f 2617 2633 2527
f 2527 2522 2617
f 2716 2727 2633
f 2633 2617 2716
f 2811 2831 2727
f 2727 2716 2811
f 2895 2919 2831
f 2831 2811 2895
f 2979 2996 2919
f 2919 2895 2979
f 3016 3034 2996
f 2996 2979 3016
f 3026 3038 3034
f 3034 3016 3026
f 2193 2197 1763
f 1763 1761 2193
f 2389 2393 2197
f 2197 2193 2389
f 2516 2522 2393
f 2393 2389 2516
f 2610 2617 2522
f 2522 2516 2610
f 2710 2716 2617
f 2617 2610 2710
f 2803 2811 2716
f 2716 2710 2803
f 2885 2895 2811
f 2811 2803 2885
f 2971 2979 2895
f 2895 2885 2971
f 3005 3016 2979
f 2979 2971 3005
f 3022 3026 3016
f 3016 3005 3022
f 461 545 544
f 544 456 461
f 463 551 545
f 545 461 463
f 465 557 551
f 551 463 465
f 469 567 557
f 557 465 469
f 471 575 567
f 567 469 471
f 473 577 575
f 575 471 473
f 475 589 577
f 577 473 475
f 477 593 589
f 589 475 477
f 479 595 593
f 593 477 479
f 481 599 595
f 595 479 481
f 389 461 456
f 456 392 389
f 386 463 461
f 461 389 386
f 379 465 463
f 463 386 379
f 373 469 465
f 465 379 373
f 371 471 469
f 469 373 371
f 369 473 471
f 471 371 369
f 366 475 473
f 473 369 366
f 364 477 475
f 475 366 364
f 362 479 477
f 477 364 362
f 361 481 479
f 479 362 361
f 335 389 392
f 392 337 335
f 333 386 389
f 389 335 333
f 331 379 386
f 386 333 331
f 329 373 379
f 379 331 329
f 328 371 373
f 373 329 328
f 325 369 371
f 371 328 325
f 323 366 369
f 369 325 323
f 321 364 366
f 366 323 321
f 319 362 364
f 364 321 319
f 316 361 362
f 362 319 316
f 298 335 337
f 337 302 298
f 290 333 335
f 335 298 290
f 288 331 333
f 333 290 288
f 286 329 331
f 331 288 286
f 281 328 329
f 329 286 281
f 275 325 328
f 328 281 275
f 265 323 325
f 325 275 265
f 259 321 323
f 323 265 259
f 255 319 321
f 321 259 255
f 249 316 319
f 319 255 249
f 269 298 302
f 302 271 269
f 261 290 298
f 298 269 261
f 251 288 290
f 290 261 251
f 238 286 288
f 288 251 238
f 230 281 286
f 286 238 230
f 218 275 281
f 281 230 218
f 208 265 275
f 275 218 208
f 196 259 265
f 265 208 196
f 186 255 259
f 259 196 186
f 181 249 255
f 255 186 181
f 228 269 271
f 271 234 228
f 222 261 269
f 269 228 222
f 212 251 261
f 261 222 212
f 200 238 251
f 251 212 200
f 177 230 238
f 238 200 177
f 160 218 230
f 230 177 160
f 134 208 218
f 218 160 134
f 112 196 208
f 208 134 112
f 102 186 196
f 196 112 102
f 96 181 186
f 186 102 96
f 198 228 234
f 234 205 198
f 182 222 228
f 228 198 182
f 168 212 222
f 222 182 168
f 146 200 212
f 212 168 146
f 118 177 200
f 200 146 118
f 92 160 177
f 177 118 92
f 74 134 160
f 160 92 74
f 63 112 134
f 134 74 63
f 53 102 112
f 112 63 53
f 50 96 102
f 102 53 50
f 167 198 205
f 205 170 167
f 154 182 198
f 198 167 154
f 126 168 182
f 182 154 126
f 100 146 168
f 168 126 100
f 83 118 146
f 146 100 83
f 61 92 118
f 118 83 61
f 46 74 92
f 92 61 46
f 32 63 74
f 74 46 32
f 25 53 63
f 63 32 25
f 21 50 53
f 53 25 21
f 143 167 170
f 170 150 143
f 124 154 167
f 167 143 124
f 104 126 154
f 154 124 104
f 84 100 126
f 126 104 84
f 65 83 100
f 100 84 65
f 44 61 83
f 83 65 44
f 30 46 61
f 61 44 30
f 17 32 46
f 46 30 17
f 9 25 32
f 32 17 9
f 5 21 25
f 25 9 5
f 132 143 150
f 150 140 132
f 116 124 143
f 143 132 116
f 94 104 124
f 124 116 94
f 76 84 104
f 104 94 76
f 55 65 84
f 84 76 55
f 40 44 65
f 65 55 40
f 22 30 44
f 44 40 22
f 11 17 30
f 30 22 11
f 2 9 17
f 17 11 2
f 1 5 9
f 9 2 1
f 480 596 599
f 599 481 480
f 478 594 596
f 596 480 478
f 476 590 594
f 594 478 476
f 474 578 590
f 590 476 474
f 472 576 578
f 578 474 472
f 470 568 576
f 576 472 470
f 466 558 568
f 568 470 466
f 464 552 558
f 558 466 464
f 462 546 552
f 552 464 462
f 456 544 546
f 546 462 456
f 363 480 481
f 481 360 363
f 365 478 480
f 480 363 365
f 367 476 478
f 478 365 367
f 368 474 476
f 476 367 368
f 370 472 474
f 474 368 370
f 372 470 472
f 472 370 372
f 380 466 470
f 470 372 380
f 385 464 466
f 466 380 385
f 390 462 464
f 464 385 390
f 391 456 462
f 462 390 391
f 320 363 360
f 360 316 320
f 322 365 363
f 363 320 322
f 324 367 365
f 365 322 324
f 326 368 367
f 367 324 326
f 327 370 368
f 368 326 327
f 330 372 370
f 370 327 330
f 332 380 372
f 372 330 332
f 334 385 380
f 380 332 334
f 336 390 385
f 385 334 336
f 337 391 390
f 390 336 337
f 256 320 316
f 316 250 256
f 260 322 320
f 320 256 260
f 266 324 322
f 322 260 266
f 276 326 324
f 324 266 276
f 282 327 326
f 326 276 282
f 287 330 327
f 327 282 287
f 289 332 330
f 330 287 289
f 291 334 332
f 332 289 291
f 299 336 334
f 334 291 299
f 303 337 336
f 336 299 303
f 187 256 250
f 250 181 187
f 197 260 256
f 256 187 197
f 209 266 260
f 260 197 209
f 219 276 266
f 266 209 219
f 231 282 276
f 276 219 231
f 239 287 282
f 282 231 239
f 252 289 287
f 287 239 252
f 262 291 289
f 289 252 262
f 270 299 291
f 291 262 270
f 272 303 299
f 299 270 272
f 103 187 181
f 181 97 103
f 113 197 187
f 187 103 113
f 135 209 197
f 197 113 135
f 161 219 209
f 209 135 161
f 178 231 219
f 219 161 178
f 201 239 231
f 231 178 201
f 213 252 239
f 239 201 213
f 223 262 252
f 252 213 223
f 229 270 262
f 262 223 229
f 235 272 270
f 270 229 235
f 54 103 97
f 97 50 54
f 64 113 103
f 103 54 64
f 75 135 113
f 113 64 75
f 93 161 135
f 135 75 93
f 119 178 161
f 161 93 119
f 147 201 178
f 178 119 147
f 169 213 201
f 201 147 169
f 183 223 213
f 213 169 183
f 199 229 223
f 223 183 199
f 205 235 229
f 229 199 205
f 24 54 50
f 50 21 24
f 33 64 54
f 54 24 33
f 47 75 64
f 64 33 47
f 62 93 75
f 75 47 62
f 82 119 93
f 93 62 82
f 101 147 119
f 119 82 101
f 127 169 147
f 147 101 127
f 155 183 169
f 169 127 155
f 166 199 183
f 183 155 166
f 171 205 199
f 199 166 171
f 10 24 21
f 21 6 10
f 18 33 24
f 24 10 18
f 31 47 33
f 33 18 31
f 45 62 47
f 47 31 45
f 66 82 62
f 62 45 66
f 85 101 82
f 82 66 85
f 105 127 101
f 101 85 105
f 125 155 127
f 127 105 125
f 144 166 155
f 155 125 144
f 151 171 166
f 166 144 151
f 3 10 6
f 6 1 3
f 12 18 10
f 10 3 12
f 23 31 18
f 18 12 23
f 41 45 31
f 31 23 41
f 56 66 45
f 45 41 56
f 77 85 66
f 66 56 77
f 95 105 85
f 85 77 95
f 117 125 105
f 105 95 117
f 133 144 125
f 125 117 133
f 140 151 144
f 144 133 140
f 138 132 140
f 140 145 138
f 122 116 132
f 132 138 122
f 98 94 116
f 116 122 98
f 80 76 94
f 94 98 80
f 60 55 76
f 76 80 60
f 42 40 55
f 55 60 42
f 28 22 40
f 40 42 28
f 13 11 22
f 22 28 13
f 7 2 11
f 11 13 7
f 4 1 2
f 2 7 4
f 152 138 145
f 145 158 152
f 136 122 138
f 138 152 136
f 108 98 122
f 122 136 108
f 89 80 98
f 98 108 89
f 70 60 80
f 80 89 70
f 52 42 60
f 60 70 52
f 38 28 42
f 42 52 38
f 26 13 28
f 28 38 26
f 19 7 13
f 13 26 19
f 15 4 7
f 7 19 15
f 173 152 158
f 158 176 173
f 162 136 152
f 152 173 162
f 142 108 136
f 136 162 142
f 111 89 108
f 108 142 111
f 91 70 89
f 89 111 91
f 73 52 70
f 70 91 73
f 58 38 52
f 52 73 58
f 48 26 38
f 38 58 48
f 37 19 26
f 26 48 37
f 35 15 19
f 19 37 35
f 194 173 176
f 176 202 194
f 184 162 173
f 173 194 184
f 174 142 162
f 162 184 174
f 156 111 142
f 142 174 156
f 128 91 111
f 111 156 128
f 106 73 91
f 91 128 106
f 86 58 73
f 73 106 86
f 78 48 58
f 58 86 78
f 68 37 48
f 48 78 68
f 67 35 37
f 37 68 67
f 221 194 202
f 202 225 221
f 216 184 194
f 194 221 216
f 206 174 184
f 184 216 206
f 192 156 174
f 174 206 192
f 180 128 156
f 156 192 180
f 164 106 128
f 128 180 164
f 148 86 106
f 106 164 148
f 130 78 86
f 86 148 130
f 121 68 78
f 78 130 121
f 115 67 68
f 68 121 115
f 244 221 225
f 225 247 244
f 240 216 221
f 221 244 240
f 236 206 216
f 216 240 236
f 233 192 206
f 206 236 233
f 227 180 192
f 192 233 227
f 215 164 180
f 180 227 215
f 210 148 164
f 164 215 210
f 203 130 148
f 148 210 203
f 191 121 130
f 130 203 191
f 188 115 121
f 121 191 188
f 284 244 247
f 247 285 284
f 279 240 244
f 244 284 279
f 277 236 240
f 240 279 277
f 273 233 236
f 236 277 273
f 267 227 233
f 233 273 267
f 263 215 227
f 227 267 263
f 258 210 215
f 215 263 258
f 253 203 210
f 210 258 253
f 245 191 203
f 203 253 245
f 242 188 191
f 191 245 242
f 315 284 285
f 285 318 315
f 312 279 284
f 284 315 312
f 311 277 279
f 279 312 311
f 309 273 277
f 277 311 309
f 307 267 273
f 273 309 307
f 305 263 267
f 267 307 305
f 301 258 263
f 263 305 301
f 297 253 258
f 258 301 297
f 295 245 253
f 253 297 295
f 293 242 245
f 245 295 293
f 341 315 318
f 318 339 341
f 343 312 315
f 315 341 343
f 345 311 312
f 312 343 345
f 347 309 311
f 311 345 347
f 349 307 309
f 309 347 349
f 351 305 307
f 307 349 351
f 353 301 305
f 305 351 353
f 355 297 301
f 301 353 355
f 357 295 297
f 297 355 357
f 359 293 295
f 295 357 359
f 378 341 339
f 339 376 378
f 384 343 341
f 341 378 384
f 394 345 343
f 343 384 394
f 403 347 345
f 345 394 403
f 406 349 347
f 347 403 406
f 415 351 349
f 349 406 415
f 419 353 351
f 351 415 419
f 423 355 353
f 353 419 423
f 425 357 355
f 355 423 425
f 427 359 357
f 357 425 427
f 8 3 1
f 1 4 8
f 14 12 3
f 3 8 14
f 29 23 12
f 12 14 29
f 43 41 23
f 23 29 43
f 59 56 41
f 41 43 59
f 81 77 56
f 56 59 81
f 99 95 77
f 77 81 99
f 123 117 95
f 95 99 123
f 139 133 117
f 117 123 139
f 145 140 133
f 133 139 145
f 20 8 4
f 4 16 20
f 27 14 8
f 8 20 27
f 39 29 14
f 14 27 39
f 51 43 29
f 29 39 51
f 71 59 43
f 43 51 71
f 88 81 59
f 59 71 88
f 109 99 81
f 81 88 109
f 137 123 99
f 99 109 137
f 153 139 123
f 123 137 153
f 159 145 139
f 139 153 159
f 36 20 16
f 16 34 36
f 49 27 20
f 20 36 49
f 57 39 27
f 27 49 57
f 72 51 39
f 39 57 72
f 90 71 51
f 51 72 90
f 110 88 71
f 71 90 110
f 141 109 88
f 88 110 141
f 163 137 109
f 109 141 163
f 172 153 137
f 137 163 172
f 176 159 153
f 153 172 176
f 69 36 34
f 34 67 69
f 79 49 36
f 36 69 79
f 87 57 49
f 49 79 87
f 107 72 57
f 57 87 107
f 129 90 72
f 72 107 129
f 157 110 90
f 90 129 157
f 175 141 110
f 110 157 175
f 185 163 141
f 141 175 185
f 195 172 163
f 163 185 195
f 202 176 172
f 172 195 202
f 120 69 67
f 67 114 120
f 131 79 69
f 69 120 131
f 149 87 79
f 79 131 149
f 165 107 87
f 87 149 165
f 179 129 107
f 107 165 179
f 193 157 129
f 129 179 193
f 207 175 157
f 157 193 207
f 217 185 175
f 175 207 217
f 220 195 185
f 185 217 220
f 224 202 195
f 195 220 224
f 190 120 114
f 114 189 190
f 204 131 120
f 120 190 204
f 211 149 131
f 131 204 211
f 214 165 149
f 149 211 214
f 226 179 165
f 165 214 226
f 232 193 179
f 179 226 232
f 237 207 193
f 193 232 237
f 241 217 207
f 207 237 241
f 243 220 217
f 217 241 243
f 248 224 220
f 220 243 248
f 246 190 189
f 189 242 246
f 254 204 190
f 190 246 254
f 257 211 204
f 204 254 257
f 264 214 211
f 211 257 264
f 268 226 214
f 214 264 268
f 274 232 226
f 226 268 274
f 278 237 232
f 232 274 278
f 280 241 237
f 237 278 280
f 283 243 241
f 241 280 283
f 285 248 243
f 243 283 285
f 294 246 242
f 242 292 294
f 296 254 246
f 246 294 296
f 300 257 254
f 254 296 300
f 304 264 257
f 257 300 304
f 306 268 264
f 264 304 306
f 308 274 268
f 268 306 308
f 310 278 274
f 274 308 310
f 313 280 278
f 278 310 313
f 314 283 280
f 280 313 314
f 317 285 283
f 283 314 317
f 356 294 292
f 292 358 356
f 354 296 294
f 294 356 354
f 352 300 296
f 296 354 352
f 350 304 300
f 300 352 350
f 348 306 304
f 304 350 348
f 346 308 306
f 306 348 346
f 344 310 308
f 308 346 344
f 342 313 310
f 310 344 342
f 340 314 313
f 313 342 340
f 338 317 314
f 314 340 338
f 424 356 358
f 358 426 424
f 422 354 356
f 356 424 422
f 418 352 354
f 354 422 418
f 414 350 352
f 352 418 414
f 407 348 350
f 350 414 407
f 402 346 348
f 348 407 402
f 393 344 346
f 346 402 393
f 383 342 344
f 344 393 383
f 377 340 342
f 342 383 377
f 375 338 340
f 340 377 375
f 3186 3113 3115
f 3115 3182 3186
f 3192 3110 3113
f 3113 3186 3192
f 3196 3109 3110
f 3110 3192 3196
f 3205 3106 3109
f 3109 3196 3205
f 3211 3104 3106
f 3106 3205 3211
f 3215 3102 3104
f 3104 3211 3215
f 3217 3101 3102
f 3102 3215 3217
f 3220 3098 3101
f 3101 3217 3220
f 3222 3097 3098
f 3098 3220 3222
f 3223 3095 3097
f 3097 3222 3223
f 3227 3186 3182
f 3182 3225 3227
f 3229 3192 3186
f 3186 3227 3229
f 3231 3196 3192
f 3192 3229 3231
f 3233 3205 3196
f 3196 3231 3233
f 3235 3211 3205
f 3205 3233 3235
f 3241 3215 3211
f 3211 3235 3241
f 3245 3217 3215
f 3215 3241 3245
f 3249 3220 3217
f 3217 3245 3249
f 3251 3222 3220
f 3220 3249 3251
f 3253 3223 3222
f 3222 3251 3253
f 3239 3227 3225
f 3225 3237 3239
f 3243 3229 3227
f 3227 3239 3243
f 3247 3231 3229
f 3229 3243 3247
f 3257 3233 3231
f 3231 3247 3257
f 3263 3235 3233
f 3233 3257 3263
f 3271 3241 3235
f 3235 3263 3271
f 3279 3245 3241
f 3241 3271 3279
f 3285 3249 3245
f 3245 3279 3285
f 3293 3251 3249
f 3249 3285 3293
f 3297 3253 3251
f 3251 3293 3297
f 3259 3239 3237
f 3237 3255 3259
f 3261 3243 3239
f 3239 3259 3261
f 3265 3247 3243
f 3243 3261 3265
f 3275 3257 3247
f 3247 3265 3275
f 3287 3263 3257
f 3257 3275 3287
f 3303 3271 3263
f 3263 3287 3303
f 3314 3279 3271
f 3271 3303 3314
f 3320 3285 3279
f 3279 3314 3320
f 3330 3293 3285
f 3285 3320 3330
f 3332 3297 3293
f 3293 3330 3332
f 3270 3259 3255
f 3255 3268 3270
f 3273 3261 3259
f 3259 3270 3273
f 3283 3265 3261
f 3261 3273 3283
f 3299 3275 3265
f 3265 3283 3299
f 3308 3287 3275
f 3275 3299 3308
f 3322 3303 3287
f 3287 3308 3322
f 3338 3314 3303
f 3303 3322 3338
f 3346 3320 3314
f 3314 3338 3346
f 3351 3330 3320
f 3320 3346 3351
f 3355 3332 3330
f 3330 3351 3355
f 3282 3270 3268
f 3268 3278 3282
f 3290 3273 3270
f 3270 3282 3290
f 3302 3283 3273
f 3273 3290 3302
f 3312 3299 3283
f 3283 3302 3312
f 3324 3308 3299
f 3299 3312 3324
f 3340 3322 3308
f 3308 3324 3340
f 3353 3338 3322
f 3322 3340 3353
f 3368 3346 3338
f 3338 3353 3368
f 3373 3351 3346
f 3346 3368 3373
f 3379 3355 3351
f 3351 3373 3379
f 3295 3282 3278
f 3278 3292 3295
f 3306 3290 3282
f 3282 3295 3306
f 3316 3302 3290
f 3290 3306 3316
f 3326 3312 3302
f 3302 3316 3326
f 3345 3324 3312
f 3312 3326 3345
f 3359 3340 3324
f 3324 3345 3359
f 3376 3353 3340
f 3340 3359 3376
f 3394 3368 3353
f 3353 3376 3394
f 3404 3373 3368
f 3368 3394 3404
f 3406 3379 3373
f 3373 3404 3406
f 3310 3295 3292
f 3292 3307 3310
f 3318 3306 3295
f 3295 3310 3318
f 3336 3316 3306
f 3306 3318 3336
f 3348 3326 3316
f 3316 3336 3348
f 3369 3345 3326
f 3326 3348 3369
f 3389 3359 3345
f 3345 3369 3389
f 3425 3376 3359
f 3359 3389 3425
f 3449 3394 3376
f 3376 3425 3449
f 3468 3404 3394
f 3394 3449 3468
f 3472 3406 3404
f 3404 3468 3472
f 3335 3310 3307
f 3307 3329 3335
f 3343 3318 3310
f 3310 3335 3343
f 3362 3336 3318
f 3318 3343 3362
f 3386 3348 3336
f 3336 3362 3386
f 3422 3369 3348
f 3348 3386 3422
f 3464 3389 3369
f 3369 3422 3464
f 3490 3425 3389
f 3389 3464 3490
f 3505 3449 3425
f 3425 3490 3505
f 3521 3468 3449
f 3449 3505 3521
f 3523 3472 3468
f 3468 3521 3523
f 3364 3335 3329
f 3329 3357 3364
f 3382 3343 3335
f 3335 3364 3382
f 3416 3362 3343
f 3343 3382 3416
f 3465 3386 3362
f 3362 3416 3465
f 3495 3422 3386
f 3386 3465 3495
f 3528 3464 3422
f 3422 3495 3528
f 3553 3490 3464
f 3464 3528 3553
f 3579 3505 3490
f 3490 3553 3579
f 3592 3521 3505
f 3505 3579 3592
f 3604 3523 3521
f 3521 3592 3604
f 3221 3096 3094
f 3094 3224 3221
f 3219 3099 3096
f 3096 3221 3219
f 3218 3100 3099
f 3099 3219 3218
f 3216 3103 3100
f 3100 3218 3216
f 3212 3105 3103
f 3103 3216 3212
f 3206 3107 3105
f 3105 3212 3206
f 3197 3108 3107
f 3107 3206 3197
f 3193 3111 3108
f 3108 3197 3193
f 3187 3112 3111
f 3111 3193 3187
f 3183 3114 3112
f 3112 3187 3183
f 3252 3221 3224
f 3224 3254 3252
f 3250 3219 3221
f 3221 3252 3250
f 3246 3218 3219
f 3219 3250 3246
f 3242 3216 3218
f 3218 3246 3242
f 3236 3212 3216
f 3216 3242 3236
f 3234 3206 3212
f 3212 3236 3234
f 3232 3197 3206
f 3206 3234 3232
f 3230 3193 3197
f 3197 3232 3230
f 3228 3187 3193
f 3193 3230 3228
f 3226 3183 3187
f 3187 3228 3226
f 3294 3252 3254
f 3254 3298 3294
f 3286 3250 3252
f 3252 3294 3286
f 3280 3246 3250
f 3250 3286 3280
f 3272 3242 3246
f 3246 3280 3272
f 3264 3236 3242
f 3242 3272 3264
f 3258 3234 3236
f 3236 3264 3258
f 3248 3232 3234
f 3234 3258 3248
f 3244 3230 3232
f 3232 3248 3244
f 3240 3228 3230
f 3230 3244 3240
f 3238 3226 3228
f 3228 3240 3238
f 3331 3294 3298
f 3298 3333 3331
f 3321 3286 3294
f 3294 3331 3321
f 3315 3280 3286
f 3286 3321 3315
f 3304 3272 3280
f 3280 3315 3304
f 3288 3264 3272
f 3272 3304 3288
f 3276 3258 3264
f 3264 3288 3276
f 3266 3248 3258
f 3258 3276 3266
f 3262 3244 3248
f 3248 3266 3262
f 3260 3240 3244
f 3244 3262 3260
f 3256 3238 3240
f 3240 3260 3256
f 3350 3331 3333
f 3333 3354 3350
f 3347 3321 3331
f 3331 3350 3347
f 3339 3315 3321
f 3321 3347 3339
f 3323 3304 3315
f 3315 3339 3323
f 3309 3288 3304
f 3304 3323 3309
f 3300 3276 3288
f 3288 3309 3300
f 3284 3266 3276
f 3276 3300 3284
f 3274 3262 3266
f 3266 3284 3274
f 3269 3260 3262
f 3262 3274 3269
f 3267 3256 3260
f 3260 3269 3267
f 3372 3350 3354
f 3354 3378 3372
f 3367 3347 3350
f 3350 3372 3367
f 3352 3339 3347
f 3347 3367 3352
f 3341 3323 3339
f 3339 3352 3341
f 3325 3309 3323
f 3323 3341 3325
f 3313 3300 3309
f 3309 3325 3313
f 3301 3284 3300
f 3300 3313 3301
f 3289 3274 3284
f 3284 3301 3289
f 3281 3269 3274
f 3274 3289 3281
f 3277 3267 3269
f 3269 3281 3277
f 3403 3372 3378
f 3378 3405 3403
f 3393 3367 3372
f 3372 3403 3393
f 3377 3352 3367
f 3367 3393 3377
f 3360 3341 3352
f 3352 3377 3360
f 3344 3325 3341
f 3341 3360 3344
f 3327 3313 3325
f 3325 3344 3327
f 3317 3301 3313
f 3313 3327 3317
f 3305 3289 3301
f 3301 3317 3305
f 3296 3281 3289
f 3289 3305 3296
f 3291 3277 3281
f 3281 3296 3291
f 3469 3403 3405
f 3405 3472 3469
f 3450 3393 3403
f 3403 3469 3450
f 3426 3377 3393
f 3393 3450 3426
f 3390 3360 3377
f 3377 3426 3390
f 3370 3344 3360
f 3360 3390 3370
f 3349 3327 3344
f 3344 3370 3349
f 3337 3317 3327
f 3327 3349 3337
f 3319 3305 3317
f 3317 3337 3319
f 3311 3296 3305
f 3305 3319 3311
f 3307 3291 3296
f 3296 3311 3307
f 3520 3469 3472
f 3472 3522 3520
f 3504 3450 3469
f 3469 3520 3504
f 3489 3426 3450
f 3450 3504 3489
f 3463 3390 3426
f 3426 3489 3463
f 3421 3370 3390
f 3390 3463 3421
f 3385 3349 3370
f 3370 3421 3385
f 3361 3337 3349
f 3349 3385 3361
f 3342 3319 3337
f 3337 3361 3342
f 3334 3311 3319
f 3319 3342 3334
f 3328 3307 3311
f 3311 3334 3328
f 3591 3520 3522
f 3522 3603 3591
f 3578 3504 3520
f 3520 3591 3578
f 3552 3489 3504
f 3504 3578 3552
f 3530 3463 3489
f 3489 3552 3530
f 3499 3421 3463
f 3463 3530 3499
f 3467 3385 3421
f 3421 3499 3467
f 3415 3361 3385
f 3385 3467 3415
f 3381 3342 3361
f 3361 3415 3381
f 3363 3334 3342
f 3342 3381 3363
f 3356 3328 3334
f 3334 3363 3356
f 3374 3365 3358
f 3358 3371 3374
f 3395 3383 3365
f 3365 3374 3395
f 3443 3417 3383
f 3383 3395 3443
f 3481 3466 3417
f 3417 3443 3481
f 3514 3496 3466
f 3466 3481 3514
f 3545 3529 3496
f 3496 3514 3545
f 3573 3551 3529
f 3529 3545 3573
f 3597 3577 3551
f 3551 3573 3597
f 3613 3590 3577
f 3577 3597 3613
f 3619 3603 3590
f 3590 3613 3619
f 3387 3374 3371
f 3371 3380 3387
f 3413 3395 3374
f 3374 3387 3413
f 3461 3443 3395
f 3395 3413 3461
f 3493 3481 3443
f 3443 3461 3493
f 3524 3514 3481
f 3481 3493 3524
f 3556 3545 3514
f 3514 3524 3556
f 3584 3573 3545
f 3545 3556 3584
f 3611 3597 3573
f 3573 3584 3611
f 3628 3613 3597
f 3597 3611 3628
f 3632 3619 3613
f 3613 3628 3632
f 3398 3387 3380
f 3380 3391 3398
f 3435 3413 3387
f 3387 3398 3435
f 3473 3461 3413
f 3413 3435 3473
f 3500 3493 3461
f 3461 3473 3500
f 3531 3524 3493
f 3493 3500 3531
f 3562 3556 3524
f 3524 3531 3562
f 3595 3584 3556
f 3556 3562 3595
f 3617 3611 3584
f 3584 3595 3617
f 3633 3628 3611
f 3611 3617 3633
f 3641 3632 3628
f 3628 3633 3641
f 3409 3398 3391
f 3391 3400 3409
f 3447 3435 3398
f 3398 3409 3447
f 3477 3473 3435
f 3435 3447 3477
f 3506 3500 3473
f 3473 3477 3506
f 3540 3531 3500
f 3500 3506 3540
f 3567 3562 3531
f 3531 3540 3567
f 3601 3595 3562
f 3562 3567 3601
f 3624 3617 3595
f 3595 3601 3624
f 3639 3633 3617
f 3617 3624 3639
f 3644 3641 3633
f 3633 3639 3644
f 3433 3409 3400
f 3400 3411 3433
f 3453 3447 3409
f 3409 3433 3453
f 3483 3477 3447
f 3447 3453 3483
f 3510 3506 3477
f 3477 3483 3510
f 3543 3540 3506
f 3506 3510 3543
f 3569 3567 3540
f 3540 3543 3569
f 3599 3601 3567
f 3567 3569 3599
f 3622 3624 3601
f 3601 3599 3622
f 3637 3639 3624
f 3624 3622 3637
f 3642 3644 3639
f 3639 3637 3642
f 3439 3433 3411
f 3411 3424 3439
f 3458 3453 3433
f 3433 3439 3458
f 3487 3483 3453
f 3453 3458 3487
f 3513 3510 3483
f 3483 3487 3513
f 3542 3543 3510
f 3510 3513 3542
f 3566 3569 3543
f 3543 3542 3566
f 3593 3599 3569
f 3569 3566 3593
f 3616 3622 3599
f 3599 3593 3616
f 3630 3637 3622
f 3622 3616 3630
f 3636 3642 3637
f 3637 3630 3636
f 3441 3439 3424
f 3424 3429 3441
f 3459 3458 3439
f 3439 3441 3459
f 3485 3487 3458
f 3458 3459 3485
f 3508 3513 3487
f 3487 3485 3508
f 3533 3542 3513
f 3513 3508 3533
f 3558 3566 3542
f 3542 3533 3558
f 3582 3593 3566
f 3566 3558 3582
f 3607 3616 3593
f 3593 3582 3607
f 3620 3630 3616
f 3616 3607 3620
f 3626 3636 3630
f 3630 3620 3626
f 3437 3441 3429
f 3429 3427 3437
f 3455 3459 3441
f 3441 3437 3455
f 3479 3485 3459
f 3459 3455 3479
f 3502 3508 3485
f 3485 3479 3502
f 3526 3533 3508
f 3508 3502 3526
f 3547 3558 3533
f 3533 3526 3547
f 3571 3582 3558
f 3558 3547 3571
f 3588 3607 3582
f 3582 3571 3588
f 3605 3620 3607
f 3607 3588 3605
f 3609 3626 3620
f 3620 3605 3609
f 3419 3437 3427
f 3427 3408 3419
f 3445 3455 3437
f 3437 3419 3445
f 3470 3479 3455
f 3455 3445 3470
f 3492 3502 3479
f 3479 3470 3492
f 3517 3526 3502
f 3502 3492 3517
f 3536 3547 3526
f 3526 3517 3536
f 3554 3571 3547
f 3547 3536 3554
f 3575 3588 3571
f 3571 3554 3575
f 3580 3605 3588
f 3588 3575 3580
f 3587 3609 3605
f 3605 3580 3587
f 3401 3419 3408
f 3408 3397 3401
f 3431 3445 3419
f 3419 3401 3431
f 3451 3470 3445
f 3445 3431 3451
f 3475 3492 3470
f 3470 3451 3475
f 3497 3517 3492
f 3492 3475 3497
f 3518 3536 3517
f 3517 3497 3518
f 3537 3554 3536
f 3536 3518 3537
f 3549 3575 3554
f 3554 3537 3549
f 3560 3580 3575
f 3575 3549 3560
f 3564 3587 3580
f 3580 3560 3564
f 3614 3591 3603
f 3603 3619 3614
f 3598 3578 3591
f 3591 3614 3598
f 3574 3552 3578
f 3578 3598 3574
f 3546 3530 3552
f 3552 3574 3546
f 3515 3499 3530
f 3530 3546 3515
f 3482 3467 3499
f 3499 3515 3482
f 3444 3418 3467
f 3467 3482 3444
f 3396 3384 3418
f 3418 3444 3396
f 3375 3366 3384
f 3384 3396 3375
f 3371 3358 3366
f 3366 3375 3371
f 3629 3614 3619
f 3619 3632 3629
f 3612 3598 3614
f 3614 3629 3612
f 3585 3574 3598
f 3598 3612 3585
f 3557 3546 3574
f 3574 3585 3557
f 3525 3515 3546
f 3546 3557 3525
f 3494 3482 3515
f 3515 3525 3494
f 3462 3444 3482
f 3482 3494 3462
f 3414 3396 3444
f 3444 3462 3414
f 3388 3375 3396
f 3396 3414 3388
f 3380 3371 3375
f 3375 3388 3380
f 3634 3629 3632
f 3632 3641 3634
f 3618 3612 3629
f 3629 3634 3618
f 3596 3585 3612
f 3612 3618 3596
f 3563 3557 3585
f 3585 3596 3563
f 3532 3525 3557
f 3557 3563 3532
f 3501 3494 3525
f 3525 3532 3501
f 3474 3462 3494
f 3494 3501 3474
f 3436 3414 3462
f 3462 3474 3436
f 3399 3388 3414
f 3414 3436 3399
f 3392 3380 3388
f 3388 3399 3392
f 3640 3634 3641
f 3641 3644 3640
f 3625 3618 3634
f 3634 3640 3625
f 3602 3596 3618
f 3618 3625 3602
f 3568 3563 3596
f 3596 3602 3568
f 3539 3532 3563
f 3563 3568 3539
f 3507 3501 3532
f 3532 3539 3507
f 3478 3474 3501
f 3501 3507 3478
f 3448 3436 3474
f 3474 3478 3448
f 3410 3399 3436
f 3436 3448 3410
f 3400 3392 3399
f 3399 3410 3400
f 3638 3640 3644
f 3644 3643 3638
f 3623 3625 3640
f 3640 3638 3623
f 3600 3602 3625
f 3625 3623 3600
f 3570 3568 3602
f 3602 3600 3570
f 3544 3539 3568
f 3568 3570 3544
f 3511 3507 3539
f 3539 3544 3511
f 3484 3478 3507
f 3507 3511 3484
f 3454 3448 3478
f 3478 3484 3454
f 3434 3410 3448
f 3448 3454 3434
f 3412 3400 3410
f 3410 3434 3412
f 3631 3638 3643
f 3643 3635 3631
f 3615 3623 3638
f 3638 3631 3615
f 3594 3600 3623
f 3623 3615 3594
f 3565 3570 3600
f 3600 3594 3565
f 3541 3544 3570
f 3570 3565 3541
f 3512 3511 3544
f 3544 3541 3512
f 3488 3484 3511
f 3511 3512 3488
f 3457 3454 3484
f 3484 3488 3457
f 3440 3434 3454
f 3454 3457 3440
f 3423 3412 3434
f 3434 3440 3423
f 3621 3631 3635
f 3635 3627 3621
f 3608 3615 3631
f 3631 3621 3608
f 3583 3594 3615
f 3615 3608 3583
f 3559 3565 3594
f 3594 3583 3559
f 3534 3541 3565
f 3565 3559 3534
f 3509 3512 3541
f 3541 3534 3509
f 3486 3488 3512
f 3512 3509 3486
f 3460 3457 3488
f 3488 3486 3460
f 3442 3440 3457
f 3457 3460 3442
f 3430 3423 3440
f 3440 3442 3430
f 3606 3621 3627
f 3627 3610 3606
f 3589 3608 3621
f 3621 3606 3589
f 3572 3583 3608
f 3608 3589 3572
f 3548 3559 3583
f 3583 3572 3548
f 3527 3534 3559
f 3559 3548 3527
f 3503 3509 3534
f 3534 3527 3503
f 3480 3486 3509
f 3509 3503 3480
f 3456 3460 3486
f 3486 3480 3456
f 3438 3442 3460
f 3460 3456 3438
f 3428 3430 3442
f 3442 3438 3428
f 3581 3606 3610
f 3610 3586 3581
f 3576 3589 3606
f 3606 3581 3576
f 3555 3572 3589
f 3589 3576 3555
f 3535 3548 3572
f 3572 3555 3535
f 3516 3527 3548
f 3548 3535 3516
f 3491 3503 3527
f 3527 3516 3491
f 3471 3480 3503
f 3503 3491 3471
f 3446 3456 3480
f 3480 3471 3446
f 3420 3438 3456
f 3456 3446 3420
f 3407 3428 3438
f 3438 3420 3407
f 3561 3581 3586
f 3586 3564 3561
f 3550 3576 3581
f 3581 3561 3550
f 3538 3555 3576
f 3576 3550 3538
f 3519 3535 3555
f 3555 3538 3519
f 3498 3516 3535
f 3535 3519 3498
f 3476 3491 3516
f 3516 3498 3476
f 3452 3471 3491
f 3491 3476 3452
f 3432 3446 3471
f 3471 3452 3432
f 3402 3420 3446
f 3446 3432 3402
f 3397 3407 3420
f 3420 3402 3397
f 1888 2110 2104
f 1888 2104 2096
f 1888 2096 2076
f 1888 2076 2048
f 1888 2048 2030
f 1888 2030 2006
f 1888 2006 1982
f 1888 1982 1960
f 1888 1960 1936
f 1888 1936 1732
f 2257 2104 2110
f 2110 2261 2257
f 2249 2096 2104
f 2104 2257 2249
f 2226 2076 2096
f 2096 2249 2226
f 2200 2048 2076
f 2076 2226 2200
f 2142 2030 2048
f 2048 2200 2142
f 2094 2006 2030
f 2030 2142 2094
f 2036 1982 2006
f 2006 2094 2036
f 1988 1960 1982
f 1982 2036 1988
f 1948 1936 1960
f 1960 1988 1948
f 1728 1732 1936
f 1936 1948 1728
f 2310 2257 2261
f 2261 2315 2310
f 2300 2249 2257
f 2257 2310 2300
f 2279 2226 2249
f 2249 2300 2279
f 2243 2200 2226
f 2226 2279 2243
f 2204 2142 2200
f 2200 2243 2204
f 2132 2094 2142
f 2142 2204 2132
f 2067 2036 2094
f 2094 2132 2067
f 2000 1988 2036
f 2036 2067 2000
f 1956 1948 1988
f 1988 2000 1956
f 1734 1728 1948
f 1948 1956 1734
f 2312 2310 2315
f 2315 2316 2312
f 2302 2300 2310
f 2310 2312 2302
f 2281 2279 2300
f 2300 2302 2281
f 2245 2243 2279
f 2279 2281 2245
f 2206 2204 2243
f 2243 2245 2206
f 2134 2132 2204
f 2204 2206 2134
f 2068 2067 2132
f 2132 2134 2068
f 2002 2000 2067
f 2067 2068 2002
f 1958 1956 2000
f 2000 2002 1958
f 1878 1734 1956
f 1956 1958 1878
f 2285 2312 2316
f 2316 2289 2285
f 2259 2302 2312
f 2312 2285 2259
f 2241 2281 2302
f 2302 2259 2241
f 2214 2245 2281
f 2281 2241 2214
f 2168 2206 2245
f 2245 2214 2168
f 2106 2134 2206
f 2206 2168 2106
f 2042 2068 2134
f 2134 2106 2042
f 1994 2002 2068
f 2068 2042 1994
f 1952 1958 2002
f 2002 1994 1952
f 1731 1878 1958
f 1958 1952 1731
f 2220 2285 2289
f 2289 2225 2220
f 2210 2259 2285
f 2285 2220 2210
f 2186 2241 2259
f 2259 2210 2186
f 2146 2214 2241
f 2241 2186 2146
f 2108 2168 2214
f 2214 2146 2108
f 2060 2106 2168
f 2168 2108 2060
f 2018 2042 2106
f 2106 2060 2018
f 1978 1994 2042
f 2042 2018 1978
f 1944 1952 1994
f 1994 1978 1944
f 1727 1731 1952
f 1952 1944 1727
f 2141 2220 2225
f 2225 2145 2141
f 2127 2210 2220
f 2220 2141 2127
f 2112 2186 2210
f 2210 2127 2112
f 2084 2146 2186
f 2186 2112 2084
f 2044 2108 2146
f 2146 2084 2044
f 2024 2060 2108
f 2108 2044 2024
f 1992 2018 2060
f 2060 2024 1992
f 1970 1978 2018
f 2018 1992 1970
f 1942 1944 1978
f 1978 1970 1942
f 1721 1727 1944
f 1944 1942 1721
f 2079 2141 2145
f 2145 2087 2079
f 2075 2127 2141
f 2141 2079 2075
f 2055 2112 2127
f 2127 2075 2055
f 2039 2084 2112
f 2112 2055 2039
f 2021 2044 2084
f 2084 2039 2021
f 1996 2024 2044
f 2044 2021 1996
f 1974 1992 2024
f 2024 1996 1974
f 1954 1970 1992
f 1992 1974 1954
f 1934 1942 1970
f 1970 1954 1934
f 1720 1721 1942
f 1942 1934 1720
f 2063 2079 2087
f 2087 2071 2063
f 2051 2075 2079
f 2079 2063 2051
f 2041 2055 2075
f 2075 2051 2041
f 2029 2039 2055
f 2055 2041 2029
f 2013 2021 2039
f 2039 2029 2013
f 1991 1996 2021
f 2021 2013 1991
f 1972 1974 1996
f 1996 1991 1972
f 1950 1954 1974
f 1974 1972 1950
f 1932 1934 1954
f 1954 1950 1932
f 1701 1720 1934
f 1934 1932 1701
f 2115 2063 2071
f 2071 2123 2115
f 2101 2051 2063
f 2063 2115 2101
f 2081 2041 2051
f 2051 2101 2081
f 2057 2029 2041
f 2041 2081 2057
f 2033 2013 2029
f 2029 2057 2033
f 2009 1991 2013
f 2013 2033 2009
f 1984 1972 1991
f 1991 2009 1984
f 1964 1950 1972
f 1972 1984 1964
f 1938 1932 1950
f 1950 1964 1938
f 1698 1701 1932
f 1932 1938 1698
f 1888 1886 1686
f 1888 1686 1662
f 1888 1662 1640
f 1888 1640 1616
f 1888 1616 1592
f 1888 1592 1574
f 1888 1574 1546
f 1888 1546 1526
f 1888 1526 1518
f 1888 1518 1512
f 1674 1686 1886
f 1886 1884 1674
f 1634 1662 1686
f 1686 1674 1634
f 1586 1640 1662
f 1662 1634 1586
f 1528 1616 1640
f 1640 1586 1528
f 1480 1592 1616
f 1616 1528 1480
f 1422 1574 1592
f 1592 1480 1422
f 1396 1546 1574
f 1574 1422 1396
f 1373 1526 1546
f 1546 1396 1373
f 1365 1518 1526
f 1526 1373 1365
f 1361 1512 1518
f 1518 1365 1361
f 1666 1674 1884
f 1884 1882 1666
f 1622 1634 1674
f 1674 1666 1622
f 1557 1586 1634
f 1634 1622 1557
f 1490 1528 1586
f 1586 1557 1490
f 1418 1480 1528
f 1528 1490 1418
f 1379 1422 1480
f 1480 1418 1379
f 1343 1396 1422
f 1422 1379 1343
f 1322 1373 1396
f 1396 1343 1322
f 1312 1365 1373
f 1373 1322 1312
f 1309 1361 1365
f 1365 1312 1309
f 1664 1666 1882
f 1882 1879 1664
f 1620 1622 1666
f 1666 1664 1620
f 1554 1557 1622
f 1622 1620 1554
f 1488 1490 1557
f 1557 1554 1488
f 1416 1418 1490
f 1490 1488 1416
f 1377 1379 1418
f 1418 1416 1377
f 1341 1343 1379
f 1379 1377 1341
f 1320 1322 1343
f 1343 1341 1320
f 1310 1312 1322
f 1322 1320 1310
f 1306 1309 1312
f 1312 1310 1306
f 1670 1664 1879
f 1879 1876 1670
f 1628 1620 1664
f 1664 1670 1628
f 1580 1554 1620
f 1620 1628 1580
f 1516 1488 1554
f 1554 1580 1516
f 1454 1416 1488
f 1488 1516 1454
f 1408 1377 1416
f 1416 1454 1408
f 1381 1341 1377
f 1377 1408 1381
f 1363 1320 1341
f 1341 1381 1363
f 1337 1310 1320
f 1320 1363 1337
f 1333 1306 1310
f 1310 1337 1333
f 1678 1670 1876
f 1876 1874 1678
f 1644 1628 1670
f 1670 1678 1644
f 1604 1580 1628
f 1628 1644 1604
f 1562 1516 1580
f 1580 1604 1562
f 1514 1454 1516
f 1516 1562 1514
f 1476 1408 1454
f 1454 1514 1476
f 1436 1381 1408
f 1408 1476 1436
f 1412 1363 1381
f 1381 1436 1412
f 1402 1337 1363
f 1363 1412 1402
f 1399 1333 1337
f 1337 1402 1399
f 1680 1678 1874
f 1874 1872 1680
f 1652 1644 1678
f 1678 1680 1652
f 1630 1604 1644
f 1644 1652 1630
f 1598 1562 1604
f 1604 1630 1598
f 1578 1514 1562
f 1562 1598 1578
f 1538 1476 1514
f 1514 1578 1538
f 1510 1436 1476
f 1476 1538 1510
f 1497 1412 1436
f 1436 1510 1497
f 1483 1402 1412
f 1412 1497 1483
f 1479 1399 1402
f 1402 1483 1479
f 1688 1680 1872
f 1872 1870 1688
f 1668 1652 1680
f 1680 1688 1668
f 1648 1630 1652
f 1652 1668 1648
f 1626 1598 1630
f 1630 1648 1626
f 1603 1578 1598
f 1598 1626 1603
f 1585 1538 1578
f 1578 1603 1585
f 1569 1510 1538
f 1538 1585 1569
f 1549 1497 1510
f 1510 1569 1549
f 1545 1483 1497
f 1497 1549 1545
f 1537 1479 1483
f 1483 1545 1537
f 1690 1688 1870
f 1870 1868 1690
f 1672 1668 1688
f 1688 1690 1672
f 1650 1648 1668
f 1668 1672 1650
f 1633 1626 1648
f 1648 1650 1633
f 1611 1603 1626
f 1626 1633 1611
f 1595 1585 1603
f 1603 1611 1595
f 1583 1569 1585
f 1585 1595 1583
f 1573 1549 1569
f 1569 1583 1573
f 1561 1545 1549
f 1549 1573 1561
f 1553 1537 1545
f 1545 1561 1553
f 1684 1690 1868
f 1868 1865 1684
f 1658 1672 1690
f 1690 1684 1658
f 1638 1650 1672
f 1672 1658 1638
f 1615 1633 1650
f 1650 1638 1615
f 1591 1611 1633
f 1633 1615 1591
f 1567 1595 1611
f 1611 1591 1567
f 1543 1583 1595
f 1595 1567 1543
f 1523 1573 1583
f 1583 1543 1523
f 1509 1561 1573
f 1573 1523 1509
f 1501 1553 1561
f 1561 1509 1501
f 1888 1513 1519
f 1888 1519 1527
f 1888 1527 1547
f 1888 1547 1575
f 1888 1575 1593
f 1888 1593 1617
f 1888 1617 1641
f 1888 1641 1663
f 1888 1663 1687
f 1888 1687 1894
f 1366 1519 1513
f 1513 1362 1366
f 1374 1527 1519
f 1519 1366 1374
f 1397 1547 1527
f 1527 1374 1397
f 1423 1575 1547
f 1547 1397 1423
f 1481 1593 1575
f 1575 1423 1481
f 1529 1617 1593
f 1593 1481 1529
f 1587 1641 1617
f 1617 1529 1587
f 1635 1663 1641
f 1641 1587 1635
f 1675 1687 1663
f 1663 1635 1675
f 1895 1894 1687
f 1687 1675 1895
f 1313 1366 1362
f 1362 1308 1313
f 1323 1374 1366
f 1366 1313 1323
f 1344 1397 1374
f 1374 1323 1344
f 1380 1423 1397
f 1397 1344 1380
f 1419 1481 1423
f 1423 1380 1419
f 1491 1529 1481
f 1481 1419 1491
f 1556 1587 1529
f 1529 1491 1556
f 1623 1635 1587
f 1587 1556 1623
f 1667 1675 1635
f 1635 1623 1667
f 1890 1895 1675
f 1675 1667 1890
f 1311 1313 1308
f 1308 1307 1311
f 1321 1323 1313
f 1313 1311 1321
f 1342 1344 1323
f 1323 1321 1342
f 1378 1380 1344
f 1344 1342 1378
f 1417 1419 1380
f 1380 1378 1417
f 1489 1491 1419
f 1419 1417 1489
f 1555 1556 1491
f 1491 1489 1555
f 1621 1623 1556
f 1556 1555 1621
f 1665 1667 1623
f 1623 1621 1665
f 1881 1890 1667
f 1667 1665 1881
f 1338 1311 1307
f 1307 1334 1338
f 1364 1321 1311
f 1311 1338 1364
f 1382 1342 1321
f 1321 1364 1382
f 1409 1378 1342
f 1342 1382 1409
f 1455 1417 1378
f 1378 1409 1455
f 1517 1489 1417
f 1417 1455 1517
f 1581 1555 1489
f 1489 1517 1581
f 1629 1621 1555
f 1555 1581 1629
f 1671 1665 1621
f 1621 1629 1671
f 1893 1881 1665
f 1665 1671 1893
f 1403 1338 1334
f 1334 1398 1403
f 1413 1364 1338
f 1338 1403 1413
f 1437 1382 1364
f 1364 1413 1437
f 1477 1409 1382
f 1382 1437 1477
f 1515 1455 1409
f 1409 1477 1515
f 1563 1517 1455
f 1455 1515 1563
f 1605 1581 1517
f 1517 1563 1605
f 1645 1629 1581
f 1581 1605 1645
f 1679 1671 1629
f 1629 1645 1679
f 1900 1893 1671
f 1671 1679 1900
f 1482 1403 1398
f 1398 1478 1482
f 1496 1413 1403
f 1403 1482 1496
f 1511 1437 1413
f 1413 1496 1511
f 1539 1477 1437
f 1437 1511 1539
f 1579 1515 1477
f 1477 1539 1579
f 1599 1563 1515
f 1515 1579 1599
f 1631 1605 1563
f 1563 1599 1631
f 1653 1645 1605
f 1605 1631 1653
f 1681 1679 1645
f 1645 1653 1681
f 1902 1900 1679
f 1679 1681 1902
f 1544 1482 1478
f 1478 1536 1544
f 1548 1496 1482
f 1482 1544 1548
f 1568 1511 1496
f 1496 1548 1568
f 1584 1539 1511
f 1511 1568 1584
f 1602 1579 1539
f 1539 1584 1602
f 1627 1599 1579
f 1579 1602 1627
f 1649 1631 1599
f 1599 1627 1649
f 1669 1653 1631
f 1631 1649 1669
f 1689 1681 1653
f 1653 1669 1689
f 1921 1902 1681
f 1681 1689 1921
f 1560 1544 1536
f 1536 1552 1560
f 1572 1548 1544
f 1544 1560 1572
f 1582 1568 1548
f 1548 1572 1582
f 1594 1584 1568
f 1568 1582 1594
f 1610 1602 1584
f 1584 1594 1610
f 1632 1627 1602
f 1602 1610 1632
f 1651 1649 1627
f 1627 1632 1651
f 1673 1669 1649
f 1649 1651 1673
f 1691 1689 1669
f 1669 1673 1691
f 1922 1921 1689
f 1689 1691 1922
f 1508 1560 1552
f 1552 1500 1508
f 1522 1572 1560
f 1560 1508 1522
f 1542 1582 1572
f 1572 1522 1542
f 1566 1594 1582
f 1582 1542 1566
f 1590 1610 1594
f 1594 1566 1590
f 1614 1632 1610
f 1610 1590 1614
f 1639 1651 1632
f 1632 1614 1639
f 1659 1673 1651
f 1651 1639 1659
f 1685 1691 1673
f 1673 1659 1685
f 1928 1922 1691
f 1691 1685 1928
f 1888 1887 1937
f 1888 1937 1961
f 1888 1961 1983
f 1888 1983 2007
f 1888 2007 2031
f 1888 2031 2049
f 1888 2049 2077
f 1888 2077 2097
f 1888 2097 2105
f 1888 2105 2111
f 1949 1937 1887
f 1887 1885 1949
f 1989 1961 1937
f 1937 1949 1989
f 2037 1983 1961
f 1961 1989 2037
f 2095 2007 1983
f 1983 2037 2095
f 2143 2031 2007
f 2007 2095 2143
f 2201 2049 2031
f 2031 2143 2201
f 2227 2077 2049
f 2049 2201 2227
f 2250 2097 2077
f 2077 2227 2250
f 2258 2105 2097
f 2097 2250 2258
f 2262 2111 2105
f 2105 2258 2262
f 1957 1949 1885
f 1885 1883 1957
f 2001 1989 1949
f 1949 1957 2001
f 2066 2037 1989
f 1989 2001 2066
f 2133 2095 2037
f 2037 2066 2133
f 2205 2143 2095
f 2095 2133 2205
f 2244 2201 2143
f 2143 2205 2244
f 2280 2227 2201
f 2201 2244 2280
f 2301 2250 2227
f 2227 2280 2301
f 2311 2258 2250
f 2250 2301 2311
f 2314 2262 2258
f 2258 2311 2314
f 1959 1957 1883
f 1883 1880 1959
f 2003 2001 1957
f 1957 1959 2003
f 2069 2066 2001
f 2001 2003 2069
f 2135 2133 2066
f 2066 2069 2135
f 2207 2205 2133
f 2133 2135 2207
f 2246 2244 2205
f 2205 2207 2246
f 2282 2280 2244
f 2244 2246 2282
f 2303 2301 2280
f 2280 2282 2303
f 2313 2311 2301
f 2301 2303 2313
f 2317 2314 2311
f 2311 2313 2317
f 1953 1959 1880
f 1880 1877 1953
f 1995 2003 1959
f 1959 1953 1995
f 2043 2069 2003
f 2003 1995 2043
f 2107 2135 2069
f 2069 2043 2107
f 2169 2207 2135
f 2135 2107 2169
f 2215 2246 2207
f 2207 2169 2215
f 2242 2282 2246
f 2246 2215 2242
f 2260 2303 2282
f 2282 2242 2260
f 2286 2313 2303
f 2303 2260 2286
f 2290 2317 2313
f 2313 2286 2290
f 1945 1953 1877
f 1877 1875 1945
f 1979 1995 1953
f 1953 1945 1979
f 2019 2043 1995
f 1995 1979 2019
f 2061 2107 2043
f 2043 2019 2061
f 2109 2169 2107
f 2107 2061 2109
f 2147 2215 2169
f 2169 2109 2147
f 2187 2242 2215
f 2215 2147 2187
f 2211 2260 2242
f 2242 2187 2211
f 2221 2286 2260
f 2260 2211 2221
f 2224 2290 2286
f 2286 2221 2224
f 1943 1945 1875
f 1875 1873 1943
f 1971 1979 1945
f 1945 1943 1971
f 1993 2019 1979
f 1979 1971 1993
f 2025 2061 2019
f 2019 1993 2025
f 2045 2109 2061
f 2061 2025 2045
f 2085 2147 2109
f 2109 2045 2085
f 2113 2187 2147
f 2147 2085 2113
f 2126 2211 2187
f 2187 2113 2126
f 2140 2221 2211
f 2211 2126 2140
f 2144 2224 2221
f 2221 2140 2144
f 1935 1943 1873
f 1873 1871 1935
f 1955 1971 1943
f 1943 1935 1955
f 1975 1993 1971
f 1971 1955 1975
f 1997 2025 1993
f 1993 1975 1997
f 2020 2045 2025
f 2025 1997 2020
f 2038 2085 2045
f 2045 2020 2038
f 2054 2113 2085
f 2085 2038 2054
f 2074 2126 2113
f 2113 2054 2074
f 2078 2140 2126
f 2126 2074 2078
f 2086 2144 2140
f 2140 2078 2086
f 1933 1935 1871
f 1871 1869 1933
f 1951 1955 1935
f 1935 1933 1951
f 1973 1975 1955
f 1955 1951 1973
f 1990 1997 1975
f 1975 1973 1990
f 2012 2020 1997
f 1997 1990 2012
f 2028 2038 2020
f 2020 2012 2028
f 2040 2054 2038
f 2038 2028 2040
f 2050 2074 2054
f 2054 2040 2050
f 2062 2078 2074
f 2074 2050 2062
f 2070 2086 2078
f 2078 2062 2070
f 1939 1933 1869
f 1869 1866 1939
f 1965 1951 1933
f 1933 1939 1965
f 1985 1973 1951
f 1951 1965 1985
f 2008 1990 1973
f 1973 1985 2008
f 2032 2012 1990
f 1990 2008 2032
f 2056 2028 2012
f 2012 2032 2056
f 2080 2040 2028
f 2028 2056 2080
f 2100 2050 2040
f 2040 2080 2100
f 2114 2062 2050
f 2050 2100 2114
f 2122 2070 2062
f 2062 2114 2122
f 2232 2116 2124
f 2124 2236 2232
f 2218 2102 2116
f 2116 2232 2218
f 2199 2082 2102
f 2102 2218 2199
f 2150 2058 2082
f 2082 2199 2150
f 2120 2034 2058
f 2058 2150 2120
f 2064 2010 2034
f 2034 2120 2064
f 2023 1986 2010
f 2010 2064 2023
f 1980 1966 1986
f 1986 2023 1980
f 1946 1940 1966
f 1966 1980 1946
f 1862 1730 1940
f 1940 1946 1862
f 2332 2232 2236
f 2236 2336 2332
f 2322 2218 2232
f 2232 2332 2322
f 2306 2199 2218
f 2218 2322 2306
f 2275 2150 2199
f 2199 2306 2275
f 2234 2120 2150
f 2150 2275 2234
f 2170 2064 2120
f 2120 2234 2170
f 2093 2023 2064
f 2064 2170 2093
f 2016 1980 2023
f 2023 2093 2016
f 1968 1946 1980
f 1980 2016 1968
f 1858 1862 1946
f 1946 1968 1858
f 2409 2332 2336
f 2336 2413 2409
f 2400 2322 2332
f 2332 2409 2400
f 2376 2306 2322
f 2322 2400 2376
f 2349 2275 2306
f 2306 2376 2349
f 2324 2234 2275
f 2275 2349 2324
f 2271 2170 2234
f 2234 2324 2271
f 2185 2093 2170
f 2170 2271 2185
f 2072 2016 2093
f 2093 2185 2072
f 1976 1968 2016
f 2016 2072 1976
f 1729 1858 1968
f 1968 1976 1729
f 2488 2409 2413
f 2413 2498 2488
f 2470 2400 2409
f 2409 2488 2470
f 2444 2376 2400
f 2400 2470 2444
f 2418 2349 2376
f 2376 2444 2418
f 2384 2324 2349
f 2349 2418 2384
f 2338 2271 2324
f 2324 2384 2338
f 2269 2185 2271
f 2271 2338 2269
f 2138 2072 2185
f 2185 2269 2138
f 1998 1976 2072
f 2072 2138 1998
f 1722 1729 1976
f 1976 1998 1722
f 2559 2488 2498
f 2498 2569 2559
f 2549 2470 2488
f 2488 2559 2549
f 2531 2444 2470
f 2470 2549 2531
f 2492 2418 2444
f 2444 2531 2492
f 2436 2384 2418
f 2418 2492 2436
f 2394 2338 2384
f 2384 2436 2394
f 2326 2269 2338
f 2338 2394 2326
f 2212 2138 2269
f 2269 2326 2212
f 2026 1998 2138
f 2138 2212 2026
f 1850 1722 1998
f 1998 2026 1850
f 2653 2559 2569
f 2569 2655 2653
f 2631 2549 2559
f 2559 2653 2631
f 2593 2531 2549
f 2549 2631 2593
f 2551 2492 2531
f 2531 2593 2551
f 2510 2436 2492
f 2492 2551 2510
f 2432 2394 2436
f 2436 2510 2432
f 2366 2326 2394
f 2394 2432 2366
f 2263 2212 2326
f 2326 2366 2263
f 2052 2026 2212
f 2212 2263 2052
f 1726 1850 2026
f 2026 2052 1726
f 2720 2653 2655
f 2655 2726 2720
f 2697 2631 2653
f 2653 2720 2697
f 2662 2593 2631
f 2631 2697 2662
f 2607 2551 2593
f 2593 2662 2607
f 2547 2510 2551
f 2551 2607 2547
f 2484 2432 2510
f 2510 2547 2484
f 2405 2366 2432
f 2432 2484 2405
f 2308 2263 2366
f 2366 2405 2308
f 2090 2052 2263
f 2263 2308 2090
f 1719 1726 2052
f 2052 2090 1719
f 2787 2720 2726
f 2726 2795 2787
f 2759 2697 2720
f 2720 2787 2759
f 2713 2662 2697
f 2697 2759 2713
f 2657 2607 2662
f 2662 2713 2657
f 2589 2547 2607
f 2607 2657 2589
f 2525 2484 2547
f 2547 2589 2525
f 2422 2405 2484
f 2484 2525 2422
f 2330 2308 2405
f 2405 2422 2330
f 2118 2090 2308
f 2308 2330 2118
f 1700 1719 2090
f 2090 2118 1700
f 2834 2787 2795
f 2795 2844 2834
f 2798 2759 2787
f 2787 2834 2798
f 2750 2713 2759
f 2759 2798 2750
f 2690 2657 2713
f 2713 2750 2690
f 2624 2589 2657
f 2657 2690 2624
f 2536 2525 2589
f 2589 2624 2536
f 2441 2422 2525
f 2525 2536 2441
f 2340 2330 2422
f 2422 2441 2340
f 2128 2118 2330
f 2330 2340 2128
f 1825 1700 2118
f 2118 2128 1825
f 2847 2834 2844
f 2844 2857 2847
f 2821 2798 2834
f 2834 2847 2821
f 2765 2750 2798
f 2798 2821 2765
f 2703 2690 2750
f 2750 2765 2703
f 2637 2624 2690
f 2690 2703 2637
f 2543 2536 2624
f 2624 2637 2543
f 2446 2441 2536
f 2536 2543 2446
f 2344 2340 2441
f 2441 2446 2344
f 2136 2128 2340
f 2340 2344 2136
f 1713 1825 2128
f 2128 2136 1713
f 1676 1682 1864
f 1864 1862 1676
f 1642 1656 1682
f 1682 1676 1642
f 1601 1636 1656
f 1656 1642 1601
f 1558 1612 1636
f 1636 1601 1558
f 1502 1588 1612
f 1612 1558 1502
f 1472 1564 1588
f 1588 1502 1472
f 1425 1540 1564
f 1564 1472 1425
f 1404 1520 1540
f 1540 1425 1404
f 1390 1506 1520
f 1520 1404 1390
f 1387 1498 1506
f 1506 1390 1387
f 1654 1676 1862
f 1862 1859 1654
f 1606 1642 1676
f 1676 1654 1606
f 1531 1601 1642
f 1642 1606 1531
f 1452 1558 1601
f 1601 1531 1452
f 1388 1502 1558
f 1558 1452 1388
f 1347 1472 1502
f 1502 1388 1347
f 1316 1425 1472
f 1472 1347 1316
f 1300 1404 1425
f 1425 1316 1300
f 1290 1390 1404
f 1404 1300 1290
f 1286 1387 1390
f 1390 1290 1286
f 1646 1654 1859
f 1859 1856 1646
f 1550 1606 1654
f 1654 1646 1550
f 1439 1531 1606
f 1606 1550 1439
f 1351 1452 1531
f 1531 1439 1351
f 1298 1388 1452
f 1452 1351 1298
f 1275 1347 1388
f 1388 1298 1275
f 1246 1316 1347
f 1347 1275 1246
f 1222 1300 1316
f 1316 1246 1222
f 1215 1290 1300
f 1300 1222 1215
f 1211 1286 1290
f 1290 1215 1211
f 1624 1646 1856
f 1856 1854 1624
f 1484 1550 1646
f 1646 1624 1484
f 1353 1439 1550
f 1550 1484 1353
f 1284 1351 1439
f 1439 1353 1284
f 1238 1298 1351
f 1351 1284 1238
f 1204 1275 1298
f 1298 1238 1204
f 1178 1246 1275
f 1275 1204 1178
f 1152 1222 1246
f 1246 1178 1152
f 1134 1215 1222
f 1222 1152 1134
f 1124 1211 1215
f 1215 1134 1124
f 1596 1624 1854
f 1854 1851 1596
f 1410 1484 1624
f 1624 1596 1410
f 1296 1353 1484
f 1484 1410 1296
f 1228 1284 1353
f 1353 1296 1228
f 1186 1238 1284
f 1284 1228 1186
f 1130 1204 1238
f 1238 1186 1130
f 1091 1178 1204
f 1204 1130 1091
f 1073 1152 1178
f 1178 1091 1073
f 1063 1134 1152
f 1152 1073 1063
f 1053 1124 1134
f 1134 1063 1053
f 1570 1596 1851
f 1851 1848 1570
f 1359 1410 1596
f 1596 1570 1359
f 1256 1296 1410
f 1410 1359 1256
f 1190 1228 1296
f 1296 1256 1190
f 1112 1186 1228
f 1228 1190 1112
f 1071 1130 1186
f 1186 1112 1071
f 1029 1091 1130
f 1130 1071 1029
f 991 1073 1091
f 1091 1029 991
f 969 1063 1073
f 1073 991 969
f 967 1053 1063
f 1063 969 967
f 1532 1570 1848
f 1848 1846 1532
f 1314 1359 1570
f 1570 1532 1314
f 1219 1256 1359
f 1359 1314 1219
f 1138 1190 1256
f 1256 1219 1138
f 1075 1112 1190
f 1190 1138 1075
f 1015 1071 1112
f 1112 1075 1015
f 962 1029 1071
f 1071 1015 962
f 925 991 1029
f 1029 962 925
f 904 969 991
f 991 925 904
f 898 967 969
f 969 904 898
f 1504 1532 1846
f 1846 1832 1504
f 1292 1314 1532
f 1532 1504 1292
f 1200 1219 1314
f 1314 1292 1200
f 1097 1138 1219
f 1219 1200 1097
f 1033 1075 1138
f 1138 1097 1033
f 965 1015 1075
f 1075 1033 965
f 909 962 1015
f 1015 965 909
f 863 925 962
f 962 909 863
f 835 904 925
f 925 863 835
f 827 898 904
f 904 835 827
f 1494 1504 1832
f 1832 1824 1494
f 1282 1292 1504
f 1504 1494 1282
f 1183 1200 1292
f 1292 1282 1183
f 1088 1097 1200
f 1200 1183 1088
f 1000 1033 1097
f 1097 1088 1000
f 934 965 1033
f 1033 1000 934
f 874 909 965
f 965 934 874
f 826 863 909
f 909 874 826
f 790 835 863
f 863 826 790
f 780 827 835
f 835 790 780
f 1486 1494 1824
f 1824 1814 1486
f 1278 1282 1494
f 1494 1486 1278
f 1176 1183 1282
f 1282 1278 1176
f 1079 1088 1183
f 1183 1176 1079
f 985 1000 1088
f 1088 1079 985
f 919 934 1000
f 1000 985 919
f 857 874 934
f 934 919 857
f 801 826 874
f 874 857 801
f 775 790 826
f 826 801 775
f 765 780 790
f 790 775 765
f 1391 1507 1499
f 1499 1387 1391
f 1405 1521 1507
f 1507 1391 1405
f 1424 1541 1521
f 1521 1405 1424
f 1473 1565 1541
f 1541 1424 1473
f 1503 1589 1565
f 1565 1473 1503
f 1559 1613 1589
f 1589 1503 1559
f 1600 1637 1613
f 1613 1559 1600
f 1643 1657 1637
f 1637 1600 1643
f 1677 1683 1657
f 1657 1643 1677
f 1863 1892 1683
f 1683 1677 1863
f 1291 1391 1387
f 1387 1287 1291
f 1301 1405 1391
f 1391 1291 1301
f 1317 1424 1405
f 1405 1301 1317
f 1348 1473 1424
f 1424 1317 1348
f 1389 1503 1473
f 1473 1348 1389
f 1453 1559 1503
f 1503 1389 1453
f 1530 1600 1559
f 1559 1453 1530
f 1607 1643 1600
f 1600 1530 1607
f 1655 1677 1643
f 1643 1607 1655
f 1861 1863 1677
f 1677 1655 1861
f 1214 1291 1287
f 1287 1210 1214
f 1223 1301 1291
f 1291 1214 1223
f 1247 1317 1301
f 1301 1223 1247
f 1274 1348 1317
f 1317 1247 1274
f 1299 1389 1348
f 1348 1274 1299
f 1352 1453 1389
f 1389 1299 1352
f 1438 1530 1453
f 1453 1352 1438
f 1551 1607 1530
f 1530 1438 1551
f 1647 1655 1607
f 1607 1551 1647
f 1891 1861 1655
f 1655 1647 1891
f 1135 1214 1210
f 1210 1125 1135
f 1153 1223 1214
f 1214 1135 1153
f 1179 1247 1223
f 1223 1153 1179
f 1205 1274 1247
f 1247 1179 1205
f 1239 1299 1274
f 1274 1205 1239
f 1285 1352 1299
f 1299 1239 1285
f 1354 1438 1352
f 1352 1285 1354
f 1485 1551 1438
f 1438 1354 1485
f 1625 1647 1551
f 1551 1485 1625
f 1901 1891 1647
f 1647 1625 1901
f 1064 1135 1125
f 1125 1054 1064
f 1074 1153 1135
f 1135 1064 1074
f 1092 1179 1153
f 1153 1074 1092
f 1131 1205 1179
f 1179 1092 1131
f 1187 1239 1205
f 1205 1131 1187
f 1229 1285 1239
f 1239 1187 1229
f 1297 1354 1285
f 1285 1229 1297
f 1411 1485 1354
f 1354 1297 1411
f 1597 1625 1485
f 1485 1411 1597
f 1853 1901 1625
f 1625 1597 1853
f 970 1064 1054
f 1054 968 970
f 992 1074 1064
f 1064 970 992
f 1030 1092 1074
f 1074 992 1030
f 1072 1131 1092
f 1092 1030 1072
f 1113 1187 1131
f 1131 1072 1113
f 1191 1229 1187
f 1187 1113 1191
f 1257 1297 1229
f 1229 1191 1257
f 1360 1411 1297
f 1297 1257 1360
f 1571 1597 1411
f 1411 1360 1571
f 1899 1853 1597
f 1597 1571 1899
f 903 970 968
f 968 897 903
f 926 992 970
f 970 903 926
f 961 1030 992
f 992 926 961
f 1016 1072 1030
f 1030 961 1016
f 1076 1113 1072
f 1072 1016 1076
f 1139 1191 1113
f 1113 1076 1139
f 1218 1257 1191
f 1191 1139 1218
f 1315 1360 1257
f 1257 1218 1315
f 1533 1571 1360
f 1360 1315 1533
f 1920 1899 1571
f 1571 1533 1920
f 836 903 897
f 897 828 836
f 864 926 903
f 903 836 864
f 910 961 926
f 926 864 910
f 966 1016 961
f 961 910 966
f 1034 1076 1016
f 1016 966 1034
f 1098 1139 1076
f 1076 1034 1098
f 1201 1218 1139
f 1139 1098 1201
f 1293 1315 1218
f 1218 1201 1293
f 1505 1533 1315
f 1315 1293 1505
f 1924 1920 1533
f 1533 1505 1924
f 789 836 828
f 828 779 789
f 825 864 836
f 836 789 825
f 873 910 864
f 864 825 873
f 933 966 910
f 910 873 933
f 999 1034 966
f 966 933 999
f 1087 1098 1034
f 1034 999 1087
f 1182 1201 1098
f 1098 1087 1182
f 1283 1293 1201
f 1201 1182 1283
f 1495 1505 1293
f 1293 1283 1495
f 1826 1924 1505
f 1505 1495 1826
f 776 789 779
f 779 766 776
f 802 825 789
f 789 776 802
f 858 873 825
f 825 802 858
f 920 933 873
f 873 858 920
f 986 999 933
f 933 920 986
f 1080 1087 999
f 999 986 1080
f 1177 1182 1087
f 1087 1080 1177
f 1279 1283 1182
f 1182 1177 1279
f 1487 1495 1283
f 1283 1279 1487
f 1914 1826 1495
f 1495 1487 1914
f 1947 1941 1867
f 1867 1863 1947
f 1981 1967 1941
f 1941 1947 1981
f 2022 1987 1967
f 1967 1981 2022
f 2065 2011 1987
f 1987 2022 2065
f 2121 2035 2011
f 2011 2065 2121
f 2151 2059 2035
f 2035 2121 2151
f 2198 2083 2059
f 2059 2151 2198
f 2219 2103 2083
f 2083 2198 2219
f 2233 2117 2103
f 2103 2219 2233
f 2236 2125 2117
f 2117 2233 2236
f 1969 1947 1863
f 1863 1860 1969
f 2017 1981 1947
f 1947 1969 2017
f 2092 2022 1981
f 1981 2017 2092
f 2171 2065 2022
f 2022 2092 2171
f 2235 2121 2065
f 2065 2171 2235
f 2276 2151 2121
f 2121 2235 2276
f 2307 2198 2151
f 2151 2276 2307
f 2323 2219 2198
f 2198 2307 2323
f 2333 2233 2219
f 2219 2323 2333
f 2337 2236 2233
f 2233 2333 2337
f 1977 1969 1860
f 1860 1857 1977
f 2073 2017 1969
f 1969 1977 2073
f 2184 2092 2017
f 2017 2073 2184
f 2272 2171 2092
f 2092 2184 2272
f 2325 2235 2171
f 2171 2272 2325
f 2348 2276 2235
f 2235 2325 2348
f 2377 2307 2276
f 2276 2348 2377
f 2401 2323 2307
f 2307 2377 2401
f 2408 2333 2323
f 2323 2401 2408
f 2412 2337 2333
f 2333 2408 2412
f 1999 1977 1857
f 1857 1855 1999
f 2139 2073 1977
f 1977 1999 2139
f 2270 2184 2073
f 2073 2139 2270
f 2339 2272 2184
f 2184 2270 2339
f 2385 2325 2272
f 2272 2339 2385
f 2419 2348 2325
f 2325 2385 2419
f 2445 2377 2348
f 2348 2419 2445
f 2471 2401 2377
f 2377 2445 2471
f 2489 2408 2401
f 2401 2471 2489
f 2499 2412 2408
f 2408 2489 2499
f 2027 1999 1855
f 1855 1852 2027
f 2213 2139 1999
f 1999 2027 2213
f 2327 2270 2139
f 2139 2213 2327
f 2395 2339 2270
f 2270 2327 2395
f 2437 2385 2339
f 2339 2395 2437
f 2493 2419 2385
f 2385 2437 2493
f 2532 2445 2419
f 2419 2493 2532
f 2550 2471 2445
f 2445 2532 2550
f 2560 2489 2471
f 2471 2550 2560
f 2570 2499 2489
f 2489 2560 2570
f 2053 2027 1852
f 1852 1849 2053
f 2264 2213 2027
f 2027 2053 2264
f 2367 2327 2213
f 2213 2264 2367
f 2433 2395 2327
f 2327 2367 2433
f 2511 2437 2395
f 2395 2433 2511
f 2552 2493 2437
f 2437 2511 2552
f 2594 2532 2493
f 2493 2552 2594
f 2632 2550 2532
f 2532 2594 2632
f 2654 2560 2550
f 2550 2632 2654
f 2656 2570 2560
f 2560 2654 2656
f 2091 2053 1849
f 1849 1847 2091
f 2309 2264 2053
f 2053 2091 2309
f 2404 2367 2264
f 2264 2309 2404
f 2485 2433 2367
f 2367 2404 2485
f 2548 2511 2433
f 2433 2485 2548
f 2608 2552 2511
f 2511 2548 2608
f 2661 2594 2552
f 2552 2608 2661
f 2698 2632 2594
f 2594 2661 2698
f 2719 2654 2632
f 2632 2698 2719
f 2725 2656 2654
f 2654 2719 2725
f 2119 2091 1847
f 1847 1833 2119
f 2331 2309 2091
f 2091 2119 2331
f 2423 2404 2309
f 2309 2331 2423
f 2526 2485 2404
f 2404 2423 2526
f 2590 2548 2485
f 2485 2526 2590
f 2658 2608 2548
f 2548 2590 2658
f 2714 2661 2608
f 2608 2658 2714
f 2760 2698 2661
f 2661 2714 2760
f 2788 2719 2698
f 2698 2760 2788
f 2796 2725 2719
f 2719 2788 2796
f 2129 2119 1833
f 1833 1827 2129
f 2341 2331 2119
f 2119 2129 2341
f 2440 2423 2331
f 2331 2341 2440
f 2535 2526 2423
f 2423 2440 2535
f 2623 2590 2526
f 2526 2535 2623
f 2689 2658 2590
f 2590 2623 2689
f 2749 2714 2658
f 2658 2689 2749
f 2797 2760 2714
f 2714 2749 2797
f 2833 2788 2760
f 2760 2797 2833
f 2843 2796 2788
f 2788 2833 2843
f 2137 2129 1827
f 1827 1815 2137
f 2345 2341 2129
f 2129 2137 2345
f 2447 2440 2341
f 2341 2345 2447
f 2544 2535 2440
f 2440 2447 2544
f 2638 2623 2535
f 2535 2544 2638
f 2704 2689 2623
f 2623 2638 2704
f 2766 2749 2689
f 2689 2704 2766
f 2822 2797 2749
f 2749 2766 2822
f 2848 2833 2797
f 2797 2822 2848
f 2858 2843 2833
f 2833 2848 2858
f 1735 2334 2329
f 1735 2329 2321
f 1735 2321 2305
f 1735 2305 2274
f 1735 2274 2231
f 1735 2231 2167
f 1735 2167 2089
f 1735 2089 2014
f 1735 2014 1962
f 1735 1962 1733
f 2515 2329 2334
f 2334 2524 2515
f 2495 2321 2329
f 2329 2515 2495
f 2456 2305 2321
f 2321 2495 2456
f 2429 2274 2305
f 2305 2456 2429
f 2399 2231 2274
f 2274 2429 2399
f 2347 2167 2231
f 2231 2399 2347
f 2292 2089 2167
f 2167 2347 2292
f 2148 2014 2089
f 2089 2292 2148
f 2004 1962 2014
f 2014 2148 2004
f 1739 1733 1962
f 1962 2004 1739
f 2647 2515 2524
f 2524 2649 2647
f 2621 2495 2515
f 2515 2647 2621
f 2584 2456 2495
f 2495 2621 2584
f 2541 2429 2456
f 2456 2584 2541
f 2502 2399 2429
f 2429 2541 2502
f 2426 2347 2399
f 2399 2502 2426
f 2352 2292 2347
f 2347 2426 2352
f 2255 2148 2292
f 2292 2352 2255
f 2046 2004 2148
f 2148 2255 2046
f 1702 1739 2004
f 2004 2046 1702
f 2746 2647 2649
f 2649 2757 2746
f 2721 2621 2647
f 2647 2746 2721
f 2681 2584 2621
f 2621 2721 2681
f 2639 2541 2584
f 2584 2681 2639
f 2557 2502 2541
f 2541 2639 2557
f 2505 2426 2502
f 2502 2557 2505
f 2415 2352 2426
f 2426 2505 2415
f 2318 2255 2352
f 2352 2415 2318
f 2098 2046 2255
f 2255 2318 2098
f 1745 1702 2046
f 2046 2098 1745
f 2840 2746 2757
f 2757 2849 2840
f 2808 2721 2746
f 2746 2840 2808
f 2756 2681 2721
f 2721 2808 2756
f 2696 2639 2681
f 2681 2756 2696
f 2626 2557 2639
f 2639 2696 2626
f 2538 2505 2557
f 2557 2626 2538
f 2443 2415 2505
f 2505 2538 2443
f 2342 2318 2415
f 2415 2443 2342
f 2131 2098 2318
f 2318 2342 2131
f 1904 1745 2098
f 2098 2131 1904
f 2906 2840 2849
f 2849 2925 2906
f 2867 2808 2840
f 2840 2906 2867
f 2818 2756 2808
f 2808 2867 2818
f 2736 2696 2756
f 2756 2818 2736
f 2667 2626 2696
f 2696 2736 2667
f 2565 2538 2626
f 2626 2667 2565
f 2475 2443 2538
f 2538 2565 2475
f 2356 2342 2443
f 2443 2475 2356
f 2156 2131 2342
f 2342 2356 2156
f 1704 1904 2131
f 2131 2156 1704
f 2976 2906 2925
f 2925 2987 2976
f 2914 2867 2906
f 2906 2976 2914
f 2852 2818 2867
f 2867 2914 2852
f 2772 2736 2818
f 2818 2852 2772
f 2688 2667 2736
f 2736 2772 2688
f 2592 2565 2667
f 2667 2688 2592
f 2497 2475 2565
f 2565 2592 2497
f 2372 2356 2475
f 2475 2497 2372
f 2176 2156 2356
f 2356 2372 2176
f 1752 1704 2156
f 2156 2176 1752
f 2993 2976 2987
f 2987 3011 2993
f 2952 2914 2976
f 2976 2993 2952
f 2874 2852 2914
f 2914 2952 2874
f 2794 2772 2852
f 2852 2874 2794
f 2702 2688 2772
f 2772 2794 2702
f 2604 2592 2688
f 2688 2702 2604
f 2509 2497 2592
f 2592 2604 2509
f 2380 2372 2497
f 2497 2509 2380
f 2182 2176 2372
f 2372 2380 2182
f 1723 1752 2176
f 2176 2182 1723
f 3000 2993 3011
f 3011 3020 3000
f 2967 2952 2993
f 2993 3000 2967
f 2879 2874 2952
f 2952 2967 2879
f 2799 2794 2874
f 2874 2879 2799
f 2707 2702 2794
f 2794 2799 2707
f 2605 2604 2702
f 2702 2707 2605
f 2512 2509 2604
f 2604 2605 2512
f 2382 2380 2509
f 2509 2512 2382
f 2188 2182 2380
f 2380 2382 2188
f 1699 1723 2182
f 2182 2188 1699
f 3006 3000 3020
f 3020 3022 3006
f 2972 2967 3000
f 3000 3006 2972
f 2888 2879 2967
f 2967 2972 2888
f 2804 2799 2879
f 2879 2888 2804
f 2710 2707 2799
f 2799 2804 2710
f 2613 2605 2707
f 2707 2710 2613
f 2520 2512 2605
f 2605 2613 2520
f 2388 2382 2512
f 2512 2520 2388
f 2192 2188 2382
f 2382 2388 2192
f 1760 1699 2188
f 2188 2192 1760
f 1735 1737 1660
f 1735 1660 1608
f 1735 1608 1535
f 1735 1535 1457
f 1735 1457 1393
f 1735 1393 1350
f 1735 1350 1319
f 1735 1319 1303
f 1735 1303 1295
f 1735 1295 1288
f 1618 1660 1737
f 1737 1739 1618
f 1474 1608 1660
f 1660 1618 1474
f 1332 1535 1608
f 1608 1474 1332
f 1277 1457 1535
f 1535 1332 1277
f 1225 1393 1457
f 1457 1277 1225
f 1195 1350 1393
f 1393 1225 1195
f 1166 1319 1350
f 1350 1195 1166
f 1129 1303 1319
f 1319 1166 1129
f 1109 1295 1303
f 1303 1129 1109
f 1099 1288 1295
f 1295 1109 1099
f 1576 1618 1739
f 1739 1741 1576
f 1367 1474 1618
f 1618 1576 1367
f 1270 1332 1474
f 1474 1367 1270
f 1196 1277 1332
f 1332 1270 1196
f 1120 1225 1277
f 1277 1196 1120
f 1081 1195 1225
f 1225 1120 1081
f 1040 1166 1195
f 1195 1081 1040
f 1001 1129 1166
f 1166 1040 1001
f 975 1109 1129
f 1129 1001 975
f 973 1099 1109
f 1109 975 973
f 1524 1576 1741
f 1741 1744 1524
f 1304 1367 1576
f 1576 1524 1304
f 1209 1270 1367
f 1367 1304 1209
f 1119 1196 1270
f 1270 1209 1119
f 1065 1120 1196
f 1196 1119 1065
f 983 1081 1120
f 1120 1065 983
f 941 1040 1081
f 1081 983 941
f 901 1001 1040
f 1040 941 901
f 878 975 1001
f 1001 901 878
f 865 973 975
f 975 878 865
f 1493 1524 1744
f 1744 1747 1493
f 1280 1304 1524
f 1524 1493 1280
f 1181 1209 1304
f 1304 1280 1181
f 1086 1119 1209
f 1209 1181 1086
f 998 1065 1119
f 1119 1086 998
f 928 983 1065
f 1065 998 928
f 868 941 983
f 983 928 868
f 816 901 941
f 941 868 816
f 784 878 901
f 901 816 784
f 773 865 878
f 878 784 773
f 1466 1493 1747
f 1747 1749 1466
f 1266 1280 1493
f 1493 1466 1266
f 1149 1181 1280
f 1280 1266 1149
f 1057 1086 1181
f 1181 1149 1057
f 955 998 1086
f 1086 1057 955
f 888 928 998
f 998 955 888
f 806 868 928
f 928 888 806
f 755 816 868
f 868 806 755
f 718 784 816
f 816 755 718
f 697 773 784
f 784 718 697
f 1446 1466 1749
f 1749 1753 1446
f 1250 1266 1466
f 1466 1446 1250
f 1127 1149 1266
f 1266 1250 1127
f 1032 1057 1149
f 1149 1127 1032
f 936 955 1057
f 1057 1032 936
f 852 888 955
f 955 936 852
f 772 806 888
f 888 852 772
f 710 755 806
f 806 772 710
f 648 718 755
f 755 710 648
f 637 697 718
f 718 648 637
f 1440 1446 1753
f 1753 1755 1440
f 1242 1250 1446
f 1446 1440 1242
f 1115 1127 1250
f 1250 1242 1115
f 1020 1032 1127
f 1127 1115 1020
f 922 936 1032
f 1032 1020 922
f 830 852 936
f 936 922 830
f 750 772 852
f 852 830 750
f 672 710 772
f 772 750 672
f 631 648 710
f 710 672 631
f 613 637 648
f 648 631 613
f 1434 1440 1755
f 1755 1757 1434
f 1240 1242 1440
f 1440 1434 1240
f 1110 1115 1242
f 1242 1240 1110
f 1017 1020 1115
f 1115 1110 1017
f 915 922 1020
f 1020 1017 915
f 823 830 922
f 922 915 823
f 743 750 830
f 830 823 743
f 655 672 750
f 750 743 655
f 622 631 672
f 672 655 622
f 602 613 631
f 631 622 602
f 1428 1434 1757
f 1757 1760 1428
f 1232 1240 1434
f 1434 1428 1232
f 1105 1110 1240
f 1240 1232 1105
f 1010 1017 1110
f 1110 1105 1010
f 913 915 1017
f 1017 1010 913
f 821 823 915
f 915 913 821
f 736 743 823
f 823 821 736
f 652 655 743
f 743 736 652
f 619 622 655
f 655 652 619
f 601 602 622
f 622 619 601
f 1735 1289 1294
f 1735 1294 1302
f 1735 1302 1318
f 1735 1318 1349
f 1735 1349 1392
f 1735 1392 1456
f 1735 1456 1534
f 1735 1534 1609
f 1735 1609 1661
f 1735 1661 1889
f 1108 1294 1289
f 1289 1099 1108
f 1128 1302 1294
f 1294 1108 1128
f 1167 1318 1302
f 1302 1128 1167
f 1194 1349 1318
f 1318 1167 1194
f 1224 1392 1349
f 1349 1194 1224
f 1276 1456 1392
f 1392 1224 1276
f 1331 1534 1456
f 1456 1276 1331
f 1475 1609 1534
f 1534 1331 1475
f 1619 1661 1609
f 1609 1475 1619
f 1738 1889 1661
f 1661 1619 1738
f 976 1108 1099
f 1099 974 976
f 1002 1128 1108
f 1108 976 1002
f 1039 1167 1128
f 1128 1002 1039
f 1082 1194 1167
f 1167 1039 1082
f 1121 1224 1194
f 1194 1082 1121
f 1197 1276 1224
f 1224 1121 1197
f 1271 1331 1276
f 1276 1197 1271
f 1368 1475 1331
f 1331 1271 1368
f 1577 1619 1475
f 1475 1368 1577
f 1903 1738 1619
f 1619 1577 1903
f 877 976 974
f 974 866 877
f 902 1002 976
f 976 877 902
f 942 1039 1002
f 1002 902 942
f 984 1082 1039
f 1039 942 984
f 1066 1121 1082
f 1082 984 1066
f 1118 1197 1121
f 1121 1066 1118
f 1208 1271 1197
f 1197 1118 1208
f 1305 1368 1271
f 1271 1208 1305
f 1525 1577 1368
f 1368 1305 1525
f 1742 1903 1577
f 1577 1525 1742
f 783 877 866
f 866 774 783
f 815 902 877
f 877 783 815
f 867 942 902
f 902 815 867
f 927 984 942
f 942 867 927
f 997 1066 984
f 984 927 997
f 1085 1118 1066
f 1066 997 1085
f 1180 1208 1118
f 1118 1085 1180
f 1281 1305 1208
f 1208 1180 1281
f 1492 1525 1305
f 1305 1281 1492
f 1703 1742 1525
f 1525 1492 1703
f 717 783 774
f 774 698 717
f 756 815 783
f 783 717 756
f 805 867 815
f 815 756 805
f 887 927 867
f 867 805 887
f 956 997 927
f 927 887 956
f 1058 1085 997
f 997 956 1058
f 1148 1180 1085
f 1085 1058 1148
f 1267 1281 1180
f 1180 1148 1267
f 1467 1492 1281
f 1281 1267 1467
f 1905 1703 1492
f 1492 1467 1905
f 647 717 698
f 698 636 647
f 709 756 717
f 717 647 709
f 771 805 756
f 756 709 771
f 851 887 805
f 805 771 851
f 935 956 887
f 887 851 935
f 1031 1058 956
f 956 935 1031
f 1126 1148 1058
f 1058 1031 1126
f 1251 1267 1148
f 1148 1126 1251
f 1447 1467 1267
f 1267 1251 1447
f 1751 1905 1467
f 1467 1447 1751
f 630 647 636
f 636 612 630
f 671 709 647
f 647 630 671
f 749 771 709
f 709 671 749
f 829 851 771
f 771 749 829
f 921 935 851
f 851 829 921
f 1019 1031 935
f 935 921 1019
f 1114 1126 1031
f 1031 1019 1114
f 1243 1251 1126
f 1126 1114 1243
f 1441 1447 1251
f 1251 1243 1441
f 1896 1751 1447
f 1447 1441 1896
f 623 630 612
f 612 603 623
f 656 671 630
f 630 623 656
f 744 749 671
f 671 656 744
f 824 829 749
f 749 744 824
f 916 921 829
f 829 824 916
f 1018 1019 921
f 921 916 1018
f 1111 1114 1019
f 1019 1018 1111
f 1241 1243 1114
f 1114 1111 1241
f 1435 1441 1243
f 1243 1241 1435
f 1923 1896 1441
f 1441 1435 1923
f 617 623 603
f 603 601 617
f 650 656 623
f 623 617 650
f 734 744 656
f 656 650 734
f 818 824 744
f 744 734 818
f 912 916 824
f 824 818 912
f 1009 1018 916
f 916 912 1009
f 1102 1111 1018
f 1018 1009 1102
f 1235 1241 1111
f 1111 1102 1235
f 1431 1435 1241
f 1241 1235 1431
f 1759 1923 1435
f 1435 1431 1759
f 1735 1736 1963
f 1735 1963 2015
f 1735 2015 2088
f 1735 2088 2166
f 1735 2166 2230
f 1735 2230 2273
f 1735 2273 2304
f 1735 2304 2320
f 1735 2320 2328
f 1735 2328 2335
f 2005 1963 1736
f 1736 1738 2005
f 2149 2015 1963
f 1963 2005 2149
f 2291 2088 2015
f 2015 2149 2291
f 2346 2166 2088
f 2088 2291 2346
f 2398 2230 2166
f 2166 2346 2398
f 2428 2273 2230
f 2230 2398 2428
f 2457 2304 2273
f 2273 2428 2457
f 2494 2320 2304
f 2304 2457 2494
f 2514 2328 2320
f 2320 2494 2514
f 2524 2335 2328
f 2328 2514 2524
f 2047 2005 1738
f 1738 1740 2047
f 2256 2149 2005
f 2005 2047 2256
f 2353 2291 2149
f 2149 2256 2353
f 2427 2346 2291
f 2291 2353 2427
f 2503 2398 2346
f 2346 2427 2503
f 2542 2428 2398
f 2398 2503 2542
f 2583 2457 2428
f 2428 2542 2583
f 2622 2494 2457
f 2457 2583 2622
f 2648 2514 2494
f 2494 2622 2648
f 2650 2524 2514
f 2514 2648 2650
f 2099 2047 1740
f 1740 1743 2099
f 2319 2256 2047
f 2047 2099 2319
f 2414 2353 2256
f 2256 2319 2414
f 2504 2427 2353
f 2353 2414 2504
f 2558 2503 2427
f 2427 2504 2558
f 2640 2542 2503
f 2503 2558 2640
f 2682 2583 2542
f 2542 2640 2682
f 2722 2622 2583
f 2583 2682 2722
f 2745 2648 2622
f 2622 2722 2745
f 2758 2650 2648
f 2648 2745 2758
f 2130 2099 1743
f 1743 1746 2130
f 2343 2319 2099
f 2099 2130 2343
f 2442 2414 2319
f 2319 2343 2442
f 2537 2504 2414
f 2414 2442 2537
f 2625 2558 2504
f 2504 2537 2625
f 2695 2640 2558
f 2558 2625 2695
f 2755 2682 2640
f 2640 2695 2755
f 2807 2722 2682
f 2682 2755 2807
f 2839 2745 2722
f 2722 2807 2839
f 2850 2758 2745
f 2745 2839 2850
f 2157 2130 1746
f 1746 1748 2157
f 2357 2343 2130
f 2130 2157 2357
f 2474 2442 2343
f 2343 2357 2474
f 2566 2537 2442
f 2442 2474 2566
f 2668 2625 2537
f 2537 2566 2668
f 2735 2695 2625
f 2625 2668 2735
f 2817 2755 2695
f 2695 2735 2817
f 2868 2807 2755
f 2755 2817 2868
f 2905 2839 2807
f 2807 2868 2905
f 2926 2850 2839
f 2839 2905 2926
f 2177 2157 1748
f 1748 1750 2177
f 2373 2357 2157
f 2157 2177 2373
f 2496 2474 2357
f 2357 2373 2496
f 2591 2566 2474
f 2474 2496 2591
f 2687 2668 2566
f 2566 2591 2687
f 2771 2735 2668
f 2668 2687 2771
f 2851 2817 2735
f 2735 2771 2851
f 2913 2868 2817
f 2817 2851 2913
f 2975 2905 2868
f 2868 2913 2975
f 2986 2926 2905
f 2905 2975 2986
f 2183 2177 1750
f 1750 1754 2183
f 2381 2373 2177
f 2177 2183 2381
f 2508 2496 2373
f 2373 2381 2508
f 2603 2591 2496
f 2496 2508 2603
f 2701 2687 2591
f 2591 2603 2701
f 2793 2771 2687
f 2687 2701 2793
f 2873 2851 2771
f 2771 2793 2873
f 2951 2913 2851
f 2851 2873 2951
f 2992 2975 2913
f 2913 2951 2992
f 3010 2986 2975
f 2975 2992 3010
f 2189 2183 1754
f 1754 1756 2189
f 2383 2381 2183
f 2183 2189 2383
f 2513 2508 2381
f 2381 2383 2513
f 2606 2603 2508
f 2508 2513 2606
f 2708 2701 2603
f 2603 2606 2708
f 2800 2793 2701
f 2701 2708 2800
f 2880 2873 2793
f 2793 2800 2880
f 2968 2951 2873
f 2873 2880 2968
f 3001 2992 2951
f 2951 2968 3001
f 3021 3010 2992
f 2992 3001 3021
f 2195 2189 1756
f 1756 1759 2195
f 2390 2383 2189
f 2189 2195 2390
f 2517 2513 2383
f 2383 2390 2517
f 2612 2606 2513
f 2513 2517 2612
f 2709 2708 2606
f 2606 2612 2709
f 2801 2800 2708
f 2708 2709 2801
f 2886 2880 2800
f 2800 2801 2886
f 2970 2968 2880
f 2880 2886 2970
f 3004 3001 2968
f 2968 2970 3004
f 3022 3021 3001
f 3001 3004 3022
